2025-11-24 00:00:05.553  INFO 10796 --- [SpringApplicationShutdownHook] j.LocalContainerEntityManagerFactoryBean : Closing JPA EntityManagerFactory for persistence unit 'default'
2025-11-24 00:00:05.569  INFO 10796 --- [SpringApplicationShutdownHook] com.zaxxer.hikari.HikariDataSource       : HikariPool-1 - Shutdown initiated...
2025-11-24 00:00:05.574  INFO 10796 --- [SpringApplicationShutdownHook] com.zaxxer.hikari.HikariDataSource       : HikariPool-1 - Shutdown completed.
2025-11-24 00:44:56.174  INFO 18612 --- [main] c.d.l.LearnBuddyBackendApplicationTests  : Starting LearnBuddyBackendApplicationTests using Java 21.0.7 on LAPTOP-2IOG7FMP with PID 18612 (started by jasmine in D:\001_ZJNUThird\ai-learning-partner\ai-learning-partner\learn-buddy-backend)
2025-11-24 00:44:56.175 DEBUG 18612 --- [main] c.d.l.LearnBuddyBackendApplicationTests  : Running with Spring Boot v2.7.18, Spring v5.3.31
2025-11-24 00:44:56.175  INFO 18612 --- [main] c.d.l.LearnBuddyBackendApplicationTests  : No active profile set, falling back to 1 default profile: "default"
2025-11-24 00:44:56.678  INFO 18612 --- [main] .s.d.r.c.RepositoryConfigurationDelegate : Bootstrapping Spring Data JPA repositories in DEFAULT mode.
2025-11-24 00:44:56.733  INFO 18612 --- [main] .s.d.r.c.RepositoryConfigurationDelegate : Finished Spring Data repository scanning in 50 ms. Found 9 JPA repository interfaces.
2025-11-24 00:44:57.188  INFO 18612 --- [main] o.hibernate.jpa.internal.util.LogHelper  : HHH000204: Processing PersistenceUnitInfo [name: default]
2025-11-24 00:44:57.232  INFO 18612 --- [main] org.hibernate.Version                    : HHH000412: Hibernate ORM core version 5.6.15.Final
2025-11-24 00:44:57.366  INFO 18612 --- [main] o.hibernate.annotations.common.Version   : HCANN000001: Hibernate Commons Annotations {5.1.2.Final}
2025-11-24 00:44:57.483  INFO 18612 --- [main] com.zaxxer.hikari.HikariDataSource       : HikariPool-1 - Starting...
2025-11-24 00:44:57.674  INFO 18612 --- [main] com.zaxxer.hikari.HikariDataSource       : HikariPool-1 - Start completed.
2025-11-24 00:44:57.686  INFO 18612 --- [main] org.hibernate.dialect.Dialect            : HHH000400: Using dialect: org.hibernate.dialect.MySQL8Dialect
2025-11-24 00:44:58.604  INFO 18612 --- [main] o.h.e.t.j.p.i.JtaPlatformInitiator       : HHH000490: Using JtaPlatform implementation: [org.hibernate.engine.transaction.jta.platform.internal.NoJtaPlatform]
2025-11-24 00:44:58.610  INFO 18612 --- [main] j.LocalContainerEntityManagerFactoryBean : Initialized JPA EntityManagerFactory for persistence unit 'default'
2025-11-24 00:44:59.533  WARN 18612 --- [main] JpaBaseConfiguration$JpaWebConfiguration : spring.jpa.open-in-view is enabled by default. Therefore, database queries may be performed during view rendering. Explicitly configure spring.jpa.open-in-view to disable this warning
2025-11-24 00:45:00.066  INFO 18612 --- [main] c.d.l.LearnBuddyBackendApplicationTests  : Started LearnBuddyBackendApplicationTests in 4.102 seconds (JVM running for 4.768)
2025-11-24 00:45:00.150  INFO 18612 --- [SpringApplicationShutdownHook] j.LocalContainerEntityManagerFactoryBean : Closing JPA EntityManagerFactory for persistence unit 'default'
2025-11-24 00:45:00.155  INFO 18612 --- [SpringApplicationShutdownHook] com.zaxxer.hikari.HikariDataSource       : HikariPool-1 - Shutdown initiated...
2025-11-24 00:45:00.165  INFO 18612 --- [SpringApplicationShutdownHook] com.zaxxer.hikari.HikariDataSource       : HikariPool-1 - Shutdown completed.
2025-11-24 00:53:51.518  INFO 36828 --- [main] c.d.l.LearnBuddyBackendApplication       : Starting LearnBuddyBackendApplication using Java 21.0.7 on LAPTOP-2IOG7FMP with PID 36828 (D:\001_ZJNUThird\ai-learning-partner\ai-learning-partner\learn-buddy-backend\target\classes started by jasmine in D:\001_ZJNUThird\ai-learning-partner\ai-learning-partner\learn-buddy-backend)
2025-11-24 00:53:51.520 DEBUG 36828 --- [main] c.d.l.LearnBuddyBackendApplication       : Running with Spring Boot v2.7.18, Spring v5.3.31
2025-11-24 00:53:51.521  INFO 36828 --- [main] c.d.l.LearnBuddyBackendApplication       : No active profile set, falling back to 1 default profile: "default"
2025-11-24 00:53:51.933  INFO 36828 --- [main] .s.d.r.c.RepositoryConfigurationDelegate : Bootstrapping Spring Data JPA repositories in DEFAULT mode.
2025-11-24 00:53:51.977  INFO 36828 --- [main] .s.d.r.c.RepositoryConfigurationDelegate : Finished Spring Data repository scanning in 38 ms. Found 9 JPA repository interfaces.
2025-11-24 00:53:52.320  INFO 36828 --- [main] o.s.b.w.embedded.tomcat.TomcatWebServer  : Tomcat initialized with port(s): 8080 (http)
2025-11-24 00:53:52.321  INFO 36828 --- [main] o.a.catalina.core.AprLifecycleListener   : Loaded Apache Tomcat Native library [2.0.8] using APR version [1.7.4].
2025-11-24 00:53:52.321  INFO 36828 --- [main] o.a.catalina.core.AprLifecycleListener   : APR capabilities: IPv6 [true], sendfile [true], accept filters [false], random [true], UDS [true].
2025-11-24 00:53:52.321  INFO 36828 --- [main] o.a.catalina.core.AprLifecycleListener   : APR/OpenSSL configuration: useAprConnector [false], useOpenSSL [true]
2025-11-24 00:53:52.335  INFO 36828 --- [main] o.a.catalina.core.AprLifecycleListener   : OpenSSL successfully initialized [OpenSSL 3.0.14 4 Jun 2024]
2025-11-24 00:53:52.342  INFO 36828 --- [main] o.apache.catalina.core.StandardService   : Starting service [Tomcat]
2025-11-24 00:53:52.343  INFO 36828 --- [main] org.apache.catalina.core.StandardEngine  : Starting Servlet engine: [Apache Tomcat/9.0.83]
2025-11-24 00:53:52.437  INFO 36828 --- [main] o.a.c.c.C.[Tomcat].[localhost].[/]       : Initializing Spring embedded WebApplicationContext
2025-11-24 00:53:52.438  INFO 36828 --- [main] w.s.c.ServletWebServerApplicationContext : Root WebApplicationContext: initialization completed in 883 ms
2025-11-24 00:53:52.547  INFO 36828 --- [main] o.hibernate.jpa.internal.util.LogHelper  : HHH000204: Processing PersistenceUnitInfo [name: default]
2025-11-24 00:53:52.589  INFO 36828 --- [main] org.hibernate.Version                    : HHH000412: Hibernate ORM core version 5.6.15.Final
2025-11-24 00:53:52.716  INFO 36828 --- [main] o.hibernate.annotations.common.Version   : HCANN000001: Hibernate Commons Annotations {5.1.2.Final}
2025-11-24 00:53:52.794  INFO 36828 --- [main] com.zaxxer.hikari.HikariDataSource       : HikariPool-1 - Starting...
2025-11-24 00:53:52.928  INFO 36828 --- [main] com.zaxxer.hikari.HikariDataSource       : HikariPool-1 - Start completed.
2025-11-24 00:53:52.942  INFO 36828 --- [main] org.hibernate.dialect.Dialect            : HHH000400: Using dialect: org.hibernate.dialect.MySQL8Dialect
2025-11-24 00:53:53.377  INFO 36828 --- [main] o.h.e.t.j.p.i.JtaPlatformInitiator       : HHH000490: Using JtaPlatform implementation: [org.hibernate.engine.transaction.jta.platform.internal.NoJtaPlatform]
2025-11-24 00:53:53.382  INFO 36828 --- [main] j.LocalContainerEntityManagerFactoryBean : Initialized JPA EntityManagerFactory for persistence unit 'default'
2025-11-24 00:53:53.801  WARN 36828 --- [main] JpaBaseConfiguration$JpaWebConfiguration : spring.jpa.open-in-view is enabled by default. Therefore, database queries may be performed during view rendering. Explicitly configure spring.jpa.open-in-view to disable this warning
2025-11-24 00:53:54.005  INFO 36828 --- [main] o.s.b.w.embedded.tomcat.TomcatWebServer  : Tomcat started on port(s): 8080 (http) with context path ''
2025-11-24 00:53:54.010  INFO 36828 --- [main] c.d.l.LearnBuddyBackendApplication       : Started LearnBuddyBackendApplication in 2.755 seconds (JVM running for 3.103)
2025-11-24 00:56:47.208  INFO 36828 --- [http-nio-8080-exec-1] o.a.c.c.C.[Tomcat].[localhost].[/]       : Initializing Spring DispatcherServlet 'dispatcherServlet'
2025-11-24 00:56:47.208  INFO 36828 --- [http-nio-8080-exec-1] o.s.web.servlet.DispatcherServlet        : Initializing Servlet 'dispatcherServlet'
2025-11-24 00:56:47.211  INFO 36828 --- [http-nio-8080-exec-1] o.s.web.servlet.DispatcherServlet        : Completed initialization in 2 ms
2025-11-24 00:56:48.791  INFO 36828 --- [http-nio-8080-exec-2] c.d.learnbuddy.service.CourseService     : Successfully scraped 0 courses from icourse163
2025-11-24 00:56:55.591  INFO 36828 --- [http-nio-8080-exec-8] c.d.learnbuddy.service.CourseService     : Successfully scraped 0 courses from icourse163
2025-11-24 00:56:59.845  INFO 36828 --- [http-nio-8080-exec-3] c.d.learnbuddy.service.CourseService     : Successfully scraped 0 courses from icourse163
2025-11-24 00:57:01.624  INFO 36828 --- [http-nio-8080-exec-5] c.d.learnbuddy.service.CourseService     : Successfully scraped 0 courses from icourse163
2025-11-24 01:01:47.211  INFO 36828 --- [SpringApplicationShutdownHook] j.LocalContainerEntityManagerFactoryBean : Closing JPA EntityManagerFactory for persistence unit 'default'
2025-11-24 01:01:47.213  INFO 36828 --- [SpringApplicationShutdownHook] com.zaxxer.hikari.HikariDataSource       : HikariPool-1 - Shutdown initiated...
2025-11-24 01:01:47.221  INFO 36828 --- [SpringApplicationShutdownHook] com.zaxxer.hikari.HikariDataSource       : HikariPool-1 - Shutdown completed.
2025-11-24 01:09:59.297  INFO 35852 --- [main] c.d.l.LearnBuddyBackendApplication       : Starting LearnBuddyBackendApplication using Java 21.0.7 on LAPTOP-2IOG7FMP with PID 35852 (D:\001_ZJNUThird\ai-learning-partner\ai-learning-partner\learn-buddy-backend\target\classes started by jasmine in D:\001_ZJNUThird\ai-learning-partner\ai-learning-partner\learn-buddy-backend)
2025-11-24 01:09:59.298 DEBUG 35852 --- [main] c.d.l.LearnBuddyBackendApplication       : Running with Spring Boot v2.7.18, Spring v5.3.31
2025-11-24 01:09:59.299  INFO 35852 --- [main] c.d.l.LearnBuddyBackendApplication       : No active profile set, falling back to 1 default profile: "default"
2025-11-24 01:09:59.628  INFO 35852 --- [main] .s.d.r.c.RepositoryConfigurationDelegate : Bootstrapping Spring Data JPA repositories in DEFAULT mode.
2025-11-24 01:09:59.664  INFO 35852 --- [main] .s.d.r.c.RepositoryConfigurationDelegate : Finished Spring Data repository scanning in 32 ms. Found 9 JPA repository interfaces.
2025-11-24 01:09:59.968  INFO 35852 --- [main] o.s.b.w.embedded.tomcat.TomcatWebServer  : Tomcat initialized with port(s): 8080 (http)
2025-11-24 01:09:59.968  INFO 35852 --- [main] o.a.catalina.core.AprLifecycleListener   : Loaded Apache Tomcat Native library [2.0.8] using APR version [1.7.4].
2025-11-24 01:09:59.968  INFO 35852 --- [main] o.a.catalina.core.AprLifecycleListener   : APR capabilities: IPv6 [true], sendfile [true], accept filters [false], random [true], UDS [true].
2025-11-24 01:09:59.968  INFO 35852 --- [main] o.a.catalina.core.AprLifecycleListener   : APR/OpenSSL configuration: useAprConnector [false], useOpenSSL [true]
2025-11-24 01:09:59.973  INFO 35852 --- [main] o.a.catalina.core.AprLifecycleListener   : OpenSSL successfully initialized [OpenSSL 3.0.14 4 Jun 2024]
2025-11-24 01:09:59.978  INFO 35852 --- [main] o.apache.catalina.core.StandardService   : Starting service [Tomcat]
2025-11-24 01:09:59.978  INFO 35852 --- [main] org.apache.catalina.core.StandardEngine  : Starting Servlet engine: [Apache Tomcat/9.0.83]
2025-11-24 01:10:00.056  INFO 35852 --- [main] o.a.c.c.C.[Tomcat].[localhost].[/]       : Initializing Spring embedded WebApplicationContext
2025-11-24 01:10:00.056  INFO 35852 --- [main] w.s.c.ServletWebServerApplicationContext : Root WebApplicationContext: initialization completed in 731 ms
2025-11-24 01:10:00.140  INFO 35852 --- [main] o.hibernate.jpa.internal.util.LogHelper  : HHH000204: Processing PersistenceUnitInfo [name: default]
2025-11-24 01:10:00.171  INFO 35852 --- [main] org.hibernate.Version                    : HHH000412: Hibernate ORM core version 5.6.15.Final
2025-11-24 01:10:00.264  INFO 35852 --- [main] o.hibernate.annotations.common.Version   : HCANN000001: Hibernate Commons Annotations {5.1.2.Final}
2025-11-24 01:10:00.310  INFO 35852 --- [main] com.zaxxer.hikari.HikariDataSource       : HikariPool-1 - Starting...
2025-11-24 01:10:00.413  INFO 35852 --- [main] com.zaxxer.hikari.HikariDataSource       : HikariPool-1 - Start completed.
2025-11-24 01:10:00.431  INFO 35852 --- [main] org.hibernate.dialect.Dialect            : HHH000400: Using dialect: org.hibernate.dialect.MySQL8Dialect
2025-11-24 01:10:00.898  INFO 35852 --- [main] o.h.e.t.j.p.i.JtaPlatformInitiator       : HHH000490: Using JtaPlatform implementation: [org.hibernate.engine.transaction.jta.platform.internal.NoJtaPlatform]
2025-11-24 01:10:00.903  INFO 35852 --- [main] j.LocalContainerEntityManagerFactoryBean : Initialized JPA EntityManagerFactory for persistence unit 'default'
2025-11-24 01:10:01.283  WARN 35852 --- [main] JpaBaseConfiguration$JpaWebConfiguration : spring.jpa.open-in-view is enabled by default. Therefore, database queries may be performed during view rendering. Explicitly configure spring.jpa.open-in-view to disable this warning
2025-11-24 01:10:01.477  INFO 35852 --- [main] o.s.b.w.embedded.tomcat.TomcatWebServer  : Tomcat started on port(s): 8080 (http) with context path ''
2025-11-24 01:10:01.481  INFO 35852 --- [main] c.d.l.LearnBuddyBackendApplication       : Started LearnBuddyBackendApplication in 2.396 seconds (JVM running for 2.668)
2025-11-24 01:17:37.120  INFO 35852 --- [http-nio-8080-exec-2] o.a.c.c.C.[Tomcat].[localhost].[/]       : Initializing Spring DispatcherServlet 'dispatcherServlet'
2025-11-24 01:17:37.121  INFO 35852 --- [http-nio-8080-exec-2] o.s.web.servlet.DispatcherServlet        : Initializing Servlet 'dispatcherServlet'
2025-11-24 01:17:37.122  INFO 35852 --- [http-nio-8080-exec-2] o.s.web.servlet.DispatcherServlet        : Completed initialization in 1 ms
2025-11-24 01:17:37.155  INFO 35852 --- [http-nio-8080-exec-2] c.d.learnbuddy.service.CourseService     : Starting to scrape courses from: https://www.icourse163.org/channel/3002.htm
2025-11-24 01:17:38.313  INFO 35852 --- [http-nio-8080-exec-2] c.d.learnbuddy.service.CourseService     : Successfully connected to the website
2025-11-24 01:17:38.320  INFO 35852 --- [http-nio-8080-exec-2] c.d.learnbuddy.service.CourseService     : Page title: 计算机_中国大学MOOC(慕课)
2025-11-24 01:17:38.326  INFO 35852 --- [http-nio-8080-exec-2] c.d.learnbuddy.service.CourseService     : No courses found with selector 'div._2mbVw', trying alternatives...
2025-11-24 01:17:38.330  INFO 35852 --- [http-nio-8080-exec-2] c.d.learnbuddy.service.CourseService     : Found 0 elements with 'div[class*="course"]'
2025-11-24 01:17:38.332  INFO 35852 --- [http-nio-8080-exec-2] c.d.learnbuddy.service.CourseService     : Found 0 elements with '.course-card, .course-item, .m-course'
2025-11-24 01:17:38.333  INFO 35852 --- [http-nio-8080-exec-2] c.d.learnbuddy.service.CourseService     : Found 18 total div elements with classes
2025-11-24 01:17:38.334  INFO 35852 --- [http-nio-8080-exec-2] c.d.learnbuddy.service.CourseService     : Div 0 class: f-dn ga-click
2025-11-24 01:17:38.335  INFO 35852 --- [http-nio-8080-exec-2] c.d.learnbuddy.service.CourseService     : Div 1 class: j-reactInjectAiMoocEntry
2025-11-24 01:17:38.335  INFO 35852 --- [http-nio-8080-exec-2] c.d.learnbuddy.service.CourseService     : Div 2 class: j-activityRightBanner ga-click
2025-11-24 01:17:38.336  INFO 35852 --- [http-nio-8080-exec-2] c.d.learnbuddy.service.CourseService     : Div 3 class: g-wrap m-foot f-pr
2025-11-24 01:17:38.336  INFO 35852 --- [http-nio-8080-exec-2] c.d.learnbuddy.service.CourseService     : Div 4 class: g-flow f-cb
2025-11-24 01:17:38.369  INFO 35852 --- [http-nio-8080-exec-2] c.d.learnbuddy.service.CourseService     : Successfully scraped 0 courses from icourse163
2025-11-24 01:17:43.024  INFO 35852 --- [http-nio-8080-exec-1] c.d.learnbuddy.service.CourseService     : Starting to scrape courses from: https://www.icourse163.org/channel/3002.htm
2025-11-24 01:17:43.144  INFO 35852 --- [http-nio-8080-exec-1] c.d.learnbuddy.service.CourseService     : Successfully connected to the website
2025-11-24 01:17:43.144  INFO 35852 --- [http-nio-8080-exec-1] c.d.learnbuddy.service.CourseService     : Page title: 计算机_中国大学MOOC(慕课)
2025-11-24 01:17:43.145  INFO 35852 --- [http-nio-8080-exec-1] c.d.learnbuddy.service.CourseService     : No courses found with selector 'div._2mbVw', trying alternatives...
2025-11-24 01:17:43.145  INFO 35852 --- [http-nio-8080-exec-1] c.d.learnbuddy.service.CourseService     : Found 0 elements with 'div[class*="course"]'
2025-11-24 01:17:43.146  INFO 35852 --- [http-nio-8080-exec-1] c.d.learnbuddy.service.CourseService     : Found 0 elements with '.course-card, .course-item, .m-course'
2025-11-24 01:17:43.148  INFO 35852 --- [http-nio-8080-exec-1] c.d.learnbuddy.service.CourseService     : Found 18 total div elements with classes
2025-11-24 01:17:43.148  INFO 35852 --- [http-nio-8080-exec-1] c.d.learnbuddy.service.CourseService     : Div 0 class: f-dn ga-click
2025-11-24 01:17:43.149  INFO 35852 --- [http-nio-8080-exec-1] c.d.learnbuddy.service.CourseService     : Div 1 class: j-reactInjectAiMoocEntry
2025-11-24 01:17:43.149  INFO 35852 --- [http-nio-8080-exec-1] c.d.learnbuddy.service.CourseService     : Div 2 class: j-activityRightBanner ga-click
2025-11-24 01:17:43.149  INFO 35852 --- [http-nio-8080-exec-1] c.d.learnbuddy.service.CourseService     : Div 3 class: g-wrap m-foot f-pr
2025-11-24 01:17:43.150  INFO 35852 --- [http-nio-8080-exec-1] c.d.learnbuddy.service.CourseService     : Div 4 class: g-flow f-cb
2025-11-24 01:17:43.157  INFO 35852 --- [http-nio-8080-exec-1] c.d.learnbuddy.service.CourseService     : Successfully scraped 0 courses from icourse163
2025-11-24 01:17:45.669  INFO 35852 --- [http-nio-8080-exec-6] c.d.learnbuddy.service.CourseService     : Starting to scrape courses from: https://www.icourse163.org/channel/3002.htm
2025-11-24 01:17:45.834  INFO 35852 --- [http-nio-8080-exec-6] c.d.learnbuddy.service.CourseService     : Successfully connected to the website
2025-11-24 01:17:45.836  INFO 35852 --- [http-nio-8080-exec-6] c.d.learnbuddy.service.CourseService     : Page title: 计算机_中国大学MOOC(慕课)
2025-11-24 01:17:45.838  INFO 35852 --- [http-nio-8080-exec-6] c.d.learnbuddy.service.CourseService     : No courses found with selector 'div._2mbVw', trying alternatives...
2025-11-24 01:17:45.840  INFO 35852 --- [http-nio-8080-exec-6] c.d.learnbuddy.service.CourseService     : Found 0 elements with 'div[class*="course"]'
2025-11-24 01:17:45.841  INFO 35852 --- [http-nio-8080-exec-6] c.d.learnbuddy.service.CourseService     : Found 0 elements with '.course-card, .course-item, .m-course'
2025-11-24 01:17:45.843  INFO 35852 --- [http-nio-8080-exec-6] c.d.learnbuddy.service.CourseService     : Found 18 total div elements with classes
2025-11-24 01:17:45.844  INFO 35852 --- [http-nio-8080-exec-6] c.d.learnbuddy.service.CourseService     : Div 0 class: f-dn ga-click
2025-11-24 01:17:45.847  INFO 35852 --- [http-nio-8080-exec-6] c.d.learnbuddy.service.CourseService     : Div 1 class: j-reactInjectAiMoocEntry
2025-11-24 01:17:45.848  INFO 35852 --- [http-nio-8080-exec-6] c.d.learnbuddy.service.CourseService     : Div 2 class: j-activityRightBanner ga-click
2025-11-24 01:17:45.852  INFO 35852 --- [http-nio-8080-exec-6] c.d.learnbuddy.service.CourseService     : Div 3 class: g-wrap m-foot f-pr
2025-11-24 01:17:45.853  INFO 35852 --- [http-nio-8080-exec-6] c.d.learnbuddy.service.CourseService     : Div 4 class: g-flow f-cb
2025-11-24 01:17:45.859  INFO 35852 --- [http-nio-8080-exec-6] c.d.learnbuddy.service.CourseService     : Successfully scraped 0 courses from icourse163
2025-11-24 01:24:49.902  INFO 35852 --- [SpringApplicationShutdownHook] j.LocalContainerEntityManagerFactoryBean : Closing JPA EntityManagerFactory for persistence unit 'default'
2025-11-24 01:24:49.904  INFO 35852 --- [SpringApplicationShutdownHook] com.zaxxer.hikari.HikariDataSource       : HikariPool-1 - Shutdown initiated...
2025-11-24 01:24:49.909  INFO 35852 --- [SpringApplicationShutdownHook] com.zaxxer.hikari.HikariDataSource       : HikariPool-1 - Shutdown completed.
2025-11-24 01:25:01.127  INFO 15240 --- [main] c.d.l.LearnBuddyBackendApplication       : Starting LearnBuddyBackendApplication using Java 21.0.7 on LAPTOP-2IOG7FMP with PID 15240 (D:\001_ZJNUThird\ai-learning-partner\ai-learning-partner\learn-buddy-backend\target\classes started by jasmine in D:\001_ZJNUThird\ai-learning-partner\ai-learning-partner\learn-buddy-backend)
2025-11-24 01:25:01.129 DEBUG 15240 --- [main] c.d.l.LearnBuddyBackendApplication       : Running with Spring Boot v2.7.18, Spring v5.3.31
2025-11-24 01:25:01.129  INFO 15240 --- [main] c.d.l.LearnBuddyBackendApplication       : No active profile set, falling back to 1 default profile: "default"
2025-11-24 01:25:01.573  INFO 15240 --- [main] .s.d.r.c.RepositoryConfigurationDelegate : Bootstrapping Spring Data JPA repositories in DEFAULT mode.
2025-11-24 01:25:01.613  INFO 15240 --- [main] .s.d.r.c.RepositoryConfigurationDelegate : Finished Spring Data repository scanning in 36 ms. Found 9 JPA repository interfaces.
2025-11-24 01:25:01.920  INFO 15240 --- [main] o.s.b.w.embedded.tomcat.TomcatWebServer  : Tomcat initialized with port(s): 8080 (http)
2025-11-24 01:25:01.922  INFO 15240 --- [main] o.a.catalina.core.AprLifecycleListener   : Loaded Apache Tomcat Native library [2.0.8] using APR version [1.7.4].
2025-11-24 01:25:01.922  INFO 15240 --- [main] o.a.catalina.core.AprLifecycleListener   : APR capabilities: IPv6 [true], sendfile [true], accept filters [false], random [true], UDS [true].
2025-11-24 01:25:01.922  INFO 15240 --- [main] o.a.catalina.core.AprLifecycleListener   : APR/OpenSSL configuration: useAprConnector [false], useOpenSSL [true]
2025-11-24 01:25:01.926  INFO 15240 --- [main] o.a.catalina.core.AprLifecycleListener   : OpenSSL successfully initialized [OpenSSL 3.0.14 4 Jun 2024]
2025-11-24 01:25:01.932  INFO 15240 --- [main] o.apache.catalina.core.StandardService   : Starting service [Tomcat]
2025-11-24 01:25:01.932  INFO 15240 --- [main] org.apache.catalina.core.StandardEngine  : Starting Servlet engine: [Apache Tomcat/9.0.83]
2025-11-24 01:25:02.011  INFO 15240 --- [main] o.a.c.c.C.[Tomcat].[localhost].[/]       : Initializing Spring embedded WebApplicationContext
2025-11-24 01:25:02.011  INFO 15240 --- [main] w.s.c.ServletWebServerApplicationContext : Root WebApplicationContext: initialization completed in 852 ms
2025-11-24 01:25:02.102  INFO 15240 --- [main] o.hibernate.jpa.internal.util.LogHelper  : HHH000204: Processing PersistenceUnitInfo [name: default]
2025-11-24 01:25:02.132  INFO 15240 --- [main] org.hibernate.Version                    : HHH000412: Hibernate ORM core version 5.6.15.Final
2025-11-24 01:25:02.232  INFO 15240 --- [main] o.hibernate.annotations.common.Version   : HCANN000001: Hibernate Commons Annotations {5.1.2.Final}
2025-11-24 01:25:02.282  INFO 15240 --- [main] com.zaxxer.hikari.HikariDataSource       : HikariPool-1 - Starting...
2025-11-24 01:25:02.383  INFO 15240 --- [main] com.zaxxer.hikari.HikariDataSource       : HikariPool-1 - Start completed.
2025-11-24 01:25:02.397  INFO 15240 --- [main] org.hibernate.dialect.Dialect            : HHH000400: Using dialect: org.hibernate.dialect.MySQL8Dialect
2025-11-24 01:25:02.820  INFO 15240 --- [main] o.h.e.t.j.p.i.JtaPlatformInitiator       : HHH000490: Using JtaPlatform implementation: [org.hibernate.engine.transaction.jta.platform.internal.NoJtaPlatform]
2025-11-24 01:25:02.826  INFO 15240 --- [main] j.LocalContainerEntityManagerFactoryBean : Initialized JPA EntityManagerFactory for persistence unit 'default'
2025-11-24 01:25:03.348  WARN 15240 --- [main] JpaBaseConfiguration$JpaWebConfiguration : spring.jpa.open-in-view is enabled by default. Therefore, database queries may be performed during view rendering. Explicitly configure spring.jpa.open-in-view to disable this warning
2025-11-24 01:25:03.572  INFO 15240 --- [main] o.s.b.w.embedded.tomcat.TomcatWebServer  : Tomcat started on port(s): 8080 (http) with context path ''
2025-11-24 01:25:03.576  INFO 15240 --- [main] c.d.l.LearnBuddyBackendApplication       : Started LearnBuddyBackendApplication in 2.661 seconds (JVM running for 2.905)
2025-11-24 01:25:20.217  INFO 15240 --- [http-nio-8080-exec-2] o.a.c.c.C.[Tomcat].[localhost].[/]       : Initializing Spring DispatcherServlet 'dispatcherServlet'
2025-11-24 01:25:20.219  INFO 15240 --- [http-nio-8080-exec-2] o.s.web.servlet.DispatcherServlet        : Initializing Servlet 'dispatcherServlet'
2025-11-24 01:25:20.226  INFO 15240 --- [http-nio-8080-exec-2] o.s.web.servlet.DispatcherServlet        : Completed initialization in 5 ms
2025-11-24 01:25:20.281  INFO 15240 --- [http-nio-8080-exec-2] c.d.learnbuddy.service.CourseService     : Starting to scrape courses from: https://www.icourse163.org/channel/3002.htm
2025-11-24 01:25:21.146  INFO 15240 --- [http-nio-8080-exec-2] c.d.learnbuddy.service.CourseService     : Successfully connected to the website
2025-11-24 01:25:21.148  INFO 15240 --- [http-nio-8080-exec-2] c.d.learnbuddy.service.CourseService     : Page title: 计算机_中国大学MOOC(慕课)
2025-11-24 01:25:21.153  INFO 15240 --- [http-nio-8080-exec-2] c.d.learnbuddy.service.CourseService     : No courses found with main selectors, trying alternative approaches...
2025-11-24 01:25:21.155  INFO 15240 --- [http-nio-8080-exec-2] c.d.learnbuddy.service.CourseService     : Found 0 potential course cards
2025-11-24 01:25:21.159 DEBUG 15240 --- [http-nio-8080-exec-2] c.d.learnbuddy.service.CourseService     : Found potential course data in script tag
2025-11-24 01:25:21.160 DEBUG 15240 --- [http-nio-8080-exec-2] c.d.learnbuddy.service.CourseService     : Found potential course data in script tag
2025-11-24 01:25:21.160 DEBUG 15240 --- [http-nio-8080-exec-2] c.d.learnbuddy.service.CourseService     : Found potential course data in script tag
2025-11-24 01:25:21.160 DEBUG 15240 --- [http-nio-8080-exec-2] c.d.learnbuddy.service.CourseService     : Found potential course data in script tag
2025-11-24 01:25:21.160  INFO 15240 --- [http-nio-8080-exec-2] c.d.learnbuddy.service.CourseService     : Successfully extracted 0 courses from icourse163
2025-11-24 01:25:21.160  INFO 15240 --- [http-nio-8080-exec-2] c.d.learnbuddy.service.CourseService     : No courses found via scraping, using mock data
2025-11-24 01:25:21.164  INFO 15240 --- [http-nio-8080-exec-2] c.d.learnbuddy.service.CourseService     : Generated 10 mock courses
2025-11-24 01:26:41.081  INFO 15240 --- [http-nio-8080-exec-1] c.d.learnbuddy.service.CourseService     : Starting to scrape courses from: https://www.icourse163.org/channel/3002.htm
2025-11-24 01:26:41.207  INFO 15240 --- [http-nio-8080-exec-1] c.d.learnbuddy.service.CourseService     : Successfully connected to the website
2025-11-24 01:26:41.210  INFO 15240 --- [http-nio-8080-exec-1] c.d.learnbuddy.service.CourseService     : Page title: 计算机_中国大学MOOC(慕课)
2025-11-24 01:26:41.212  INFO 15240 --- [http-nio-8080-exec-1] c.d.learnbuddy.service.CourseService     : No courses found with main selectors, trying alternative approaches...
2025-11-24 01:26:41.214  INFO 15240 --- [http-nio-8080-exec-1] c.d.learnbuddy.service.CourseService     : Found 0 potential course cards
2025-11-24 01:26:41.215 DEBUG 15240 --- [http-nio-8080-exec-1] c.d.learnbuddy.service.CourseService     : Found potential course data in script tag
2025-11-24 01:26:41.216 DEBUG 15240 --- [http-nio-8080-exec-1] c.d.learnbuddy.service.CourseService     : Found potential course data in script tag
2025-11-24 01:26:41.217 DEBUG 15240 --- [http-nio-8080-exec-1] c.d.learnbuddy.service.CourseService     : Found potential course data in script tag
2025-11-24 01:26:41.218 DEBUG 15240 --- [http-nio-8080-exec-1] c.d.learnbuddy.service.CourseService     : Found potential course data in script tag
2025-11-24 01:26:41.219  INFO 15240 --- [http-nio-8080-exec-1] c.d.learnbuddy.service.CourseService     : Successfully extracted 0 courses from icourse163
2025-11-24 01:26:41.220  INFO 15240 --- [http-nio-8080-exec-1] c.d.learnbuddy.service.CourseService     : No courses found via scraping, using mock data
2025-11-24 01:26:41.221  INFO 15240 --- [http-nio-8080-exec-1] c.d.learnbuddy.service.CourseService     : Generated 10 mock courses
2025-11-24 01:26:46.249  INFO 15240 --- [http-nio-8080-exec-5] c.d.learnbuddy.service.CourseService     : Starting to scrape courses from: https://www.icourse163.org/channel/3002.htm
2025-11-24 01:26:46.398  INFO 15240 --- [http-nio-8080-exec-5] c.d.learnbuddy.service.CourseService     : Successfully connected to the website
2025-11-24 01:26:46.400  INFO 15240 --- [http-nio-8080-exec-5] c.d.learnbuddy.service.CourseService     : Page title: 计算机_中国大学MOOC(慕课)
2025-11-24 01:26:46.402  INFO 15240 --- [http-nio-8080-exec-5] c.d.learnbuddy.service.CourseService     : No courses found with main selectors, trying alternative approaches...
2025-11-24 01:26:46.403  INFO 15240 --- [http-nio-8080-exec-5] c.d.learnbuddy.service.CourseService     : Found 0 potential course cards
2025-11-24 01:26:46.403 DEBUG 15240 --- [http-nio-8080-exec-5] c.d.learnbuddy.service.CourseService     : Found potential course data in script tag
2025-11-24 01:26:46.404 DEBUG 15240 --- [http-nio-8080-exec-5] c.d.learnbuddy.service.CourseService     : Found potential course data in script tag
2025-11-24 01:26:46.405 DEBUG 15240 --- [http-nio-8080-exec-5] c.d.learnbuddy.service.CourseService     : Found potential course data in script tag
2025-11-24 01:26:46.405 DEBUG 15240 --- [http-nio-8080-exec-5] c.d.learnbuddy.service.CourseService     : Found potential course data in script tag
2025-11-24 01:26:46.406  INFO 15240 --- [http-nio-8080-exec-5] c.d.learnbuddy.service.CourseService     : Successfully extracted 0 courses from icourse163
2025-11-24 01:26:46.407  INFO 15240 --- [http-nio-8080-exec-5] c.d.learnbuddy.service.CourseService     : No courses found via scraping, using mock data
2025-11-24 01:26:46.408  INFO 15240 --- [http-nio-8080-exec-5] c.d.learnbuddy.service.CourseService     : Generated 10 mock courses
2025-11-24 01:32:59.153  INFO 15240 --- [http-nio-8080-exec-6] c.d.learnbuddy.service.CourseService     : Starting to scrape courses from: https://www.icourse163.org/channel/3002.htm
2025-11-24 01:32:59.301  INFO 15240 --- [http-nio-8080-exec-6] c.d.learnbuddy.service.CourseService     : Successfully connected to the website
2025-11-24 01:32:59.302  INFO 15240 --- [http-nio-8080-exec-6] c.d.learnbuddy.service.CourseService     : Page title: 计算机_中国大学MOOC(慕课)
2025-11-24 01:32:59.302  INFO 15240 --- [http-nio-8080-exec-6] c.d.learnbuddy.service.CourseService     : No courses found with main selectors, trying alternative approaches...
2025-11-24 01:32:59.303  INFO 15240 --- [http-nio-8080-exec-6] c.d.learnbuddy.service.CourseService     : Found 0 potential course cards
2025-11-24 01:32:59.304 DEBUG 15240 --- [http-nio-8080-exec-6] c.d.learnbuddy.service.CourseService     : Found potential course data in script tag
2025-11-24 01:32:59.304 DEBUG 15240 --- [http-nio-8080-exec-6] c.d.learnbuddy.service.CourseService     : Found potential course data in script tag
2025-11-24 01:32:59.304 DEBUG 15240 --- [http-nio-8080-exec-6] c.d.learnbuddy.service.CourseService     : Found potential course data in script tag
2025-11-24 01:32:59.305 DEBUG 15240 --- [http-nio-8080-exec-6] c.d.learnbuddy.service.CourseService     : Found potential course data in script tag
2025-11-24 01:32:59.305  INFO 15240 --- [http-nio-8080-exec-6] c.d.learnbuddy.service.CourseService     : Successfully extracted 0 courses from icourse163
2025-11-24 01:32:59.305  INFO 15240 --- [http-nio-8080-exec-6] c.d.learnbuddy.service.CourseService     : No courses found via scraping, using mock data
2025-11-24 01:32:59.305  INFO 15240 --- [http-nio-8080-exec-6] c.d.learnbuddy.service.CourseService     : Generated 10 mock courses
2025-11-24 01:33:06.947  INFO 15240 --- [http-nio-8080-exec-7] c.d.learnbuddy.service.CourseService     : Starting to scrape courses from: https://www.icourse163.org/channel/3002.htm
2025-11-24 01:33:07.067  INFO 15240 --- [http-nio-8080-exec-7] c.d.learnbuddy.service.CourseService     : Successfully connected to the website
2025-11-24 01:33:07.069  INFO 15240 --- [http-nio-8080-exec-7] c.d.learnbuddy.service.CourseService     : Page title: 计算机_中国大学MOOC(慕课)
2025-11-24 01:33:07.070  INFO 15240 --- [http-nio-8080-exec-7] c.d.learnbuddy.service.CourseService     : No courses found with main selectors, trying alternative approaches...
2025-11-24 01:33:07.072  INFO 15240 --- [http-nio-8080-exec-7] c.d.learnbuddy.service.CourseService     : Found 0 potential course cards
2025-11-24 01:33:07.073 DEBUG 15240 --- [http-nio-8080-exec-7] c.d.learnbuddy.service.CourseService     : Found potential course data in script tag
2025-11-24 01:33:07.074 DEBUG 15240 --- [http-nio-8080-exec-7] c.d.learnbuddy.service.CourseService     : Found potential course data in script tag
2025-11-24 01:33:07.074 DEBUG 15240 --- [http-nio-8080-exec-7] c.d.learnbuddy.service.CourseService     : Found potential course data in script tag
2025-11-24 01:33:07.075 DEBUG 15240 --- [http-nio-8080-exec-7] c.d.learnbuddy.service.CourseService     : Found potential course data in script tag
2025-11-24 01:33:07.075  INFO 15240 --- [http-nio-8080-exec-7] c.d.learnbuddy.service.CourseService     : Successfully extracted 0 courses from icourse163
2025-11-24 01:33:07.075  INFO 15240 --- [http-nio-8080-exec-7] c.d.learnbuddy.service.CourseService     : No courses found via scraping, using mock data
2025-11-24 01:33:07.075  INFO 15240 --- [http-nio-8080-exec-7] c.d.learnbuddy.service.CourseService     : Generated 10 mock courses
2025-11-24 01:33:23.855  INFO 15240 --- [SpringApplicationShutdownHook] j.LocalContainerEntityManagerFactoryBean : Closing JPA EntityManagerFactory for persistence unit 'default'
2025-11-24 01:33:23.857  INFO 15240 --- [SpringApplicationShutdownHook] com.zaxxer.hikari.HikariDataSource       : HikariPool-1 - Shutdown initiated...
2025-11-24 01:33:23.863  INFO 15240 --- [SpringApplicationShutdownHook] com.zaxxer.hikari.HikariDataSource       : HikariPool-1 - Shutdown completed.
2025-11-24 01:33:38.498  INFO 35268 --- [main] c.d.l.LearnBuddyBackendApplication       : Starting LearnBuddyBackendApplication using Java 21.0.7 on LAPTOP-2IOG7FMP with PID 35268 (D:\001_ZJNUThird\ai-learning-partner\ai-learning-partner\learn-buddy-backend\target\classes started by jasmine in D:\001_ZJNUThird\ai-learning-partner\ai-learning-partner\learn-buddy-backend)
2025-11-24 01:33:38.500 DEBUG 35268 --- [main] c.d.l.LearnBuddyBackendApplication       : Running with Spring Boot v2.7.18, Spring v5.3.31
2025-11-24 01:33:38.501  INFO 35268 --- [main] c.d.l.LearnBuddyBackendApplication       : No active profile set, falling back to 1 default profile: "default"
2025-11-24 01:33:38.818  INFO 35268 --- [main] .s.d.r.c.RepositoryConfigurationDelegate : Bootstrapping Spring Data JPA repositories in DEFAULT mode.
2025-11-24 01:33:38.854  INFO 35268 --- [main] .s.d.r.c.RepositoryConfigurationDelegate : Finished Spring Data repository scanning in 31 ms. Found 9 JPA repository interfaces.
2025-11-24 01:33:39.123  INFO 35268 --- [main] o.s.b.w.embedded.tomcat.TomcatWebServer  : Tomcat initialized with port(s): 8080 (http)
2025-11-24 01:33:39.124  INFO 35268 --- [main] o.a.catalina.core.AprLifecycleListener   : Loaded Apache Tomcat Native library [2.0.8] using APR version [1.7.4].
2025-11-24 01:33:39.125  INFO 35268 --- [main] o.a.catalina.core.AprLifecycleListener   : APR capabilities: IPv6 [true], sendfile [true], accept filters [false], random [true], UDS [true].
2025-11-24 01:33:39.125  INFO 35268 --- [main] o.a.catalina.core.AprLifecycleListener   : APR/OpenSSL configuration: useAprConnector [false], useOpenSSL [true]
2025-11-24 01:33:39.128  INFO 35268 --- [main] o.a.catalina.core.AprLifecycleListener   : OpenSSL successfully initialized [OpenSSL 3.0.14 4 Jun 2024]
2025-11-24 01:33:39.132  INFO 35268 --- [main] o.apache.catalina.core.StandardService   : Starting service [Tomcat]
2025-11-24 01:33:39.133  INFO 35268 --- [main] org.apache.catalina.core.StandardEngine  : Starting Servlet engine: [Apache Tomcat/9.0.83]
2025-11-24 01:33:39.207  INFO 35268 --- [main] o.a.c.c.C.[Tomcat].[localhost].[/]       : Initializing Spring embedded WebApplicationContext
2025-11-24 01:33:39.207  INFO 35268 --- [main] w.s.c.ServletWebServerApplicationContext : Root WebApplicationContext: initialization completed in 677 ms
2025-11-24 01:33:39.289  INFO 35268 --- [main] o.hibernate.jpa.internal.util.LogHelper  : HHH000204: Processing PersistenceUnitInfo [name: default]
2025-11-24 01:33:39.308  INFO 35268 --- [main] org.hibernate.Version                    : HHH000412: Hibernate ORM core version 5.6.15.Final
2025-11-24 01:33:39.376  INFO 35268 --- [main] o.hibernate.annotations.common.Version   : HCANN000001: Hibernate Commons Annotations {5.1.2.Final}
2025-11-24 01:33:39.419  INFO 35268 --- [main] com.zaxxer.hikari.HikariDataSource       : HikariPool-1 - Starting...
2025-11-24 01:33:39.500  INFO 35268 --- [main] com.zaxxer.hikari.HikariDataSource       : HikariPool-1 - Start completed.
2025-11-24 01:33:39.506  INFO 35268 --- [main] org.hibernate.dialect.Dialect            : HHH000400: Using dialect: org.hibernate.dialect.MySQL8Dialect
2025-11-24 01:33:39.975  INFO 35268 --- [main] o.h.e.t.j.p.i.JtaPlatformInitiator       : HHH000490: Using JtaPlatform implementation: [org.hibernate.engine.transaction.jta.platform.internal.NoJtaPlatform]
2025-11-24 01:33:39.981  INFO 35268 --- [main] j.LocalContainerEntityManagerFactoryBean : Initialized JPA EntityManagerFactory for persistence unit 'default'
2025-11-24 01:33:40.359  WARN 35268 --- [main] JpaBaseConfiguration$JpaWebConfiguration : spring.jpa.open-in-view is enabled by default. Therefore, database queries may be performed during view rendering. Explicitly configure spring.jpa.open-in-view to disable this warning
2025-11-24 01:33:40.534  INFO 35268 --- [main] o.s.b.w.embedded.tomcat.TomcatWebServer  : Tomcat started on port(s): 8080 (http) with context path ''
2025-11-24 01:33:40.538  INFO 35268 --- [main] c.d.l.LearnBuddyBackendApplication       : Started LearnBuddyBackendApplication in 2.241 seconds (JVM running for 2.494)
2025-11-24 01:33:48.850  INFO 35268 --- [http-nio-8080-exec-1] o.a.c.c.C.[Tomcat].[localhost].[/]       : Initializing Spring DispatcherServlet 'dispatcherServlet'
2025-11-24 01:33:48.850  INFO 35268 --- [http-nio-8080-exec-1] o.s.web.servlet.DispatcherServlet        : Initializing Servlet 'dispatcherServlet'
2025-11-24 01:33:48.853  INFO 35268 --- [http-nio-8080-exec-1] o.s.web.servlet.DispatcherServlet        : Completed initialization in 3 ms
2025-11-24 01:33:48.884  INFO 35268 --- [http-nio-8080-exec-1] c.d.learnbuddy.service.CourseService     : Starting to scrape courses from: https://www.icourse163.org/channel/3002.htm
2025-11-24 01:33:49.429  INFO 35268 --- [http-nio-8080-exec-1] c.d.learnbuddy.service.CourseService     : Successfully connected to the website
2025-11-24 01:33:49.432  INFO 35268 --- [http-nio-8080-exec-1] c.d.learnbuddy.service.CourseService     : Page title: 计算机_中国大学MOOC(慕课)
2025-11-24 01:33:49.435  INFO 35268 --- [http-nio-8080-exec-1] c.d.learnbuddy.service.CourseService     : No courses found with main selectors, trying alternative approaches...
2025-11-24 01:33:49.436  INFO 35268 --- [http-nio-8080-exec-1] c.d.learnbuddy.service.CourseService     : Found 0 potential course cards
2025-11-24 01:33:49.440 DEBUG 35268 --- [http-nio-8080-exec-1] c.d.learnbuddy.service.CourseService     : Found potential course data in script tag
2025-11-24 01:33:49.440 DEBUG 35268 --- [http-nio-8080-exec-1] c.d.learnbuddy.service.CourseService     : Found potential course data in script tag
2025-11-24 01:33:49.442 DEBUG 35268 --- [http-nio-8080-exec-1] c.d.learnbuddy.service.CourseService     : Found potential course data in script tag
2025-11-24 01:33:49.442 DEBUG 35268 --- [http-nio-8080-exec-1] c.d.learnbuddy.service.CourseService     : Found potential course data in script tag
2025-11-24 01:33:49.443  INFO 35268 --- [http-nio-8080-exec-1] c.d.learnbuddy.service.CourseService     : Successfully extracted 0 courses from icourse163
2025-11-24 01:33:49.444  INFO 35268 --- [http-nio-8080-exec-1] c.d.learnbuddy.service.CourseService     : No courses found via scraping, using mock data
2025-11-24 01:33:49.445  INFO 35268 --- [http-nio-8080-exec-1] c.d.learnbuddy.service.CourseService     : Generated 20 realistic mock courses
2025-11-24 01:34:08.097  INFO 35268 --- [http-nio-8080-exec-5] c.d.learnbuddy.service.CourseService     : Generated 20 realistic mock courses
2025-11-24 01:35:09.398  INFO 35268 --- [SpringApplicationShutdownHook] j.LocalContainerEntityManagerFactoryBean : Closing JPA EntityManagerFactory for persistence unit 'default'
2025-11-24 01:35:09.400  INFO 35268 --- [SpringApplicationShutdownHook] com.zaxxer.hikari.HikariDataSource       : HikariPool-1 - Shutdown initiated...
2025-11-24 01:35:09.406  INFO 35268 --- [SpringApplicationShutdownHook] com.zaxxer.hikari.HikariDataSource       : HikariPool-1 - Shutdown completed.
2025-11-24 09:29:04.690  INFO 25980 --- [main] c.d.l.LearnBuddyBackendApplication       : Starting LearnBuddyBackendApplication using Java 21.0.7 on LAPTOP-2IOG7FMP with PID 25980 (D:\001_ZJNUThird\ai-learning-partner\ai-learning-partner\learn-buddy-backend\target\classes started by jasmine in D:\001_ZJNUThird\ai-learning-partner\ai-learning-partner\learn-buddy-backend)
2025-11-24 09:29:04.691 DEBUG 25980 --- [main] c.d.l.LearnBuddyBackendApplication       : Running with Spring Boot v2.7.18, Spring v5.3.31
2025-11-24 09:29:04.691  INFO 25980 --- [main] c.d.l.LearnBuddyBackendApplication       : No active profile set, falling back to 1 default profile: "default"
2025-11-24 09:29:05.061  INFO 25980 --- [main] .s.d.r.c.RepositoryConfigurationDelegate : Bootstrapping Spring Data JPA repositories in DEFAULT mode.
2025-11-24 09:29:05.102  INFO 25980 --- [main] .s.d.r.c.RepositoryConfigurationDelegate : Finished Spring Data repository scanning in 35 ms. Found 9 JPA repository interfaces.
2025-11-24 09:29:05.411  INFO 25980 --- [main] o.s.b.w.embedded.tomcat.TomcatWebServer  : Tomcat initialized with port(s): 8080 (http)
2025-11-24 09:29:05.412  INFO 25980 --- [main] o.a.catalina.core.AprLifecycleListener   : Loaded Apache Tomcat Native library [2.0.8] using APR version [1.7.4].
2025-11-24 09:29:05.412  INFO 25980 --- [main] o.a.catalina.core.AprLifecycleListener   : APR capabilities: IPv6 [true], sendfile [true], accept filters [false], random [true], UDS [true].
2025-11-24 09:29:05.412  INFO 25980 --- [main] o.a.catalina.core.AprLifecycleListener   : APR/OpenSSL configuration: useAprConnector [false], useOpenSSL [true]
2025-11-24 09:29:05.424  INFO 25980 --- [main] o.a.catalina.core.AprLifecycleListener   : OpenSSL successfully initialized [OpenSSL 3.0.14 4 Jun 2024]
2025-11-24 09:29:05.430  INFO 25980 --- [main] o.apache.catalina.core.StandardService   : Starting service [Tomcat]
2025-11-24 09:29:05.430  INFO 25980 --- [main] org.apache.catalina.core.StandardEngine  : Starting Servlet engine: [Apache Tomcat/9.0.83]
2025-11-24 09:29:05.511  INFO 25980 --- [main] o.a.c.c.C.[Tomcat].[localhost].[/]       : Initializing Spring embedded WebApplicationContext
2025-11-24 09:29:05.511  INFO 25980 --- [main] w.s.c.ServletWebServerApplicationContext : Root WebApplicationContext: initialization completed in 790 ms
2025-11-24 09:29:05.617  INFO 25980 --- [main] o.hibernate.jpa.internal.util.LogHelper  : HHH000204: Processing PersistenceUnitInfo [name: default]
2025-11-24 09:29:05.656  INFO 25980 --- [main] org.hibernate.Version                    : HHH000412: Hibernate ORM core version 5.6.15.Final
2025-11-24 09:29:05.766  INFO 25980 --- [main] o.hibernate.annotations.common.Version   : HCANN000001: Hibernate Commons Annotations {5.1.2.Final}
2025-11-24 09:29:05.829  INFO 25980 --- [main] com.zaxxer.hikari.HikariDataSource       : HikariPool-1 - Starting...
2025-11-24 09:29:05.930  INFO 25980 --- [main] com.zaxxer.hikari.HikariDataSource       : HikariPool-1 - Start completed.
2025-11-24 09:29:05.943  INFO 25980 --- [main] org.hibernate.dialect.Dialect            : HHH000400: Using dialect: org.hibernate.dialect.MySQL8Dialect
2025-11-24 09:29:06.330  INFO 25980 --- [main] o.h.e.t.j.p.i.JtaPlatformInitiator       : HHH000490: Using JtaPlatform implementation: [org.hibernate.engine.transaction.jta.platform.internal.NoJtaPlatform]
2025-11-24 09:29:06.335  INFO 25980 --- [main] j.LocalContainerEntityManagerFactoryBean : Initialized JPA EntityManagerFactory for persistence unit 'default'
2025-11-24 09:29:06.715  WARN 25980 --- [main] JpaBaseConfiguration$JpaWebConfiguration : spring.jpa.open-in-view is enabled by default. Therefore, database queries may be performed during view rendering. Explicitly configure spring.jpa.open-in-view to disable this warning
2025-11-24 09:29:06.899  INFO 25980 --- [main] o.s.b.w.embedded.tomcat.TomcatWebServer  : Tomcat started on port(s): 8080 (http) with context path ''
2025-11-24 09:29:06.903  INFO 25980 --- [main] c.d.l.LearnBuddyBackendApplication       : Started LearnBuddyBackendApplication in 2.448 seconds (JVM running for 2.696)
2025-11-24 09:29:25.822  INFO 25980 --- [http-nio-8080-exec-1] o.a.c.c.C.[Tomcat].[localhost].[/]       : Initializing Spring DispatcherServlet 'dispatcherServlet'
2025-11-24 09:29:25.822  INFO 25980 --- [http-nio-8080-exec-1] o.s.web.servlet.DispatcherServlet        : Initializing Servlet 'dispatcherServlet'
2025-11-24 09:29:25.823  INFO 25980 --- [http-nio-8080-exec-1] o.s.web.servlet.DispatcherServlet        : Completed initialization in 1 ms
2025-11-24 09:29:25.855  WARN 25980 --- [http-nio-8080-exec-2] c.d.learnbuddy.service.CourseService     : Python 脚本不存在: ./services/python-crawler/run_scraper.py
2025-11-24 09:29:25.856  INFO 25980 --- [http-nio-8080-exec-2] c.d.learnbuddy.service.CourseService     : 使用 Java 简单爬虫尝试抓取 icourse163 首页示例课程
2025-11-24 09:29:26.767  INFO 25980 --- [http-nio-8080-exec-2] c.d.learnbuddy.service.CourseService     : Java 爬虫找到 0 门课程
2025-11-24 09:29:26.769  INFO 25980 --- [http-nio-8080-exec-2] c.d.learnbuddy.service.CourseService     : 生成 5 门模拟课程
2025-11-24 09:34:28.283  WARN 25980 --- [http-nio-8080-exec-8] c.d.learnbuddy.service.CourseService     : Python 脚本不存在: ./services/python-crawler/run_scraper.py
2025-11-24 09:34:28.284  INFO 25980 --- [http-nio-8080-exec-8] c.d.learnbuddy.service.CourseService     : 使用 Java 简单爬虫尝试抓取 icourse163 首页示例课程
2025-11-24 09:34:28.418  INFO 25980 --- [http-nio-8080-exec-8] c.d.learnbuddy.service.CourseService     : Java 爬虫找到 0 门课程
2025-11-24 09:34:28.418  INFO 25980 --- [http-nio-8080-exec-8] c.d.learnbuddy.service.CourseService     : 生成 5 门模拟课程
2025-11-24 09:36:47.905  WARN 25980 --- [http-nio-8080-exec-10] c.d.learnbuddy.service.CourseService     : Python 脚本不存在: ./services/python-crawler/run_scraper.py
2025-11-24 09:36:47.906  INFO 25980 --- [http-nio-8080-exec-10] c.d.learnbuddy.service.CourseService     : 使用 Java 简单爬虫尝试抓取 icourse163 首页示例课程
2025-11-24 09:36:48.028  INFO 25980 --- [http-nio-8080-exec-10] c.d.learnbuddy.service.CourseService     : Java 爬虫找到 0 门课程
2025-11-24 09:36:48.028  INFO 25980 --- [http-nio-8080-exec-10] c.d.learnbuddy.service.CourseService     : 生成 5 门模拟课程
2025-11-24 09:37:13.783  WARN 25980 --- [http-nio-8080-exec-7] c.d.learnbuddy.service.CourseService     : Python 脚本不存在: ./services/python-crawler/run_scraper.py
2025-11-24 09:37:13.785  INFO 25980 --- [http-nio-8080-exec-7] c.d.learnbuddy.service.CourseService     : 使用 Java 简单爬虫尝试抓取 icourse163 首页示例课程
2025-11-24 09:37:13.917  INFO 25980 --- [http-nio-8080-exec-7] c.d.learnbuddy.service.CourseService     : Java 爬虫找到 0 门课程
2025-11-24 09:37:13.918  INFO 25980 --- [http-nio-8080-exec-7] c.d.learnbuddy.service.CourseService     : 生成 5 门模拟课程
2025-11-24 09:37:22.849  WARN 25980 --- [http-nio-8080-exec-9] .w.s.m.s.DefaultHandlerExceptionResolver : Resolved [org.springframework.web.HttpRequestMethodNotSupportedException: Request method 'GET' not supported]
2025-11-24 09:37:31.175  WARN 25980 --- [http-nio-8080-exec-4] c.d.learnbuddy.service.CourseService     : Python 脚本不存在: ./services/python-crawler/run_scraper.py
2025-11-24 09:37:31.177  INFO 25980 --- [http-nio-8080-exec-4] c.d.learnbuddy.service.CourseService     : 使用 Java 简单爬虫尝试抓取 icourse163 首页示例课程
2025-11-24 09:37:31.319  INFO 25980 --- [http-nio-8080-exec-4] c.d.learnbuddy.service.CourseService     : Java 爬虫找到 0 门课程
2025-11-24 09:37:31.320  INFO 25980 --- [http-nio-8080-exec-4] c.d.learnbuddy.service.CourseService     : 生成 5 门模拟课程
2025-11-24 09:37:52.361  WARN 25980 --- [http-nio-8080-exec-1] .w.s.m.s.DefaultHandlerExceptionResolver : Resolved [org.springframework.web.HttpRequestMethodNotSupportedException: Request method 'GET' not supported]
2025-11-24 09:40:15.816  WARN 25980 --- [http-nio-8080-exec-3] c.d.learnbuddy.service.CourseService     : Python 脚本不存在: ./services/python-crawler/run_scraper.py
2025-11-24 09:40:15.817  INFO 25980 --- [http-nio-8080-exec-3] c.d.learnbuddy.service.CourseService     : 使用 Java 简单爬虫尝试抓取 icourse163 首页示例课程
2025-11-24 09:40:15.925  INFO 25980 --- [http-nio-8080-exec-3] c.d.learnbuddy.service.CourseService     : Java 爬虫找到 0 门课程
2025-11-24 09:40:15.926  INFO 25980 --- [http-nio-8080-exec-3] c.d.learnbuddy.service.CourseService     : 生成 5 门模拟课程
2025-11-24 09:48:48.945  WARN 25980 --- [http-nio-8080-exec-5] c.d.learnbuddy.service.CourseService     : Python 脚本不存在: ./services/python-crawler/run_scraper.py
2025-11-24 09:48:48.945  INFO 25980 --- [http-nio-8080-exec-5] c.d.learnbuddy.service.CourseService     : 使用 Java 简单爬虫尝试抓取 icourse163 首页示例课程
2025-11-24 09:48:49.180  INFO 25980 --- [http-nio-8080-exec-5] c.d.learnbuddy.service.CourseService     : Java 爬虫找到 0 门课程
2025-11-24 09:48:49.181  INFO 25980 --- [http-nio-8080-exec-5] c.d.learnbuddy.service.CourseService     : 生成 5 门模拟课程
2025-11-24 09:49:55.000  WARN 25980 --- [http-nio-8080-exec-7] c.d.learnbuddy.service.CourseService     : Python 脚本不存在: ./services/python-crawler/run_scraper.py
2025-11-24 09:49:55.000  INFO 25980 --- [http-nio-8080-exec-7] c.d.learnbuddy.service.CourseService     : 使用 Java 简单爬虫尝试抓取 icourse163 首页示例课程
2025-11-24 09:49:55.182  INFO 25980 --- [http-nio-8080-exec-7] c.d.learnbuddy.service.CourseService     : Java 爬虫找到 0 门课程
2025-11-24 09:49:55.183  INFO 25980 --- [http-nio-8080-exec-7] c.d.learnbuddy.service.CourseService     : 生成 5 门模拟课程
2025-11-24 09:49:58.843  WARN 25980 --- [http-nio-8080-exec-6] .w.s.m.s.DefaultHandlerExceptionResolver : Resolved [org.springframework.web.HttpRequestMethodNotSupportedException: Request method 'GET' not supported]
2025-11-24 09:50:02.250  WARN 25980 --- [http-nio-8080-exec-4] .w.s.m.s.DefaultHandlerExceptionResolver : Resolved [org.springframework.web.HttpRequestMethodNotSupportedException: Request method 'POST' not supported]
2025-11-24 09:50:03.396  WARN 25980 --- [http-nio-8080-exec-1] .w.s.m.s.DefaultHandlerExceptionResolver : Resolved [org.springframework.web.HttpRequestMethodNotSupportedException: Request method 'POST' not supported]
2025-11-24 09:50:07.877  WARN 25980 --- [http-nio-8080-exec-2] .w.s.m.s.DefaultHandlerExceptionResolver : Resolved [org.springframework.web.HttpRequestMethodNotSupportedException: Request method 'GET' not supported]
2025-11-24 09:50:34.810  WARN 25980 --- [http-nio-8080-exec-3] .w.s.m.s.DefaultHandlerExceptionResolver : Resolved [org.springframework.web.HttpRequestMethodNotSupportedException: Request method 'GET' not supported]
2025-11-24 09:51:17.994  WARN 25980 --- [http-nio-8080-exec-5] c.d.learnbuddy.service.CourseService     : Python 脚本不存在: ./services/python-crawler/run_scraper.py
2025-11-24 09:51:17.997  INFO 25980 --- [http-nio-8080-exec-5] c.d.learnbuddy.service.CourseService     : 使用 Java 简单爬虫尝试抓取 icourse163 首页示例课程
2025-11-24 09:51:18.140  INFO 25980 --- [http-nio-8080-exec-5] c.d.learnbuddy.service.CourseService     : Java 爬虫找到 0 门课程
2025-11-24 09:51:18.143  INFO 25980 --- [http-nio-8080-exec-5] c.d.learnbuddy.service.CourseService     : 生成 5 门模拟课程
2025-11-24 09:52:40.843  WARN 25980 --- [http-nio-8080-exec-7] c.d.learnbuddy.service.CourseService     : Python 脚本不存在: ./services/python-crawler/run_scraper.py
2025-11-24 09:52:40.845  INFO 25980 --- [http-nio-8080-exec-7] c.d.learnbuddy.service.CourseService     : 使用 Java 简单爬虫尝试抓取 icourse163 首页示例课程
2025-11-24 09:52:40.993  INFO 25980 --- [http-nio-8080-exec-7] c.d.learnbuddy.service.CourseService     : Java 爬虫找到 0 门课程
2025-11-24 09:52:40.994  INFO 25980 --- [http-nio-8080-exec-7] c.d.learnbuddy.service.CourseService     : 生成 5 门模拟课程
2025-11-24 10:01:45.319  WARN 25980 --- [http-nio-8080-exec-9] c.d.learnbuddy.service.CourseService     : Python 脚本不存在: ./services/python-crawler/run_scraper.py
2025-11-24 10:01:45.320  INFO 25980 --- [http-nio-8080-exec-9] c.d.learnbuddy.service.CourseService     : 使用 Java 简单爬虫尝试抓取 icourse163 首页示例课程
2025-11-24 10:01:45.511  INFO 25980 --- [http-nio-8080-exec-9] c.d.learnbuddy.service.CourseService     : Java 爬虫找到 0 门课程
2025-11-24 10:01:45.512  INFO 25980 --- [http-nio-8080-exec-9] c.d.learnbuddy.service.CourseService     : 生成 5 门模拟课程
2025-11-24 10:01:47.027  WARN 25980 --- [http-nio-8080-exec-4] .w.s.m.s.DefaultHandlerExceptionResolver : Resolved [org.springframework.web.HttpRequestMethodNotSupportedException: Request method 'GET' not supported]
2025-11-24 10:13:56.784  INFO 39420 --- [main] c.d.l.LearnBuddyBackendApplication       : Starting LearnBuddyBackendApplication using Java 21.0.7 on LAPTOP-2IOG7FMP with PID 39420 (D:\001_ZJNUThird\ai-learning-partner\ai-learning-partner\learn-buddy-backend\target\classes started by jasmine in D:\001_ZJNUThird\ai-learning-partner\ai-learning-partner\learn-buddy-backend)
2025-11-24 10:13:56.785 DEBUG 39420 --- [main] c.d.l.LearnBuddyBackendApplication       : Running with Spring Boot v2.7.18, Spring v5.3.31
2025-11-24 10:13:56.786  INFO 39420 --- [main] c.d.l.LearnBuddyBackendApplication       : No active profile set, falling back to 1 default profile: "default"
2025-11-24 10:13:57.184  INFO 39420 --- [main] .s.d.r.c.RepositoryConfigurationDelegate : Bootstrapping Spring Data JPA repositories in DEFAULT mode.
2025-11-24 10:13:57.230  INFO 39420 --- [main] .s.d.r.c.RepositoryConfigurationDelegate : Finished Spring Data repository scanning in 41 ms. Found 9 JPA repository interfaces.
2025-11-24 10:13:57.609  INFO 39420 --- [main] o.s.b.w.embedded.tomcat.TomcatWebServer  : Tomcat initialized with port(s): 8080 (http)
2025-11-24 10:13:57.610  INFO 39420 --- [main] o.a.catalina.core.AprLifecycleListener   : Loaded Apache Tomcat Native library [2.0.8] using APR version [1.7.4].
2025-11-24 10:13:57.610  INFO 39420 --- [main] o.a.catalina.core.AprLifecycleListener   : APR capabilities: IPv6 [true], sendfile [true], accept filters [false], random [true], UDS [true].
2025-11-24 10:13:57.611  INFO 39420 --- [main] o.a.catalina.core.AprLifecycleListener   : APR/OpenSSL configuration: useAprConnector [false], useOpenSSL [true]
2025-11-24 10:13:57.614  INFO 39420 --- [main] o.a.catalina.core.AprLifecycleListener   : OpenSSL successfully initialized [OpenSSL 3.0.14 4 Jun 2024]
2025-11-24 10:13:57.620  INFO 39420 --- [main] o.apache.catalina.core.StandardService   : Starting service [Tomcat]
2025-11-24 10:13:57.620  INFO 39420 --- [main] org.apache.catalina.core.StandardEngine  : Starting Servlet engine: [Apache Tomcat/9.0.83]
2025-11-24 10:13:57.696  INFO 39420 --- [main] o.a.c.c.C.[Tomcat].[localhost].[/]       : Initializing Spring embedded WebApplicationContext
2025-11-24 10:13:57.696  INFO 39420 --- [main] w.s.c.ServletWebServerApplicationContext : Root WebApplicationContext: initialization completed in 876 ms
2025-11-24 10:13:57.776  INFO 39420 --- [main] o.hibernate.jpa.internal.util.LogHelper  : HHH000204: Processing PersistenceUnitInfo [name: default]
2025-11-24 10:13:57.803  INFO 39420 --- [main] org.hibernate.Version                    : HHH000412: Hibernate ORM core version 5.6.15.Final
2025-11-24 10:13:57.883  INFO 39420 --- [main] o.hibernate.annotations.common.Version   : HCANN000001: Hibernate Commons Annotations {5.1.2.Final}
2025-11-24 10:13:57.924  INFO 39420 --- [main] com.zaxxer.hikari.HikariDataSource       : HikariPool-1 - Starting...
2025-11-24 10:13:58.000  INFO 39420 --- [main] com.zaxxer.hikari.HikariDataSource       : HikariPool-1 - Start completed.
2025-11-24 10:13:58.012  INFO 39420 --- [main] org.hibernate.dialect.Dialect            : HHH000400: Using dialect: org.hibernate.dialect.MySQL8Dialect
2025-11-24 10:13:58.415  INFO 39420 --- [main] o.h.e.t.j.p.i.JtaPlatformInitiator       : HHH000490: Using JtaPlatform implementation: [org.hibernate.engine.transaction.jta.platform.internal.NoJtaPlatform]
2025-11-24 10:13:58.420  INFO 39420 --- [main] j.LocalContainerEntityManagerFactoryBean : Initialized JPA EntityManagerFactory for persistence unit 'default'
2025-11-24 10:13:58.817  WARN 39420 --- [main] JpaBaseConfiguration$JpaWebConfiguration : spring.jpa.open-in-view is enabled by default. Therefore, database queries may be performed during view rendering. Explicitly configure spring.jpa.open-in-view to disable this warning
2025-11-24 10:13:59.016  INFO 39420 --- [main] o.s.b.w.embedded.tomcat.TomcatWebServer  : Tomcat started on port(s): 8080 (http) with context path ''
2025-11-24 10:13:59.021  INFO 39420 --- [main] c.d.l.LearnBuddyBackendApplication       : Started LearnBuddyBackendApplication in 2.524 seconds (JVM running for 2.816)
2025-11-24 10:14:17.212  INFO 39420 --- [http-nio-8080-exec-1] o.a.c.c.C.[Tomcat].[localhost].[/]       : Initializing Spring DispatcherServlet 'dispatcherServlet'
2025-11-24 10:14:17.214  INFO 39420 --- [http-nio-8080-exec-1] o.s.web.servlet.DispatcherServlet        : Initializing Servlet 'dispatcherServlet'
2025-11-24 10:14:17.217  INFO 39420 --- [http-nio-8080-exec-1] o.s.web.servlet.DispatcherServlet        : Completed initialization in 2 ms
2025-11-24 10:14:17.270  INFO 39420 --- [http-nio-8080-exec-2] c.d.learnbuddy.service.CourseService     : 找到Python脚本: D:\001_ZJNUThird\ai-learning-partner\ai-learning-partner\learn-buddy-backend\python-crawler\run_scraper.py
2025-11-24 10:14:17.374  INFO 39420 --- [http-nio-8080-exec-2] c.d.learnbuddy.service.CourseService     : 检测到Python命令: python
2025-11-24 10:14:17.375  INFO 39420 --- [http-nio-8080-exec-2] c.d.learnbuddy.service.CourseService     : 使用Python命令: python, 脚本: D:\001_ZJNUThird\ai-learning-partner\ai-learning-partner\learn-buddy-backend\python-crawler\run_scraper.py
2025-11-24 10:14:18.989 DEBUG 39420 --- [http-nio-8080-exec-2] c.d.learnbuddy.service.CourseService     : Python输出: [
2025-11-24 10:14:18.996 DEBUG 39420 --- [http-nio-8080-exec-2] c.d.learnbuddy.service.CourseService     : Python输出:   {
2025-11-24 10:14:19.001 DEBUG 39420 --- [http-nio-8080-exec-2] c.d.learnbuddy.service.CourseService     : Python输出:     "title": "Python���Գ������",
2025-11-24 10:14:19.002 DEBUG 39420 --- [http-nio-8080-exec-2] c.d.learnbuddy.service.CourseService     : Python输出:     "university": "��������ѧ",
2025-11-24 10:14:19.002 DEBUG 39420 --- [http-nio-8080-exec-2] c.d.learnbuddy.service.CourseService     : Python输出:     "instructor": "����",
2025-11-24 10:14:19.003 DEBUG 39420 --- [http-nio-8080-exec-2] c.d.learnbuddy.service.CourseService     : Python输出:     "imageUrl": "https://picsum.photos/400/200?random=1001",
2025-11-24 10:14:19.004 DEBUG 39420 --- [http-nio-8080-exec-2] c.d.learnbuddy.service.CourseService     : Python输出:     "courseLink": "https://www.icourse163.org/course/BIT-268001",
2025-11-24 10:14:19.005 DEBUG 39420 --- [http-nio-8080-exec-2] c.d.learnbuddy.service.CourseService     : Python输出:     "platform": "icourse163",
2025-11-24 10:14:19.005 DEBUG 39420 --- [http-nio-8080-exec-2] c.d.learnbuddy.service.CourseService     : Python输出:     "category": "�����",
2025-11-24 10:14:19.006 DEBUG 39420 --- [http-nio-8080-exec-2] c.d.learnbuddy.service.CourseService     : Python输出:     "difficulty": "beginner"
2025-11-24 10:14:19.006 DEBUG 39420 --- [http-nio-8080-exec-2] c.d.learnbuddy.service.CourseService     : Python输出:   },
2025-11-24 10:14:19.006 DEBUG 39420 --- [http-nio-8080-exec-2] c.d.learnbuddy.service.CourseService     : Python输出:   {
2025-11-24 10:14:19.006 DEBUG 39420 --- [http-nio-8080-exec-2] c.d.learnbuddy.service.CourseService     : Python输出:     "title": "Java�������",
2025-11-24 10:14:19.007 DEBUG 39420 --- [http-nio-8080-exec-2] c.d.learnbuddy.service.CourseService     : Python输出:     "university": "�㽭��ѧ",
2025-11-24 10:14:19.007 DEBUG 39420 --- [http-nio-8080-exec-2] c.d.learnbuddy.service.CourseService     : Python输出:     "instructor": "����",
2025-11-24 10:14:19.007 DEBUG 39420 --- [http-nio-8080-exec-2] c.d.learnbuddy.service.CourseService     : Python输出:     "imageUrl": "https://picsum.photos/400/200?random=1002",
2025-11-24 10:14:19.007 DEBUG 39420 --- [http-nio-8080-exec-2] c.d.learnbuddy.service.CourseService     : Python输出:     "courseLink": "https://www.icourse163.org/course/ZJU-1001541001",
2025-11-24 10:14:19.009 DEBUG 39420 --- [http-nio-8080-exec-2] c.d.learnbuddy.service.CourseService     : Python输出:     "platform": "icourse163",
2025-11-24 10:14:19.009 DEBUG 39420 --- [http-nio-8080-exec-2] c.d.learnbuddy.service.CourseService     : Python输出:     "category": "�����",
2025-11-24 10:14:19.009 DEBUG 39420 --- [http-nio-8080-exec-2] c.d.learnbuddy.service.CourseService     : Python输出:     "difficulty": "beginner"
2025-11-24 10:14:19.010 DEBUG 39420 --- [http-nio-8080-exec-2] c.d.learnbuddy.service.CourseService     : Python输出:   },
2025-11-24 10:14:19.010 DEBUG 39420 --- [http-nio-8080-exec-2] c.d.learnbuddy.service.CourseService     : Python输出:   {
2025-11-24 10:14:19.015 DEBUG 39420 --- [http-nio-8080-exec-2] c.d.learnbuddy.service.CourseService     : Python输出:     "title": "���ݽṹ",
2025-11-24 10:14:19.029 DEBUG 39420 --- [http-nio-8080-exec-2] c.d.learnbuddy.service.CourseService     : Python输出:     "university": "�廪��ѧ",
2025-11-24 10:14:19.029 DEBUG 39420 --- [http-nio-8080-exec-2] c.d.learnbuddy.service.CourseService     : Python输出:     "instructor": "�˿���",
2025-11-24 10:14:19.029 DEBUG 39420 --- [http-nio-8080-exec-2] c.d.learnbuddy.service.CourseService     : Python输出:     "imageUrl": "https://picsum.photos/400/200?random=1003",
2025-11-24 10:14:19.030 DEBUG 39420 --- [http-nio-8080-exec-2] c.d.learnbuddy.service.CourseService     : Python输出:     "courseLink": "https://www.icourse163.org/course/THU-1001539001",
2025-11-24 10:14:19.035 DEBUG 39420 --- [http-nio-8080-exec-2] c.d.learnbuddy.service.CourseService     : Python输出:     "platform": "icourse163",
2025-11-24 10:14:19.036 DEBUG 39420 --- [http-nio-8080-exec-2] c.d.learnbuddy.service.CourseService     : Python输出:     "category": "�����",
2025-11-24 10:14:19.036 DEBUG 39420 --- [http-nio-8080-exec-2] c.d.learnbuddy.service.CourseService     : Python输出:     "difficulty": "intermediate"
2025-11-24 10:14:19.036 DEBUG 39420 --- [http-nio-8080-exec-2] c.d.learnbuddy.service.CourseService     : Python输出:   },
2025-11-24 10:14:19.036 DEBUG 39420 --- [http-nio-8080-exec-2] c.d.learnbuddy.service.CourseService     : Python输出:   {
2025-11-24 10:14:19.036 DEBUG 39420 --- [http-nio-8080-exec-2] c.d.learnbuddy.service.CourseService     : Python输出:     "title": "����ѧϰ",
2025-11-24 10:14:19.041 DEBUG 39420 --- [http-nio-8080-exec-2] c.d.learnbuddy.service.CourseService     : Python输出:     "university": "������ѧ",
2025-11-24 10:14:19.041 DEBUG 39420 --- [http-nio-8080-exec-2] c.d.learnbuddy.service.CourseService     : Python输出:     "instructor": "������",
2025-11-24 10:14:19.042 DEBUG 39420 --- [http-nio-8080-exec-2] c.d.learnbuddy.service.CourseService     : Python输出:     "imageUrl": "https://picsum.photos/400/200?random=1004",
2025-11-24 10:14:19.042 DEBUG 39420 --- [http-nio-8080-exec-2] c.d.learnbuddy.service.CourseService     : Python输出:     "courseLink": "https://www.icourse163.org/course/FUDAN-1001539001",
2025-11-24 10:14:19.042 DEBUG 39420 --- [http-nio-8080-exec-2] c.d.learnbuddy.service.CourseService     : Python输出:     "platform": "icourse163",
2025-11-24 10:14:19.043 DEBUG 39420 --- [http-nio-8080-exec-2] c.d.learnbuddy.service.CourseService     : Python输出:     "category": "�����",
2025-11-24 10:14:19.043 DEBUG 39420 --- [http-nio-8080-exec-2] c.d.learnbuddy.service.CourseService     : Python输出:     "difficulty": "advanced"
2025-11-24 10:14:19.043 DEBUG 39420 --- [http-nio-8080-exec-2] c.d.learnbuddy.service.CourseService     : Python输出:   },
2025-11-24 10:14:19.043 DEBUG 39420 --- [http-nio-8080-exec-2] c.d.learnbuddy.service.CourseService     : Python输出:   {
2025-11-24 10:14:19.043 DEBUG 39420 --- [http-nio-8080-exec-2] c.d.learnbuddy.service.CourseService     : Python输出:     "title": "Webǰ�˿���",
2025-11-24 10:14:19.043 DEBUG 39420 --- [http-nio-8080-exec-2] c.d.learnbuddy.service.CourseService     : Python输出:     "university": "������ѧ",
2025-11-24 10:14:19.044 DEBUG 39420 --- [http-nio-8080-exec-2] c.d.learnbuddy.service.CourseService     : Python输出:     "instructor": "���",
2025-11-24 10:14:19.054 DEBUG 39420 --- [http-nio-8080-exec-2] c.d.learnbuddy.service.CourseService     : Python输出:     "imageUrl": "https://picsum.photos/400/200?random=1005",
2025-11-24 10:14:19.054 DEBUG 39420 --- [http-nio-8080-exec-2] c.d.learnbuddy.service.CourseService     : Python输出:     "courseLink": "https://www.icourse163.org/course/PKU-1001541001",
2025-11-24 10:14:19.055 DEBUG 39420 --- [http-nio-8080-exec-2] c.d.learnbuddy.service.CourseService     : Python输出:     "platform": "icourse163",
2025-11-24 10:14:19.055 DEBUG 39420 --- [http-nio-8080-exec-2] c.d.learnbuddy.service.CourseService     : Python输出:     "category": "�����",
2025-11-24 10:14:19.056 DEBUG 39420 --- [http-nio-8080-exec-2] c.d.learnbuddy.service.CourseService     : Python输出:     "difficulty": "intermediate"
2025-11-24 10:14:19.059 DEBUG 39420 --- [http-nio-8080-exec-2] c.d.learnbuddy.service.CourseService     : Python输出:   }
2025-11-24 10:14:19.060 DEBUG 39420 --- [http-nio-8080-exec-2] c.d.learnbuddy.service.CourseService     : Python输出: ]
2025-11-24 10:14:19.060  INFO 39420 --- [http-nio-8080-exec-2] c.d.learnbuddy.service.CourseService     : Python进程退出码: 0
2025-11-24 10:14:19.083  INFO 39420 --- [http-nio-8080-exec-2] c.d.learnbuddy.service.CourseService     : Python爬虫成功获取 5 门课程
2025-11-24 10:14:21.115  WARN 39420 --- [http-nio-8080-exec-7] .w.s.m.s.DefaultHandlerExceptionResolver : Resolved [org.springframework.web.HttpRequestMethodNotSupportedException: Request method 'GET' not supported]
2025-11-24 10:14:24.945  WARN 39420 --- [http-nio-8080-exec-3] .w.s.m.s.DefaultHandlerExceptionResolver : Resolved [org.springframework.web.HttpRequestMethodNotSupportedException: Request method 'POST' not supported]
2025-11-24 10:14:25.995  WARN 39420 --- [http-nio-8080-exec-4] .w.s.m.s.DefaultHandlerExceptionResolver : Resolved [org.springframework.web.HttpRequestMethodNotSupportedException: Request method 'POST' not supported]
2025-11-24 10:14:26.635  WARN 39420 --- [http-nio-8080-exec-9] .w.s.m.s.DefaultHandlerExceptionResolver : Resolved [org.springframework.web.HttpRequestMethodNotSupportedException: Request method 'POST' not supported]
2025-11-24 10:14:26.820  WARN 39420 --- [http-nio-8080-exec-5] .w.s.m.s.DefaultHandlerExceptionResolver : Resolved [org.springframework.web.HttpRequestMethodNotSupportedException: Request method 'POST' not supported]
2025-11-24 10:14:26.977  WARN 39420 --- [http-nio-8080-exec-10] .w.s.m.s.DefaultHandlerExceptionResolver : Resolved [org.springframework.web.HttpRequestMethodNotSupportedException: Request method 'POST' not supported]
2025-11-24 10:14:27.132  WARN 39420 --- [http-nio-8080-exec-1] .w.s.m.s.DefaultHandlerExceptionResolver : Resolved [org.springframework.web.HttpRequestMethodNotSupportedException: Request method 'POST' not supported]
2025-11-24 10:14:27.346  WARN 39420 --- [http-nio-8080-exec-2] .w.s.m.s.DefaultHandlerExceptionResolver : Resolved [org.springframework.web.HttpRequestMethodNotSupportedException: Request method 'POST' not supported]
2025-11-24 10:14:29.684  WARN 39420 --- [http-nio-8080-exec-6] .w.s.m.s.DefaultHandlerExceptionResolver : Resolved [org.springframework.web.HttpRequestMethodNotSupportedException: Request method 'POST' not supported]
2025-11-24 10:14:30.591  WARN 39420 --- [http-nio-8080-exec-7] .w.s.m.s.DefaultHandlerExceptionResolver : Resolved [org.springframework.web.HttpRequestMethodNotSupportedException: Request method 'POST' not supported]
2025-11-24 10:14:30.746  WARN 39420 --- [http-nio-8080-exec-8] .w.s.m.s.DefaultHandlerExceptionResolver : Resolved [org.springframework.web.HttpRequestMethodNotSupportedException: Request method 'POST' not supported]
2025-11-24 10:14:30.956  WARN 39420 --- [http-nio-8080-exec-3] .w.s.m.s.DefaultHandlerExceptionResolver : Resolved [org.springframework.web.HttpRequestMethodNotSupportedException: Request method 'POST' not supported]
2025-11-24 10:14:31.121  WARN 39420 --- [http-nio-8080-exec-4] .w.s.m.s.DefaultHandlerExceptionResolver : Resolved [org.springframework.web.HttpRequestMethodNotSupportedException: Request method 'POST' not supported]
2025-11-24 10:14:31.286  WARN 39420 --- [http-nio-8080-exec-9] .w.s.m.s.DefaultHandlerExceptionResolver : Resolved [org.springframework.web.HttpRequestMethodNotSupportedException: Request method 'POST' not supported]
2025-11-24 10:14:31.437  WARN 39420 --- [http-nio-8080-exec-5] .w.s.m.s.DefaultHandlerExceptionResolver : Resolved [org.springframework.web.HttpRequestMethodNotSupportedException: Request method 'POST' not supported]
2025-11-24 10:14:31.598  WARN 39420 --- [http-nio-8080-exec-10] .w.s.m.s.DefaultHandlerExceptionResolver : Resolved [org.springframework.web.HttpRequestMethodNotSupportedException: Request method 'POST' not supported]
2025-11-24 10:14:31.752  WARN 39420 --- [http-nio-8080-exec-1] .w.s.m.s.DefaultHandlerExceptionResolver : Resolved [org.springframework.web.HttpRequestMethodNotSupportedException: Request method 'POST' not supported]
2025-11-24 10:14:31.889  WARN 39420 --- [http-nio-8080-exec-2] .w.s.m.s.DefaultHandlerExceptionResolver : Resolved [org.springframework.web.HttpRequestMethodNotSupportedException: Request method 'POST' not supported]
2025-11-24 10:14:32.057  WARN 39420 --- [http-nio-8080-exec-6] .w.s.m.s.DefaultHandlerExceptionResolver : Resolved [org.springframework.web.HttpRequestMethodNotSupportedException: Request method 'POST' not supported]
2025-11-24 10:14:32.204  WARN 39420 --- [http-nio-8080-exec-7] .w.s.m.s.DefaultHandlerExceptionResolver : Resolved [org.springframework.web.HttpRequestMethodNotSupportedException: Request method 'POST' not supported]
2025-11-24 10:14:32.339  WARN 39420 --- [http-nio-8080-exec-8] .w.s.m.s.DefaultHandlerExceptionResolver : Resolved [org.springframework.web.HttpRequestMethodNotSupportedException: Request method 'POST' not supported]
2025-11-24 10:14:32.503  WARN 39420 --- [http-nio-8080-exec-3] .w.s.m.s.DefaultHandlerExceptionResolver : Resolved [org.springframework.web.HttpRequestMethodNotSupportedException: Request method 'POST' not supported]
2025-11-24 10:14:32.655  WARN 39420 --- [http-nio-8080-exec-4] .w.s.m.s.DefaultHandlerExceptionResolver : Resolved [org.springframework.web.HttpRequestMethodNotSupportedException: Request method 'POST' not supported]
2025-11-24 10:14:32.819  WARN 39420 --- [http-nio-8080-exec-9] .w.s.m.s.DefaultHandlerExceptionResolver : Resolved [org.springframework.web.HttpRequestMethodNotSupportedException: Request method 'POST' not supported]
2025-11-24 10:14:32.975  WARN 39420 --- [http-nio-8080-exec-5] .w.s.m.s.DefaultHandlerExceptionResolver : Resolved [org.springframework.web.HttpRequestMethodNotSupportedException: Request method 'POST' not supported]
2025-11-24 10:14:33.140  WARN 39420 --- [http-nio-8080-exec-10] .w.s.m.s.DefaultHandlerExceptionResolver : Resolved [org.springframework.web.HttpRequestMethodNotSupportedException: Request method 'POST' not supported]
2025-11-24 10:14:33.287  WARN 39420 --- [http-nio-8080-exec-1] .w.s.m.s.DefaultHandlerExceptionResolver : Resolved [org.springframework.web.HttpRequestMethodNotSupportedException: Request method 'POST' not supported]
2025-11-24 10:14:33.469  WARN 39420 --- [http-nio-8080-exec-2] .w.s.m.s.DefaultHandlerExceptionResolver : Resolved [org.springframework.web.HttpRequestMethodNotSupportedException: Request method 'POST' not supported]
2025-11-24 10:14:33.599  WARN 39420 --- [http-nio-8080-exec-6] .w.s.m.s.DefaultHandlerExceptionResolver : Resolved [org.springframework.web.HttpRequestMethodNotSupportedException: Request method 'POST' not supported]
2025-11-24 10:14:33.760  WARN 39420 --- [http-nio-8080-exec-7] .w.s.m.s.DefaultHandlerExceptionResolver : Resolved [org.springframework.web.HttpRequestMethodNotSupportedException: Request method 'POST' not supported]
2025-11-24 10:14:33.941  WARN 39420 --- [http-nio-8080-exec-8] .w.s.m.s.DefaultHandlerExceptionResolver : Resolved [org.springframework.web.HttpRequestMethodNotSupportedException: Request method 'POST' not supported]
2025-11-24 10:14:34.093  WARN 39420 --- [http-nio-8080-exec-3] .w.s.m.s.DefaultHandlerExceptionResolver : Resolved [org.springframework.web.HttpRequestMethodNotSupportedException: Request method 'POST' not supported]
2025-11-24 10:14:34.285  WARN 39420 --- [http-nio-8080-exec-4] .w.s.m.s.DefaultHandlerExceptionResolver : Resolved [org.springframework.web.HttpRequestMethodNotSupportedException: Request method 'POST' not supported]
2025-11-24 10:14:34.438  WARN 39420 --- [http-nio-8080-exec-9] .w.s.m.s.DefaultHandlerExceptionResolver : Resolved [org.springframework.web.HttpRequestMethodNotSupportedException: Request method 'POST' not supported]
2025-11-24 10:14:34.597  WARN 39420 --- [http-nio-8080-exec-5] .w.s.m.s.DefaultHandlerExceptionResolver : Resolved [org.springframework.web.HttpRequestMethodNotSupportedException: Request method 'POST' not supported]
2025-11-24 10:14:34.798  WARN 39420 --- [http-nio-8080-exec-10] .w.s.m.s.DefaultHandlerExceptionResolver : Resolved [org.springframework.web.HttpRequestMethodNotSupportedException: Request method 'POST' not supported]
2025-11-24 10:14:34.963  WARN 39420 --- [http-nio-8080-exec-1] .w.s.m.s.DefaultHandlerExceptionResolver : Resolved [org.springframework.web.HttpRequestMethodNotSupportedException: Request method 'POST' not supported]
2025-11-24 10:14:35.177  WARN 39420 --- [http-nio-8080-exec-2] .w.s.m.s.DefaultHandlerExceptionResolver : Resolved [org.springframework.web.HttpRequestMethodNotSupportedException: Request method 'POST' not supported]
2025-11-24 10:14:35.354  WARN 39420 --- [http-nio-8080-exec-6] .w.s.m.s.DefaultHandlerExceptionResolver : Resolved [org.springframework.web.HttpRequestMethodNotSupportedException: Request method 'POST' not supported]
2025-11-24 10:14:35.525  WARN 39420 --- [http-nio-8080-exec-7] .w.s.m.s.DefaultHandlerExceptionResolver : Resolved [org.springframework.web.HttpRequestMethodNotSupportedException: Request method 'POST' not supported]
2025-11-24 10:14:35.713  WARN 39420 --- [http-nio-8080-exec-8] .w.s.m.s.DefaultHandlerExceptionResolver : Resolved [org.springframework.web.HttpRequestMethodNotSupportedException: Request method 'POST' not supported]
2025-11-24 10:14:35.925  WARN 39420 --- [http-nio-8080-exec-3] .w.s.m.s.DefaultHandlerExceptionResolver : Resolved [org.springframework.web.HttpRequestMethodNotSupportedException: Request method 'POST' not supported]
2025-11-24 10:14:36.084  WARN 39420 --- [http-nio-8080-exec-4] .w.s.m.s.DefaultHandlerExceptionResolver : Resolved [org.springframework.web.HttpRequestMethodNotSupportedException: Request method 'POST' not supported]
2025-11-24 10:14:38.613  WARN 39420 --- [http-nio-8080-exec-9] .w.s.m.s.DefaultHandlerExceptionResolver : Resolved [org.springframework.web.HttpRequestMethodNotSupportedException: Request method 'POST' not supported]
2025-11-24 10:14:40.996  WARN 39420 --- [http-nio-8080-exec-5] .w.s.m.s.DefaultHandlerExceptionResolver : Resolved [org.springframework.web.HttpRequestMethodNotSupportedException: Request method 'POST' not supported]
2025-11-24 10:14:41.186  WARN 39420 --- [http-nio-8080-exec-10] .w.s.m.s.DefaultHandlerExceptionResolver : Resolved [org.springframework.web.HttpRequestMethodNotSupportedException: Request method 'POST' not supported]
2025-11-24 10:14:41.336  WARN 39420 --- [http-nio-8080-exec-1] .w.s.m.s.DefaultHandlerExceptionResolver : Resolved [org.springframework.web.HttpRequestMethodNotSupportedException: Request method 'POST' not supported]
2025-11-24 10:14:41.504  WARN 39420 --- [http-nio-8080-exec-2] .w.s.m.s.DefaultHandlerExceptionResolver : Resolved [org.springframework.web.HttpRequestMethodNotSupportedException: Request method 'POST' not supported]
2025-11-24 10:14:41.670  WARN 39420 --- [http-nio-8080-exec-6] .w.s.m.s.DefaultHandlerExceptionResolver : Resolved [org.springframework.web.HttpRequestMethodNotSupportedException: Request method 'POST' not supported]
2025-11-24 10:14:41.854  WARN 39420 --- [http-nio-8080-exec-7] .w.s.m.s.DefaultHandlerExceptionResolver : Resolved [org.springframework.web.HttpRequestMethodNotSupportedException: Request method 'POST' not supported]
2025-11-24 10:14:42.069  WARN 39420 --- [http-nio-8080-exec-8] .w.s.m.s.DefaultHandlerExceptionResolver : Resolved [org.springframework.web.HttpRequestMethodNotSupportedException: Request method 'POST' not supported]
2025-11-24 10:14:42.203  WARN 39420 --- [http-nio-8080-exec-3] .w.s.m.s.DefaultHandlerExceptionResolver : Resolved [org.springframework.web.HttpRequestMethodNotSupportedException: Request method 'POST' not supported]
2025-11-24 10:14:42.416  WARN 39420 --- [http-nio-8080-exec-4] .w.s.m.s.DefaultHandlerExceptionResolver : Resolved [org.springframework.web.HttpRequestMethodNotSupportedException: Request method 'POST' not supported]
2025-11-24 10:14:42.578  WARN 39420 --- [http-nio-8080-exec-9] .w.s.m.s.DefaultHandlerExceptionResolver : Resolved [org.springframework.web.HttpRequestMethodNotSupportedException: Request method 'POST' not supported]
2025-11-24 10:14:42.830  WARN 39420 --- [http-nio-8080-exec-5] .w.s.m.s.DefaultHandlerExceptionResolver : Resolved [org.springframework.web.HttpRequestMethodNotSupportedException: Request method 'POST' not supported]
2025-11-24 10:21:25.488  INFO 39420 --- [http-nio-8080-exec-1] c.d.learnbuddy.service.CourseService     : 找到Python脚本: D:\001_ZJNUThird\ai-learning-partner\ai-learning-partner\learn-buddy-backend\python-crawler\run_scraper.py
2025-11-24 10:21:25.573  INFO 39420 --- [http-nio-8080-exec-1] c.d.learnbuddy.service.CourseService     : 检测到Python命令: python
2025-11-24 10:21:25.573  INFO 39420 --- [http-nio-8080-exec-1] c.d.learnbuddy.service.CourseService     : 使用Python命令: python, 脚本: D:\001_ZJNUThird\ai-learning-partner\ai-learning-partner\learn-buddy-backend\python-crawler\run_scraper.py
2025-11-24 10:21:26.796 DEBUG 39420 --- [http-nio-8080-exec-1] c.d.learnbuddy.service.CourseService     : Python输出: [
2025-11-24 10:21:26.797 DEBUG 39420 --- [http-nio-8080-exec-1] c.d.learnbuddy.service.CourseService     : Python输出:   {
2025-11-24 10:21:26.798 DEBUG 39420 --- [http-nio-8080-exec-1] c.d.learnbuddy.service.CourseService     : Python输出:     "title": "Python���Գ������",
2025-11-24 10:21:26.799 DEBUG 39420 --- [http-nio-8080-exec-1] c.d.learnbuddy.service.CourseService     : Python输出:     "university": "��������ѧ",
2025-11-24 10:21:26.799 DEBUG 39420 --- [http-nio-8080-exec-1] c.d.learnbuddy.service.CourseService     : Python输出:     "instructor": "����",
2025-11-24 10:21:26.799 DEBUG 39420 --- [http-nio-8080-exec-1] c.d.learnbuddy.service.CourseService     : Python输出:     "imageUrl": "https://picsum.photos/400/200?random=1001",
2025-11-24 10:21:26.800 DEBUG 39420 --- [http-nio-8080-exec-1] c.d.learnbuddy.service.CourseService     : Python输出:     "courseLink": "https://www.icourse163.org/course/BIT-268001",
2025-11-24 10:21:26.800 DEBUG 39420 --- [http-nio-8080-exec-1] c.d.learnbuddy.service.CourseService     : Python输出:     "platform": "icourse163",
2025-11-24 10:21:26.800 DEBUG 39420 --- [http-nio-8080-exec-1] c.d.learnbuddy.service.CourseService     : Python输出:     "category": "�����",
2025-11-24 10:21:26.800 DEBUG 39420 --- [http-nio-8080-exec-1] c.d.learnbuddy.service.CourseService     : Python输出:     "difficulty": "beginner"
2025-11-24 10:21:26.800 DEBUG 39420 --- [http-nio-8080-exec-1] c.d.learnbuddy.service.CourseService     : Python输出:   },
2025-11-24 10:21:26.800 DEBUG 39420 --- [http-nio-8080-exec-1] c.d.learnbuddy.service.CourseService     : Python输出:   {
2025-11-24 10:21:26.801 DEBUG 39420 --- [http-nio-8080-exec-1] c.d.learnbuddy.service.CourseService     : Python输出:     "title": "Java�������",
2025-11-24 10:21:26.801 DEBUG 39420 --- [http-nio-8080-exec-1] c.d.learnbuddy.service.CourseService     : Python输出:     "university": "�㽭��ѧ",
2025-11-24 10:21:26.801 DEBUG 39420 --- [http-nio-8080-exec-1] c.d.learnbuddy.service.CourseService     : Python输出:     "instructor": "����",
2025-11-24 10:21:26.801 DEBUG 39420 --- [http-nio-8080-exec-1] c.d.learnbuddy.service.CourseService     : Python输出:     "imageUrl": "https://picsum.photos/400/200?random=1002",
2025-11-24 10:21:26.801 DEBUG 39420 --- [http-nio-8080-exec-1] c.d.learnbuddy.service.CourseService     : Python输出:     "courseLink": "https://www.icourse163.org/course/ZJU-1001541001",
2025-11-24 10:21:26.802 DEBUG 39420 --- [http-nio-8080-exec-1] c.d.learnbuddy.service.CourseService     : Python输出:     "platform": "icourse163",
2025-11-24 10:21:26.804 DEBUG 39420 --- [http-nio-8080-exec-1] c.d.learnbuddy.service.CourseService     : Python输出:     "category": "�����",
2025-11-24 10:21:26.805 DEBUG 39420 --- [http-nio-8080-exec-1] c.d.learnbuddy.service.CourseService     : Python输出:     "difficulty": "beginner"
2025-11-24 10:21:26.805 DEBUG 39420 --- [http-nio-8080-exec-1] c.d.learnbuddy.service.CourseService     : Python输出:   },
2025-11-24 10:21:26.805 DEBUG 39420 --- [http-nio-8080-exec-1] c.d.learnbuddy.service.CourseService     : Python输出:   {
2025-11-24 10:21:26.805 DEBUG 39420 --- [http-nio-8080-exec-1] c.d.learnbuddy.service.CourseService     : Python输出:     "title": "���ݽṹ",
2025-11-24 10:21:26.805 DEBUG 39420 --- [http-nio-8080-exec-1] c.d.learnbuddy.service.CourseService     : Python输出:     "university": "�廪��ѧ",
2025-11-24 10:21:26.805 DEBUG 39420 --- [http-nio-8080-exec-1] c.d.learnbuddy.service.CourseService     : Python输出:     "instructor": "�˿���",
2025-11-24 10:21:26.805 DEBUG 39420 --- [http-nio-8080-exec-1] c.d.learnbuddy.service.CourseService     : Python输出:     "imageUrl": "https://picsum.photos/400/200?random=1003",
2025-11-24 10:21:26.805 DEBUG 39420 --- [http-nio-8080-exec-1] c.d.learnbuddy.service.CourseService     : Python输出:     "courseLink": "https://www.icourse163.org/course/THU-1001539001",
2025-11-24 10:21:26.805 DEBUG 39420 --- [http-nio-8080-exec-1] c.d.learnbuddy.service.CourseService     : Python输出:     "platform": "icourse163",
2025-11-24 10:21:26.805 DEBUG 39420 --- [http-nio-8080-exec-1] c.d.learnbuddy.service.CourseService     : Python输出:     "category": "�����",
2025-11-24 10:21:26.806 DEBUG 39420 --- [http-nio-8080-exec-1] c.d.learnbuddy.service.CourseService     : Python输出:     "difficulty": "intermediate"
2025-11-24 10:21:26.806 DEBUG 39420 --- [http-nio-8080-exec-1] c.d.learnbuddy.service.CourseService     : Python输出:   },
2025-11-24 10:21:26.806 DEBUG 39420 --- [http-nio-8080-exec-1] c.d.learnbuddy.service.CourseService     : Python输出:   {
2025-11-24 10:21:26.806 DEBUG 39420 --- [http-nio-8080-exec-1] c.d.learnbuddy.service.CourseService     : Python输出:     "title": "����ѧϰ",
2025-11-24 10:21:26.806 DEBUG 39420 --- [http-nio-8080-exec-1] c.d.learnbuddy.service.CourseService     : Python输出:     "university": "������ѧ",
2025-11-24 10:21:26.806 DEBUG 39420 --- [http-nio-8080-exec-1] c.d.learnbuddy.service.CourseService     : Python输出:     "instructor": "������",
2025-11-24 10:21:26.806 DEBUG 39420 --- [http-nio-8080-exec-1] c.d.learnbuddy.service.CourseService     : Python输出:     "imageUrl": "https://picsum.photos/400/200?random=1004",
2025-11-24 10:21:26.806 DEBUG 39420 --- [http-nio-8080-exec-1] c.d.learnbuddy.service.CourseService     : Python输出:     "courseLink": "https://www.icourse163.org/course/FUDAN-1001539001",
2025-11-24 10:21:26.806 DEBUG 39420 --- [http-nio-8080-exec-1] c.d.learnbuddy.service.CourseService     : Python输出:     "platform": "icourse163",
2025-11-24 10:21:26.806 DEBUG 39420 --- [http-nio-8080-exec-1] c.d.learnbuddy.service.CourseService     : Python输出:     "category": "�����",
2025-11-24 10:21:26.806 DEBUG 39420 --- [http-nio-8080-exec-1] c.d.learnbuddy.service.CourseService     : Python输出:     "difficulty": "advanced"
2025-11-24 10:21:26.806 DEBUG 39420 --- [http-nio-8080-exec-1] c.d.learnbuddy.service.CourseService     : Python输出:   },
2025-11-24 10:21:26.807 DEBUG 39420 --- [http-nio-8080-exec-1] c.d.learnbuddy.service.CourseService     : Python输出:   {
2025-11-24 10:21:26.807 DEBUG 39420 --- [http-nio-8080-exec-1] c.d.learnbuddy.service.CourseService     : Python输出:     "title": "Webǰ�˿���",
2025-11-24 10:21:26.807 DEBUG 39420 --- [http-nio-8080-exec-1] c.d.learnbuddy.service.CourseService     : Python输出:     "university": "������ѧ",
2025-11-24 10:21:26.807 DEBUG 39420 --- [http-nio-8080-exec-1] c.d.learnbuddy.service.CourseService     : Python输出:     "instructor": "���",
2025-11-24 10:21:26.807 DEBUG 39420 --- [http-nio-8080-exec-1] c.d.learnbuddy.service.CourseService     : Python输出:     "imageUrl": "https://picsum.photos/400/200?random=1005",
2025-11-24 10:21:26.810 DEBUG 39420 --- [http-nio-8080-exec-1] c.d.learnbuddy.service.CourseService     : Python输出:     "courseLink": "https://www.icourse163.org/course/PKU-1001541001",
2025-11-24 10:21:26.810 DEBUG 39420 --- [http-nio-8080-exec-1] c.d.learnbuddy.service.CourseService     : Python输出:     "platform": "icourse163",
2025-11-24 10:21:26.810 DEBUG 39420 --- [http-nio-8080-exec-1] c.d.learnbuddy.service.CourseService     : Python输出:     "category": "�����",
2025-11-24 10:21:26.810 DEBUG 39420 --- [http-nio-8080-exec-1] c.d.learnbuddy.service.CourseService     : Python输出:     "difficulty": "intermediate"
2025-11-24 10:21:26.810 DEBUG 39420 --- [http-nio-8080-exec-1] c.d.learnbuddy.service.CourseService     : Python输出:   }
2025-11-24 10:21:26.810 DEBUG 39420 --- [http-nio-8080-exec-1] c.d.learnbuddy.service.CourseService     : Python输出: ]
2025-11-24 10:21:26.835  INFO 39420 --- [http-nio-8080-exec-1] c.d.learnbuddy.service.CourseService     : Python进程退出码: 0
2025-11-24 10:21:26.836  INFO 39420 --- [http-nio-8080-exec-1] c.d.learnbuddy.service.CourseService     : Python爬虫成功获取 5 门课程
2025-11-24 10:24:09.960  INFO 39420 --- [http-nio-8080-exec-6] c.d.learnbuddy.service.CourseService     : 找到Python脚本: D:\001_ZJNUThird\ai-learning-partner\ai-learning-partner\learn-buddy-backend\python-crawler\run_scraper.py
2025-11-24 10:24:10.001  INFO 39420 --- [http-nio-8080-exec-6] c.d.learnbuddy.service.CourseService     : 检测到Python命令: python
2025-11-24 10:24:10.002  INFO 39420 --- [http-nio-8080-exec-6] c.d.learnbuddy.service.CourseService     : 使用Python命令: python, 脚本: D:\001_ZJNUThird\ai-learning-partner\ai-learning-partner\learn-buddy-backend\python-crawler\run_scraper.py
2025-11-24 10:24:11.062 DEBUG 39420 --- [http-nio-8080-exec-6] c.d.learnbuddy.service.CourseService     : Python输出: [
2025-11-24 10:24:11.063 DEBUG 39420 --- [http-nio-8080-exec-6] c.d.learnbuddy.service.CourseService     : Python输出:   {
2025-11-24 10:24:11.063 DEBUG 39420 --- [http-nio-8080-exec-6] c.d.learnbuddy.service.CourseService     : Python输出:     "title": "Python���Գ������",
2025-11-24 10:24:11.063 DEBUG 39420 --- [http-nio-8080-exec-6] c.d.learnbuddy.service.CourseService     : Python输出:     "university": "��������ѧ",
2025-11-24 10:24:11.064 DEBUG 39420 --- [http-nio-8080-exec-6] c.d.learnbuddy.service.CourseService     : Python输出:     "instructor": "����",
2025-11-24 10:24:11.064 DEBUG 39420 --- [http-nio-8080-exec-6] c.d.learnbuddy.service.CourseService     : Python输出:     "imageUrl": "https://picsum.photos/400/200?random=1001",
2025-11-24 10:24:11.065 DEBUG 39420 --- [http-nio-8080-exec-6] c.d.learnbuddy.service.CourseService     : Python输出:     "courseLink": "https://www.icourse163.org/course/BIT-268001",
2025-11-24 10:24:11.065 DEBUG 39420 --- [http-nio-8080-exec-6] c.d.learnbuddy.service.CourseService     : Python输出:     "platform": "icourse163",
2025-11-24 10:24:11.065 DEBUG 39420 --- [http-nio-8080-exec-6] c.d.learnbuddy.service.CourseService     : Python输出:     "category": "�����",
2025-11-24 10:24:11.065 DEBUG 39420 --- [http-nio-8080-exec-6] c.d.learnbuddy.service.CourseService     : Python输出:     "difficulty": "beginner"
2025-11-24 10:24:11.066 DEBUG 39420 --- [http-nio-8080-exec-6] c.d.learnbuddy.service.CourseService     : Python输出:   },
2025-11-24 10:24:11.066 DEBUG 39420 --- [http-nio-8080-exec-6] c.d.learnbuddy.service.CourseService     : Python输出:   {
2025-11-24 10:24:11.066 DEBUG 39420 --- [http-nio-8080-exec-6] c.d.learnbuddy.service.CourseService     : Python输出:     "title": "Java�������",
2025-11-24 10:24:11.066 DEBUG 39420 --- [http-nio-8080-exec-6] c.d.learnbuddy.service.CourseService     : Python输出:     "university": "�㽭��ѧ",
2025-11-24 10:24:11.066 DEBUG 39420 --- [http-nio-8080-exec-6] c.d.learnbuddy.service.CourseService     : Python输出:     "instructor": "����",
2025-11-24 10:24:11.066 DEBUG 39420 --- [http-nio-8080-exec-6] c.d.learnbuddy.service.CourseService     : Python输出:     "imageUrl": "https://picsum.photos/400/200?random=1002",
2025-11-24 10:24:11.066 DEBUG 39420 --- [http-nio-8080-exec-6] c.d.learnbuddy.service.CourseService     : Python输出:     "courseLink": "https://www.icourse163.org/course/ZJU-1001541001",
2025-11-24 10:24:11.066 DEBUG 39420 --- [http-nio-8080-exec-6] c.d.learnbuddy.service.CourseService     : Python输出:     "platform": "icourse163",
2025-11-24 10:24:11.067 DEBUG 39420 --- [http-nio-8080-exec-6] c.d.learnbuddy.service.CourseService     : Python输出:     "category": "�����",
2025-11-24 10:24:11.067 DEBUG 39420 --- [http-nio-8080-exec-6] c.d.learnbuddy.service.CourseService     : Python输出:     "difficulty": "beginner"
2025-11-24 10:24:11.067 DEBUG 39420 --- [http-nio-8080-exec-6] c.d.learnbuddy.service.CourseService     : Python输出:   },
2025-11-24 10:24:11.067 DEBUG 39420 --- [http-nio-8080-exec-6] c.d.learnbuddy.service.CourseService     : Python输出:   {
2025-11-24 10:24:11.067 DEBUG 39420 --- [http-nio-8080-exec-6] c.d.learnbuddy.service.CourseService     : Python输出:     "title": "���ݽṹ",
2025-11-24 10:24:11.067 DEBUG 39420 --- [http-nio-8080-exec-6] c.d.learnbuddy.service.CourseService     : Python输出:     "university": "�廪��ѧ",
2025-11-24 10:24:11.067 DEBUG 39420 --- [http-nio-8080-exec-6] c.d.learnbuddy.service.CourseService     : Python输出:     "instructor": "�˿���",
2025-11-24 10:24:11.068 DEBUG 39420 --- [http-nio-8080-exec-6] c.d.learnbuddy.service.CourseService     : Python输出:     "imageUrl": "https://picsum.photos/400/200?random=1003",
2025-11-24 10:24:11.068 DEBUG 39420 --- [http-nio-8080-exec-6] c.d.learnbuddy.service.CourseService     : Python输出:     "courseLink": "https://www.icourse163.org/course/THU-1001539001",
2025-11-24 10:24:11.068 DEBUG 39420 --- [http-nio-8080-exec-6] c.d.learnbuddy.service.CourseService     : Python输出:     "platform": "icourse163",
2025-11-24 10:24:11.068 DEBUG 39420 --- [http-nio-8080-exec-6] c.d.learnbuddy.service.CourseService     : Python输出:     "category": "�����",
2025-11-24 10:24:11.068 DEBUG 39420 --- [http-nio-8080-exec-6] c.d.learnbuddy.service.CourseService     : Python输出:     "difficulty": "intermediate"
2025-11-24 10:24:11.068 DEBUG 39420 --- [http-nio-8080-exec-6] c.d.learnbuddy.service.CourseService     : Python输出:   },
2025-11-24 10:24:11.068 DEBUG 39420 --- [http-nio-8080-exec-6] c.d.learnbuddy.service.CourseService     : Python输出:   {
2025-11-24 10:24:11.068 DEBUG 39420 --- [http-nio-8080-exec-6] c.d.learnbuddy.service.CourseService     : Python输出:     "title": "����ѧϰ",
2025-11-24 10:24:11.069 DEBUG 39420 --- [http-nio-8080-exec-6] c.d.learnbuddy.service.CourseService     : Python输出:     "university": "������ѧ",
2025-11-24 10:24:11.069 DEBUG 39420 --- [http-nio-8080-exec-6] c.d.learnbuddy.service.CourseService     : Python输出:     "instructor": "������",
2025-11-24 10:24:11.069 DEBUG 39420 --- [http-nio-8080-exec-6] c.d.learnbuddy.service.CourseService     : Python输出:     "imageUrl": "https://picsum.photos/400/200?random=1004",
2025-11-24 10:24:11.069 DEBUG 39420 --- [http-nio-8080-exec-6] c.d.learnbuddy.service.CourseService     : Python输出:     "courseLink": "https://www.icourse163.org/course/FUDAN-1001539001",
2025-11-24 10:24:11.069 DEBUG 39420 --- [http-nio-8080-exec-6] c.d.learnbuddy.service.CourseService     : Python输出:     "platform": "icourse163",
2025-11-24 10:24:11.069 DEBUG 39420 --- [http-nio-8080-exec-6] c.d.learnbuddy.service.CourseService     : Python输出:     "category": "�����",
2025-11-24 10:24:11.069 DEBUG 39420 --- [http-nio-8080-exec-6] c.d.learnbuddy.service.CourseService     : Python输出:     "difficulty": "advanced"
2025-11-24 10:24:11.070 DEBUG 39420 --- [http-nio-8080-exec-6] c.d.learnbuddy.service.CourseService     : Python输出:   },
2025-11-24 10:24:11.071 DEBUG 39420 --- [http-nio-8080-exec-6] c.d.learnbuddy.service.CourseService     : Python输出:   {
2025-11-24 10:24:11.072 DEBUG 39420 --- [http-nio-8080-exec-6] c.d.learnbuddy.service.CourseService     : Python输出:     "title": "Webǰ�˿���",
2025-11-24 10:24:11.072 DEBUG 39420 --- [http-nio-8080-exec-6] c.d.learnbuddy.service.CourseService     : Python输出:     "university": "������ѧ",
2025-11-24 10:24:11.073 DEBUG 39420 --- [http-nio-8080-exec-6] c.d.learnbuddy.service.CourseService     : Python输出:     "instructor": "���",
2025-11-24 10:24:11.073 DEBUG 39420 --- [http-nio-8080-exec-6] c.d.learnbuddy.service.CourseService     : Python输出:     "imageUrl": "https://picsum.photos/400/200?random=1005",
2025-11-24 10:24:11.074 DEBUG 39420 --- [http-nio-8080-exec-6] c.d.learnbuddy.service.CourseService     : Python输出:     "courseLink": "https://www.icourse163.org/course/PKU-1001541001",
2025-11-24 10:24:11.074 DEBUG 39420 --- [http-nio-8080-exec-6] c.d.learnbuddy.service.CourseService     : Python输出:     "platform": "icourse163",
2025-11-24 10:24:11.074 DEBUG 39420 --- [http-nio-8080-exec-6] c.d.learnbuddy.service.CourseService     : Python输出:     "category": "�����",
2025-11-24 10:24:11.074 DEBUG 39420 --- [http-nio-8080-exec-6] c.d.learnbuddy.service.CourseService     : Python输出:     "difficulty": "intermediate"
2025-11-24 10:24:11.074 DEBUG 39420 --- [http-nio-8080-exec-6] c.d.learnbuddy.service.CourseService     : Python输出:   }
2025-11-24 10:24:11.075 DEBUG 39420 --- [http-nio-8080-exec-6] c.d.learnbuddy.service.CourseService     : Python输出: ]
2025-11-24 10:24:11.112  INFO 39420 --- [http-nio-8080-exec-6] c.d.learnbuddy.service.CourseService     : Python进程退出码: 0
2025-11-24 10:24:11.112  INFO 39420 --- [http-nio-8080-exec-6] c.d.learnbuddy.service.CourseService     : Python爬虫成功获取 5 门课程
2025-11-24 10:27:21.593  INFO 38240 --- [main] c.d.l.LearnBuddyBackendApplication       : Starting LearnBuddyBackendApplication using Java 21.0.7 on LAPTOP-2IOG7FMP with PID 38240 (D:\001_ZJNUThird\ai-learning-partner\ai-learning-partner\learn-buddy-backend\target\classes started by jasmine in D:\001_ZJNUThird\ai-learning-partner\ai-learning-partner\learn-buddy-backend)
2025-11-24 10:27:21.594 DEBUG 38240 --- [main] c.d.l.LearnBuddyBackendApplication       : Running with Spring Boot v2.7.18, Spring v5.3.31
2025-11-24 10:27:21.595  INFO 38240 --- [main] c.d.l.LearnBuddyBackendApplication       : No active profile set, falling back to 1 default profile: "default"
2025-11-24 10:27:21.982  INFO 38240 --- [main] .s.d.r.c.RepositoryConfigurationDelegate : Bootstrapping Spring Data JPA repositories in DEFAULT mode.
2025-11-24 10:27:22.019  INFO 38240 --- [main] .s.d.r.c.RepositoryConfigurationDelegate : Finished Spring Data repository scanning in 33 ms. Found 9 JPA repository interfaces.
2025-11-24 10:27:22.282  INFO 38240 --- [main] o.s.b.w.embedded.tomcat.TomcatWebServer  : Tomcat initialized with port(s): 8080 (http)
2025-11-24 10:27:22.282  INFO 38240 --- [main] o.a.catalina.core.AprLifecycleListener   : Loaded Apache Tomcat Native library [2.0.8] using APR version [1.7.4].
2025-11-24 10:27:22.283  INFO 38240 --- [main] o.a.catalina.core.AprLifecycleListener   : APR capabilities: IPv6 [true], sendfile [true], accept filters [false], random [true], UDS [true].
2025-11-24 10:27:22.283  INFO 38240 --- [main] o.a.catalina.core.AprLifecycleListener   : APR/OpenSSL configuration: useAprConnector [false], useOpenSSL [true]
2025-11-24 10:27:22.285  INFO 38240 --- [main] o.a.catalina.core.AprLifecycleListener   : OpenSSL successfully initialized [OpenSSL 3.0.14 4 Jun 2024]
2025-11-24 10:27:22.290  INFO 38240 --- [main] o.apache.catalina.core.StandardService   : Starting service [Tomcat]
2025-11-24 10:27:22.290  INFO 38240 --- [main] org.apache.catalina.core.StandardEngine  : Starting Servlet engine: [Apache Tomcat/9.0.83]
2025-11-24 10:27:22.360  INFO 38240 --- [main] o.a.c.c.C.[Tomcat].[localhost].[/]       : Initializing Spring embedded WebApplicationContext
2025-11-24 10:27:22.361  INFO 38240 --- [main] w.s.c.ServletWebServerApplicationContext : Root WebApplicationContext: initialization completed in 740 ms
2025-11-24 10:27:22.449  INFO 38240 --- [main] o.hibernate.jpa.internal.util.LogHelper  : HHH000204: Processing PersistenceUnitInfo [name: default]
2025-11-24 10:27:22.469  INFO 38240 --- [main] org.hibernate.Version                    : HHH000412: Hibernate ORM core version 5.6.15.Final
2025-11-24 10:27:22.528  INFO 38240 --- [main] o.hibernate.annotations.common.Version   : HCANN000001: Hibernate Commons Annotations {5.1.2.Final}
2025-11-24 10:27:22.564  INFO 38240 --- [main] com.zaxxer.hikari.HikariDataSource       : HikariPool-1 - Starting...
2025-11-24 10:27:22.639  INFO 38240 --- [main] com.zaxxer.hikari.HikariDataSource       : HikariPool-1 - Start completed.
2025-11-24 10:27:22.654  INFO 38240 --- [main] org.hibernate.dialect.Dialect            : HHH000400: Using dialect: org.hibernate.dialect.MySQL8Dialect
2025-11-24 10:27:23.021  INFO 38240 --- [main] o.h.e.t.j.p.i.JtaPlatformInitiator       : HHH000490: Using JtaPlatform implementation: [org.hibernate.engine.transaction.jta.platform.internal.NoJtaPlatform]
2025-11-24 10:27:23.025  INFO 38240 --- [main] j.LocalContainerEntityManagerFactoryBean : Initialized JPA EntityManagerFactory for persistence unit 'default'
2025-11-24 10:27:23.408  WARN 38240 --- [main] JpaBaseConfiguration$JpaWebConfiguration : spring.jpa.open-in-view is enabled by default. Therefore, database queries may be performed during view rendering. Explicitly configure spring.jpa.open-in-view to disable this warning
2025-11-24 10:27:23.621  INFO 38240 --- [main] o.s.b.w.embedded.tomcat.TomcatWebServer  : Tomcat started on port(s): 8080 (http) with context path ''
2025-11-24 10:27:23.625  INFO 38240 --- [main] c.d.l.LearnBuddyBackendApplication       : Started LearnBuddyBackendApplication in 2.236 seconds (JVM running for 2.46)
2025-11-24 10:29:24.084  INFO 38240 --- [http-nio-8080-exec-1] o.a.c.c.C.[Tomcat].[localhost].[/]       : Initializing Spring DispatcherServlet 'dispatcherServlet'
2025-11-24 10:29:24.085  INFO 38240 --- [http-nio-8080-exec-1] o.s.web.servlet.DispatcherServlet        : Initializing Servlet 'dispatcherServlet'
2025-11-24 10:29:24.086  INFO 38240 --- [http-nio-8080-exec-1] o.s.web.servlet.DispatcherServlet        : Completed initialization in 1 ms
2025-11-24 10:29:24.097 ERROR 38240 --- [http-nio-8080-exec-1] o.a.c.c.C.[.[.[/].[dispatcherServlet]    : Servlet.service() for servlet [dispatcherServlet] in context with path [] threw exception [Request processing failed; nested exception is java.lang.IllegalArgumentException: When allowCredentials is true, allowedOrigins cannot contain the special value "*" since that cannot be set on the "Access-Control-Allow-Origin" response header. To allow credentials to a set of origins, list them explicitly or consider using "allowedOriginPatterns" instead.] with root cause

java.lang.IllegalArgumentException: When allowCredentials is true, allowedOrigins cannot contain the special value "*" since that cannot be set on the "Access-Control-Allow-Origin" response header. To allow credentials to a set of origins, list them explicitly or consider using "allowedOriginPatterns" instead.
	at org.springframework.web.cors.CorsConfiguration.validateAllowCredentials(CorsConfiguration.java:495) ~[spring-web-5.3.31.jar:5.3.31]
	at org.springframework.web.servlet.handler.AbstractHandlerMapping.getHandler(AbstractHandlerMapping.java:532) ~[spring-webmvc-5.3.31.jar:5.3.31]
	at org.springframework.web.servlet.DispatcherServlet.getHandler(DispatcherServlet.java:1266) ~[spring-webmvc-5.3.31.jar:5.3.31]
	at org.springframework.web.servlet.DispatcherServlet.doDispatch(DispatcherServlet.java:1048) ~[spring-webmvc-5.3.31.jar:5.3.31]
	at org.springframework.web.servlet.DispatcherServlet.doService(DispatcherServlet.java:965) ~[spring-webmvc-5.3.31.jar:5.3.31]
	at org.springframework.web.servlet.FrameworkServlet.processRequest(FrameworkServlet.java:1006) ~[spring-webmvc-5.3.31.jar:5.3.31]
	at org.springframework.web.servlet.FrameworkServlet.doGet(FrameworkServlet.java:898) ~[spring-webmvc-5.3.31.jar:5.3.31]
	at javax.servlet.http.HttpServlet.service(HttpServlet.java:529) ~[tomcat-embed-core-9.0.83.jar:4.0.FR]
	at org.springframework.web.servlet.FrameworkServlet.service(FrameworkServlet.java:883) ~[spring-webmvc-5.3.31.jar:5.3.31]
	at javax.servlet.http.HttpServlet.service(HttpServlet.java:623) ~[tomcat-embed-core-9.0.83.jar:4.0.FR]
	at org.apache.catalina.core.ApplicationFilterChain.internalDoFilter(ApplicationFilterChain.java:209) ~[tomcat-embed-core-9.0.83.jar:9.0.83]
	at org.apache.catalina.core.ApplicationFilterChain.doFilter(ApplicationFilterChain.java:153) ~[tomcat-embed-core-9.0.83.jar:9.0.83]
	at org.apache.tomcat.websocket.server.WsFilter.doFilter(WsFilter.java:51) ~[tomcat-embed-websocket-9.0.83.jar:9.0.83]
	at org.apache.catalina.core.ApplicationFilterChain.internalDoFilter(ApplicationFilterChain.java:178) ~[tomcat-embed-core-9.0.83.jar:9.0.83]
	at org.apache.catalina.core.ApplicationFilterChain.doFilter(ApplicationFilterChain.java:153) ~[tomcat-embed-core-9.0.83.jar:9.0.83]
	at org.springframework.web.filter.RequestContextFilter.doFilterInternal(RequestContextFilter.java:100) ~[spring-web-5.3.31.jar:5.3.31]
	at org.springframework.web.filter.OncePerRequestFilter.doFilter(OncePerRequestFilter.java:117) ~[spring-web-5.3.31.jar:5.3.31]
	at org.apache.catalina.core.ApplicationFilterChain.internalDoFilter(ApplicationFilterChain.java:178) ~[tomcat-embed-core-9.0.83.jar:9.0.83]
	at org.apache.catalina.core.ApplicationFilterChain.doFilter(ApplicationFilterChain.java:153) ~[tomcat-embed-core-9.0.83.jar:9.0.83]
	at org.springframework.web.filter.FormContentFilter.doFilterInternal(FormContentFilter.java:93) ~[spring-web-5.3.31.jar:5.3.31]
	at org.springframework.web.filter.OncePerRequestFilter.doFilter(OncePerRequestFilter.java:117) ~[spring-web-5.3.31.jar:5.3.31]
	at org.apache.catalina.core.ApplicationFilterChain.internalDoFilter(ApplicationFilterChain.java:178) ~[tomcat-embed-core-9.0.83.jar:9.0.83]
	at org.apache.catalina.core.ApplicationFilterChain.doFilter(ApplicationFilterChain.java:153) ~[tomcat-embed-core-9.0.83.jar:9.0.83]
	at org.springframework.web.filter.CharacterEncodingFilter.doFilterInternal(CharacterEncodingFilter.java:201) ~[spring-web-5.3.31.jar:5.3.31]
	at org.springframework.web.filter.OncePerRequestFilter.doFilter(OncePerRequestFilter.java:117) ~[spring-web-5.3.31.jar:5.3.31]
	at org.apache.catalina.core.ApplicationFilterChain.internalDoFilter(ApplicationFilterChain.java:178) ~[tomcat-embed-core-9.0.83.jar:9.0.83]
	at org.apache.catalina.core.ApplicationFilterChain.doFilter(ApplicationFilterChain.java:153) ~[tomcat-embed-core-9.0.83.jar:9.0.83]
	at com.digitalhorsepower.learnbuddy.config.SimpleCorsFilter.doFilter(SimpleCorsFilter.java:33) ~[classes/:na]
	at org.apache.catalina.core.ApplicationFilterChain.internalDoFilter(ApplicationFilterChain.java:178) ~[tomcat-embed-core-9.0.83.jar:9.0.83]
	at org.apache.catalina.core.ApplicationFilterChain.doFilter(ApplicationFilterChain.java:153) ~[tomcat-embed-core-9.0.83.jar:9.0.83]
	at org.apache.catalina.core.StandardWrapperValve.invoke(StandardWrapperValve.java:168) ~[tomcat-embed-core-9.0.83.jar:9.0.83]
	at org.apache.catalina.core.StandardContextValve.invoke(StandardContextValve.java:90) ~[tomcat-embed-core-9.0.83.jar:9.0.83]
	at org.apache.catalina.authenticator.AuthenticatorBase.invoke(AuthenticatorBase.java:481) ~[tomcat-embed-core-9.0.83.jar:9.0.83]
	at org.apache.catalina.core.StandardHostValve.invoke(StandardHostValve.java:130) ~[tomcat-embed-core-9.0.83.jar:9.0.83]
	at org.apache.catalina.valves.ErrorReportValve.invoke(ErrorReportValve.java:93) ~[tomcat-embed-core-9.0.83.jar:9.0.83]
	at org.apache.catalina.core.StandardEngineValve.invoke(StandardEngineValve.java:74) ~[tomcat-embed-core-9.0.83.jar:9.0.83]
	at org.apache.catalina.connector.CoyoteAdapter.service(CoyoteAdapter.java:342) ~[tomcat-embed-core-9.0.83.jar:9.0.83]
	at org.apache.coyote.http11.Http11Processor.service(Http11Processor.java:390) ~[tomcat-embed-core-9.0.83.jar:9.0.83]
	at org.apache.coyote.AbstractProcessorLight.process(AbstractProcessorLight.java:63) ~[tomcat-embed-core-9.0.83.jar:9.0.83]
	at org.apache.coyote.AbstractProtocol$ConnectionHandler.process(AbstractProtocol.java:928) ~[tomcat-embed-core-9.0.83.jar:9.0.83]
	at org.apache.tomcat.util.net.NioEndpoint$SocketProcessor.doRun(NioEndpoint.java:1794) ~[tomcat-embed-core-9.0.83.jar:9.0.83]
	at org.apache.tomcat.util.net.SocketProcessorBase.run(SocketProcessorBase.java:52) ~[tomcat-embed-core-9.0.83.jar:9.0.83]
	at org.apache.tomcat.util.threads.ThreadPoolExecutor.runWorker(ThreadPoolExecutor.java:1191) ~[tomcat-embed-core-9.0.83.jar:9.0.83]
	at org.apache.tomcat.util.threads.ThreadPoolExecutor$Worker.run(ThreadPoolExecutor.java:659) ~[tomcat-embed-core-9.0.83.jar:9.0.83]
	at org.apache.tomcat.util.threads.TaskThread$WrappingRunnable.run(TaskThread.java:61) ~[tomcat-embed-core-9.0.83.jar:9.0.83]
	at java.base/java.lang.Thread.run(Thread.java:1583) ~[na:na]

2025-11-24 10:29:50.337 ERROR 38240 --- [http-nio-8080-exec-2] o.a.c.c.C.[.[.[/].[dispatcherServlet]    : Servlet.service() for servlet [dispatcherServlet] in context with path [] threw exception [Request processing failed; nested exception is java.lang.IllegalArgumentException: When allowCredentials is true, allowedOrigins cannot contain the special value "*" since that cannot be set on the "Access-Control-Allow-Origin" response header. To allow credentials to a set of origins, list them explicitly or consider using "allowedOriginPatterns" instead.] with root cause

java.lang.IllegalArgumentException: When allowCredentials is true, allowedOrigins cannot contain the special value "*" since that cannot be set on the "Access-Control-Allow-Origin" response header. To allow credentials to a set of origins, list them explicitly or consider using "allowedOriginPatterns" instead.
	at org.springframework.web.cors.CorsConfiguration.validateAllowCredentials(CorsConfiguration.java:495) ~[spring-web-5.3.31.jar:5.3.31]
	at org.springframework.web.servlet.handler.AbstractHandlerMapping.getHandler(AbstractHandlerMapping.java:532) ~[spring-webmvc-5.3.31.jar:5.3.31]
	at org.springframework.web.servlet.DispatcherServlet.getHandler(DispatcherServlet.java:1266) ~[spring-webmvc-5.3.31.jar:5.3.31]
	at org.springframework.web.servlet.DispatcherServlet.doDispatch(DispatcherServlet.java:1048) ~[spring-webmvc-5.3.31.jar:5.3.31]
	at org.springframework.web.servlet.DispatcherServlet.doService(DispatcherServlet.java:965) ~[spring-webmvc-5.3.31.jar:5.3.31]
	at org.springframework.web.servlet.FrameworkServlet.processRequest(FrameworkServlet.java:1006) ~[spring-webmvc-5.3.31.jar:5.3.31]
	at org.springframework.web.servlet.FrameworkServlet.doGet(FrameworkServlet.java:898) ~[spring-webmvc-5.3.31.jar:5.3.31]
	at javax.servlet.http.HttpServlet.service(HttpServlet.java:529) ~[tomcat-embed-core-9.0.83.jar:4.0.FR]
	at org.springframework.web.servlet.FrameworkServlet.service(FrameworkServlet.java:883) ~[spring-webmvc-5.3.31.jar:5.3.31]
	at javax.servlet.http.HttpServlet.service(HttpServlet.java:623) ~[tomcat-embed-core-9.0.83.jar:4.0.FR]
	at org.apache.catalina.core.ApplicationFilterChain.internalDoFilter(ApplicationFilterChain.java:209) ~[tomcat-embed-core-9.0.83.jar:9.0.83]
	at org.apache.catalina.core.ApplicationFilterChain.doFilter(ApplicationFilterChain.java:153) ~[tomcat-embed-core-9.0.83.jar:9.0.83]
	at org.apache.tomcat.websocket.server.WsFilter.doFilter(WsFilter.java:51) ~[tomcat-embed-websocket-9.0.83.jar:9.0.83]
	at org.apache.catalina.core.ApplicationFilterChain.internalDoFilter(ApplicationFilterChain.java:178) ~[tomcat-embed-core-9.0.83.jar:9.0.83]
	at org.apache.catalina.core.ApplicationFilterChain.doFilter(ApplicationFilterChain.java:153) ~[tomcat-embed-core-9.0.83.jar:9.0.83]
	at org.springframework.web.filter.RequestContextFilter.doFilterInternal(RequestContextFilter.java:100) ~[spring-web-5.3.31.jar:5.3.31]
	at org.springframework.web.filter.OncePerRequestFilter.doFilter(OncePerRequestFilter.java:117) ~[spring-web-5.3.31.jar:5.3.31]
	at org.apache.catalina.core.ApplicationFilterChain.internalDoFilter(ApplicationFilterChain.java:178) ~[tomcat-embed-core-9.0.83.jar:9.0.83]
	at org.apache.catalina.core.ApplicationFilterChain.doFilter(ApplicationFilterChain.java:153) ~[tomcat-embed-core-9.0.83.jar:9.0.83]
	at org.springframework.web.filter.FormContentFilter.doFilterInternal(FormContentFilter.java:93) ~[spring-web-5.3.31.jar:5.3.31]
	at org.springframework.web.filter.OncePerRequestFilter.doFilter(OncePerRequestFilter.java:117) ~[spring-web-5.3.31.jar:5.3.31]
	at org.apache.catalina.core.ApplicationFilterChain.internalDoFilter(ApplicationFilterChain.java:178) ~[tomcat-embed-core-9.0.83.jar:9.0.83]
	at org.apache.catalina.core.ApplicationFilterChain.doFilter(ApplicationFilterChain.java:153) ~[tomcat-embed-core-9.0.83.jar:9.0.83]
	at org.springframework.web.filter.CharacterEncodingFilter.doFilterInternal(CharacterEncodingFilter.java:201) ~[spring-web-5.3.31.jar:5.3.31]
	at org.springframework.web.filter.OncePerRequestFilter.doFilter(OncePerRequestFilter.java:117) ~[spring-web-5.3.31.jar:5.3.31]
	at org.apache.catalina.core.ApplicationFilterChain.internalDoFilter(ApplicationFilterChain.java:178) ~[tomcat-embed-core-9.0.83.jar:9.0.83]
	at org.apache.catalina.core.ApplicationFilterChain.doFilter(ApplicationFilterChain.java:153) ~[tomcat-embed-core-9.0.83.jar:9.0.83]
	at com.digitalhorsepower.learnbuddy.config.SimpleCorsFilter.doFilter(SimpleCorsFilter.java:33) ~[classes/:na]
	at org.apache.catalina.core.ApplicationFilterChain.internalDoFilter(ApplicationFilterChain.java:178) ~[tomcat-embed-core-9.0.83.jar:9.0.83]
	at org.apache.catalina.core.ApplicationFilterChain.doFilter(ApplicationFilterChain.java:153) ~[tomcat-embed-core-9.0.83.jar:9.0.83]
	at org.apache.catalina.core.StandardWrapperValve.invoke(StandardWrapperValve.java:168) ~[tomcat-embed-core-9.0.83.jar:9.0.83]
	at org.apache.catalina.core.StandardContextValve.invoke(StandardContextValve.java:90) ~[tomcat-embed-core-9.0.83.jar:9.0.83]
	at org.apache.catalina.authenticator.AuthenticatorBase.invoke(AuthenticatorBase.java:481) ~[tomcat-embed-core-9.0.83.jar:9.0.83]
	at org.apache.catalina.core.StandardHostValve.invoke(StandardHostValve.java:130) ~[tomcat-embed-core-9.0.83.jar:9.0.83]
	at org.apache.catalina.valves.ErrorReportValve.invoke(ErrorReportValve.java:93) ~[tomcat-embed-core-9.0.83.jar:9.0.83]
	at org.apache.catalina.core.StandardEngineValve.invoke(StandardEngineValve.java:74) ~[tomcat-embed-core-9.0.83.jar:9.0.83]
	at org.apache.catalina.connector.CoyoteAdapter.service(CoyoteAdapter.java:342) ~[tomcat-embed-core-9.0.83.jar:9.0.83]
	at org.apache.coyote.http11.Http11Processor.service(Http11Processor.java:390) ~[tomcat-embed-core-9.0.83.jar:9.0.83]
	at org.apache.coyote.AbstractProcessorLight.process(AbstractProcessorLight.java:63) ~[tomcat-embed-core-9.0.83.jar:9.0.83]
	at org.apache.coyote.AbstractProtocol$ConnectionHandler.process(AbstractProtocol.java:928) ~[tomcat-embed-core-9.0.83.jar:9.0.83]
	at org.apache.tomcat.util.net.NioEndpoint$SocketProcessor.doRun(NioEndpoint.java:1794) ~[tomcat-embed-core-9.0.83.jar:9.0.83]
	at org.apache.tomcat.util.net.SocketProcessorBase.run(SocketProcessorBase.java:52) ~[tomcat-embed-core-9.0.83.jar:9.0.83]
	at org.apache.tomcat.util.threads.ThreadPoolExecutor.runWorker(ThreadPoolExecutor.java:1191) ~[tomcat-embed-core-9.0.83.jar:9.0.83]
	at org.apache.tomcat.util.threads.ThreadPoolExecutor$Worker.run(ThreadPoolExecutor.java:659) ~[tomcat-embed-core-9.0.83.jar:9.0.83]
	at org.apache.tomcat.util.threads.TaskThread$WrappingRunnable.run(TaskThread.java:61) ~[tomcat-embed-core-9.0.83.jar:9.0.83]
	at java.base/java.lang.Thread.run(Thread.java:1583) ~[na:na]

2025-11-24 10:31:16.570  INFO 32044 --- [main] c.d.l.LearnBuddyBackendApplication       : Starting LearnBuddyBackendApplication using Java 21.0.7 on LAPTOP-2IOG7FMP with PID 32044 (D:\001_ZJNUThird\ai-learning-partner\ai-learning-partner\learn-buddy-backend\target\classes started by jasmine in D:\001_ZJNUThird\ai-learning-partner\ai-learning-partner\learn-buddy-backend)
2025-11-24 10:31:16.572 DEBUG 32044 --- [main] c.d.l.LearnBuddyBackendApplication       : Running with Spring Boot v2.7.18, Spring v5.3.31
2025-11-24 10:31:16.572  INFO 32044 --- [main] c.d.l.LearnBuddyBackendApplication       : No active profile set, falling back to 1 default profile: "default"
2025-11-24 10:31:16.865  INFO 32044 --- [main] .s.d.r.c.RepositoryConfigurationDelegate : Bootstrapping Spring Data JPA repositories in DEFAULT mode.
2025-11-24 10:31:16.901  INFO 32044 --- [main] .s.d.r.c.RepositoryConfigurationDelegate : Finished Spring Data repository scanning in 31 ms. Found 9 JPA repository interfaces.
2025-11-24 10:31:17.139  INFO 32044 --- [main] o.s.b.w.embedded.tomcat.TomcatWebServer  : Tomcat initialized with port(s): 8080 (http)
2025-11-24 10:31:17.140  INFO 32044 --- [main] o.a.catalina.core.AprLifecycleListener   : Loaded Apache Tomcat Native library [2.0.8] using APR version [1.7.4].
2025-11-24 10:31:17.140  INFO 32044 --- [main] o.a.catalina.core.AprLifecycleListener   : APR capabilities: IPv6 [true], sendfile [true], accept filters [false], random [true], UDS [true].
2025-11-24 10:31:17.140  INFO 32044 --- [main] o.a.catalina.core.AprLifecycleListener   : APR/OpenSSL configuration: useAprConnector [false], useOpenSSL [true]
2025-11-24 10:31:17.144  INFO 32044 --- [main] o.a.catalina.core.AprLifecycleListener   : OpenSSL successfully initialized [OpenSSL 3.0.14 4 Jun 2024]
2025-11-24 10:31:17.148  INFO 32044 --- [main] o.apache.catalina.core.StandardService   : Starting service [Tomcat]
2025-11-24 10:31:17.148  INFO 32044 --- [main] org.apache.catalina.core.StandardEngine  : Starting Servlet engine: [Apache Tomcat/9.0.83]
2025-11-24 10:31:17.219  INFO 32044 --- [main] o.a.c.c.C.[Tomcat].[localhost].[/]       : Initializing Spring embedded WebApplicationContext
2025-11-24 10:31:17.220  INFO 32044 --- [main] w.s.c.ServletWebServerApplicationContext : Root WebApplicationContext: initialization completed in 623 ms
2025-11-24 10:31:17.294  INFO 32044 --- [main] o.hibernate.jpa.internal.util.LogHelper  : HHH000204: Processing PersistenceUnitInfo [name: default]
2025-11-24 10:31:17.313  INFO 32044 --- [main] org.hibernate.Version                    : HHH000412: Hibernate ORM core version 5.6.15.Final
2025-11-24 10:31:17.375  INFO 32044 --- [main] o.hibernate.annotations.common.Version   : HCANN000001: Hibernate Commons Annotations {5.1.2.Final}
2025-11-24 10:31:17.413  INFO 32044 --- [main] com.zaxxer.hikari.HikariDataSource       : HikariPool-1 - Starting...
2025-11-24 10:31:17.486  INFO 32044 --- [main] com.zaxxer.hikari.HikariDataSource       : HikariPool-1 - Start completed.
2025-11-24 10:31:17.492  INFO 32044 --- [main] org.hibernate.dialect.Dialect            : HHH000400: Using dialect: org.hibernate.dialect.MySQL8Dialect
2025-11-24 10:31:17.912  INFO 32044 --- [main] o.h.e.t.j.p.i.JtaPlatformInitiator       : HHH000490: Using JtaPlatform implementation: [org.hibernate.engine.transaction.jta.platform.internal.NoJtaPlatform]
2025-11-24 10:31:17.917  INFO 32044 --- [main] j.LocalContainerEntityManagerFactoryBean : Initialized JPA EntityManagerFactory for persistence unit 'default'
2025-11-24 10:31:18.251  WARN 32044 --- [main] JpaBaseConfiguration$JpaWebConfiguration : spring.jpa.open-in-view is enabled by default. Therefore, database queries may be performed during view rendering. Explicitly configure spring.jpa.open-in-view to disable this warning
2025-11-24 10:31:18.415  INFO 32044 --- [main] o.s.b.w.embedded.tomcat.TomcatWebServer  : Tomcat started on port(s): 8080 (http) with context path ''
2025-11-24 10:31:18.419  INFO 32044 --- [main] c.d.l.LearnBuddyBackendApplication       : Started LearnBuddyBackendApplication in 2.019 seconds (JVM running for 2.226)
2025-11-24 10:31:42.055  INFO 32044 --- [http-nio-8080-exec-1] o.a.c.c.C.[Tomcat].[localhost].[/]       : Initializing Spring DispatcherServlet 'dispatcherServlet'
2025-11-24 10:31:42.055  INFO 32044 --- [http-nio-8080-exec-1] o.s.web.servlet.DispatcherServlet        : Initializing Servlet 'dispatcherServlet'
2025-11-24 10:31:42.057  INFO 32044 --- [http-nio-8080-exec-1] o.s.web.servlet.DispatcherServlet        : Completed initialization in 2 ms
2025-11-24 10:31:42.074 ERROR 32044 --- [http-nio-8080-exec-1] o.a.c.c.C.[.[.[/].[dispatcherServlet]    : Servlet.service() for servlet [dispatcherServlet] in context with path [] threw exception [Request processing failed; nested exception is java.lang.IllegalArgumentException: When allowCredentials is true, allowedOrigins cannot contain the special value "*" since that cannot be set on the "Access-Control-Allow-Origin" response header. To allow credentials to a set of origins, list them explicitly or consider using "allowedOriginPatterns" instead.] with root cause

java.lang.IllegalArgumentException: When allowCredentials is true, allowedOrigins cannot contain the special value "*" since that cannot be set on the "Access-Control-Allow-Origin" response header. To allow credentials to a set of origins, list them explicitly or consider using "allowedOriginPatterns" instead.
	at org.springframework.web.cors.CorsConfiguration.validateAllowCredentials(CorsConfiguration.java:495) ~[spring-web-5.3.31.jar:5.3.31]
	at org.springframework.web.servlet.handler.AbstractHandlerMapping.getHandler(AbstractHandlerMapping.java:532) ~[spring-webmvc-5.3.31.jar:5.3.31]
	at org.springframework.web.servlet.DispatcherServlet.getHandler(DispatcherServlet.java:1266) ~[spring-webmvc-5.3.31.jar:5.3.31]
	at org.springframework.web.servlet.DispatcherServlet.doDispatch(DispatcherServlet.java:1048) ~[spring-webmvc-5.3.31.jar:5.3.31]
	at org.springframework.web.servlet.DispatcherServlet.doService(DispatcherServlet.java:965) ~[spring-webmvc-5.3.31.jar:5.3.31]
	at org.springframework.web.servlet.FrameworkServlet.processRequest(FrameworkServlet.java:1006) ~[spring-webmvc-5.3.31.jar:5.3.31]
	at org.springframework.web.servlet.FrameworkServlet.doGet(FrameworkServlet.java:898) ~[spring-webmvc-5.3.31.jar:5.3.31]
	at javax.servlet.http.HttpServlet.service(HttpServlet.java:529) ~[tomcat-embed-core-9.0.83.jar:4.0.FR]
	at org.springframework.web.servlet.FrameworkServlet.service(FrameworkServlet.java:883) ~[spring-webmvc-5.3.31.jar:5.3.31]
	at javax.servlet.http.HttpServlet.service(HttpServlet.java:623) ~[tomcat-embed-core-9.0.83.jar:4.0.FR]
	at org.apache.catalina.core.ApplicationFilterChain.internalDoFilter(ApplicationFilterChain.java:209) ~[tomcat-embed-core-9.0.83.jar:9.0.83]
	at org.apache.catalina.core.ApplicationFilterChain.doFilter(ApplicationFilterChain.java:153) ~[tomcat-embed-core-9.0.83.jar:9.0.83]
	at org.apache.tomcat.websocket.server.WsFilter.doFilter(WsFilter.java:51) ~[tomcat-embed-websocket-9.0.83.jar:9.0.83]
	at org.apache.catalina.core.ApplicationFilterChain.internalDoFilter(ApplicationFilterChain.java:178) ~[tomcat-embed-core-9.0.83.jar:9.0.83]
	at org.apache.catalina.core.ApplicationFilterChain.doFilter(ApplicationFilterChain.java:153) ~[tomcat-embed-core-9.0.83.jar:9.0.83]
	at org.springframework.web.filter.RequestContextFilter.doFilterInternal(RequestContextFilter.java:100) ~[spring-web-5.3.31.jar:5.3.31]
	at org.springframework.web.filter.OncePerRequestFilter.doFilter(OncePerRequestFilter.java:117) ~[spring-web-5.3.31.jar:5.3.31]
	at org.apache.catalina.core.ApplicationFilterChain.internalDoFilter(ApplicationFilterChain.java:178) ~[tomcat-embed-core-9.0.83.jar:9.0.83]
	at org.apache.catalina.core.ApplicationFilterChain.doFilter(ApplicationFilterChain.java:153) ~[tomcat-embed-core-9.0.83.jar:9.0.83]
	at org.springframework.web.filter.FormContentFilter.doFilterInternal(FormContentFilter.java:93) ~[spring-web-5.3.31.jar:5.3.31]
	at org.springframework.web.filter.OncePerRequestFilter.doFilter(OncePerRequestFilter.java:117) ~[spring-web-5.3.31.jar:5.3.31]
	at org.apache.catalina.core.ApplicationFilterChain.internalDoFilter(ApplicationFilterChain.java:178) ~[tomcat-embed-core-9.0.83.jar:9.0.83]
	at org.apache.catalina.core.ApplicationFilterChain.doFilter(ApplicationFilterChain.java:153) ~[tomcat-embed-core-9.0.83.jar:9.0.83]
	at org.springframework.web.filter.CharacterEncodingFilter.doFilterInternal(CharacterEncodingFilter.java:201) ~[spring-web-5.3.31.jar:5.3.31]
	at org.springframework.web.filter.OncePerRequestFilter.doFilter(OncePerRequestFilter.java:117) ~[spring-web-5.3.31.jar:5.3.31]
	at org.apache.catalina.core.ApplicationFilterChain.internalDoFilter(ApplicationFilterChain.java:178) ~[tomcat-embed-core-9.0.83.jar:9.0.83]
	at org.apache.catalina.core.ApplicationFilterChain.doFilter(ApplicationFilterChain.java:153) ~[tomcat-embed-core-9.0.83.jar:9.0.83]
	at com.digitalhorsepower.learnbuddy.config.SimpleCorsFilter.doFilter(SimpleCorsFilter.java:33) ~[classes/:na]
	at org.apache.catalina.core.ApplicationFilterChain.internalDoFilter(ApplicationFilterChain.java:178) ~[tomcat-embed-core-9.0.83.jar:9.0.83]
	at org.apache.catalina.core.ApplicationFilterChain.doFilter(ApplicationFilterChain.java:153) ~[tomcat-embed-core-9.0.83.jar:9.0.83]
	at org.apache.catalina.core.StandardWrapperValve.invoke(StandardWrapperValve.java:168) ~[tomcat-embed-core-9.0.83.jar:9.0.83]
	at org.apache.catalina.core.StandardContextValve.invoke(StandardContextValve.java:90) ~[tomcat-embed-core-9.0.83.jar:9.0.83]
	at org.apache.catalina.authenticator.AuthenticatorBase.invoke(AuthenticatorBase.java:481) ~[tomcat-embed-core-9.0.83.jar:9.0.83]
	at org.apache.catalina.core.StandardHostValve.invoke(StandardHostValve.java:130) ~[tomcat-embed-core-9.0.83.jar:9.0.83]
	at org.apache.catalina.valves.ErrorReportValve.invoke(ErrorReportValve.java:93) ~[tomcat-embed-core-9.0.83.jar:9.0.83]
	at org.apache.catalina.core.StandardEngineValve.invoke(StandardEngineValve.java:74) ~[tomcat-embed-core-9.0.83.jar:9.0.83]
	at org.apache.catalina.connector.CoyoteAdapter.service(CoyoteAdapter.java:342) ~[tomcat-embed-core-9.0.83.jar:9.0.83]
	at org.apache.coyote.http11.Http11Processor.service(Http11Processor.java:390) ~[tomcat-embed-core-9.0.83.jar:9.0.83]
	at org.apache.coyote.AbstractProcessorLight.process(AbstractProcessorLight.java:63) ~[tomcat-embed-core-9.0.83.jar:9.0.83]
	at org.apache.coyote.AbstractProtocol$ConnectionHandler.process(AbstractProtocol.java:928) ~[tomcat-embed-core-9.0.83.jar:9.0.83]
	at org.apache.tomcat.util.net.NioEndpoint$SocketProcessor.doRun(NioEndpoint.java:1794) ~[tomcat-embed-core-9.0.83.jar:9.0.83]
	at org.apache.tomcat.util.net.SocketProcessorBase.run(SocketProcessorBase.java:52) ~[tomcat-embed-core-9.0.83.jar:9.0.83]
	at org.apache.tomcat.util.threads.ThreadPoolExecutor.runWorker(ThreadPoolExecutor.java:1191) ~[tomcat-embed-core-9.0.83.jar:9.0.83]
	at org.apache.tomcat.util.threads.ThreadPoolExecutor$Worker.run(ThreadPoolExecutor.java:659) ~[tomcat-embed-core-9.0.83.jar:9.0.83]
	at org.apache.tomcat.util.threads.TaskThread$WrappingRunnable.run(TaskThread.java:61) ~[tomcat-embed-core-9.0.83.jar:9.0.83]
	at java.base/java.lang.Thread.run(Thread.java:1583) ~[na:na]

2025-11-24 10:32:59.204 ERROR 32044 --- [http-nio-8080-exec-10] o.a.c.c.C.[.[.[/].[dispatcherServlet]    : Servlet.service() for servlet [dispatcherServlet] in context with path [] threw exception [Request processing failed; nested exception is java.lang.IllegalArgumentException: When allowCredentials is true, allowedOrigins cannot contain the special value "*" since that cannot be set on the "Access-Control-Allow-Origin" response header. To allow credentials to a set of origins, list them explicitly or consider using "allowedOriginPatterns" instead.] with root cause

java.lang.IllegalArgumentException: When allowCredentials is true, allowedOrigins cannot contain the special value "*" since that cannot be set on the "Access-Control-Allow-Origin" response header. To allow credentials to a set of origins, list them explicitly or consider using "allowedOriginPatterns" instead.
	at org.springframework.web.cors.CorsConfiguration.validateAllowCredentials(CorsConfiguration.java:495) ~[spring-web-5.3.31.jar:5.3.31]
	at org.springframework.web.servlet.handler.AbstractHandlerMapping.getHandler(AbstractHandlerMapping.java:532) ~[spring-webmvc-5.3.31.jar:5.3.31]
	at org.springframework.web.servlet.DispatcherServlet.getHandler(DispatcherServlet.java:1266) ~[spring-webmvc-5.3.31.jar:5.3.31]
	at org.springframework.web.servlet.DispatcherServlet.doDispatch(DispatcherServlet.java:1048) ~[spring-webmvc-5.3.31.jar:5.3.31]
	at org.springframework.web.servlet.DispatcherServlet.doService(DispatcherServlet.java:965) ~[spring-webmvc-5.3.31.jar:5.3.31]
	at org.springframework.web.servlet.FrameworkServlet.processRequest(FrameworkServlet.java:1006) ~[spring-webmvc-5.3.31.jar:5.3.31]
	at org.springframework.web.servlet.FrameworkServlet.doGet(FrameworkServlet.java:898) ~[spring-webmvc-5.3.31.jar:5.3.31]
	at javax.servlet.http.HttpServlet.service(HttpServlet.java:529) ~[tomcat-embed-core-9.0.83.jar:4.0.FR]
	at org.springframework.web.servlet.FrameworkServlet.service(FrameworkServlet.java:883) ~[spring-webmvc-5.3.31.jar:5.3.31]
	at javax.servlet.http.HttpServlet.service(HttpServlet.java:623) ~[tomcat-embed-core-9.0.83.jar:4.0.FR]
	at org.apache.catalina.core.ApplicationFilterChain.internalDoFilter(ApplicationFilterChain.java:209) ~[tomcat-embed-core-9.0.83.jar:9.0.83]
	at org.apache.catalina.core.ApplicationFilterChain.doFilter(ApplicationFilterChain.java:153) ~[tomcat-embed-core-9.0.83.jar:9.0.83]
	at org.apache.tomcat.websocket.server.WsFilter.doFilter(WsFilter.java:51) ~[tomcat-embed-websocket-9.0.83.jar:9.0.83]
	at org.apache.catalina.core.ApplicationFilterChain.internalDoFilter(ApplicationFilterChain.java:178) ~[tomcat-embed-core-9.0.83.jar:9.0.83]
	at org.apache.catalina.core.ApplicationFilterChain.doFilter(ApplicationFilterChain.java:153) ~[tomcat-embed-core-9.0.83.jar:9.0.83]
	at org.springframework.web.filter.RequestContextFilter.doFilterInternal(RequestContextFilter.java:100) ~[spring-web-5.3.31.jar:5.3.31]
	at org.springframework.web.filter.OncePerRequestFilter.doFilter(OncePerRequestFilter.java:117) ~[spring-web-5.3.31.jar:5.3.31]
	at org.apache.catalina.core.ApplicationFilterChain.internalDoFilter(ApplicationFilterChain.java:178) ~[tomcat-embed-core-9.0.83.jar:9.0.83]
	at org.apache.catalina.core.ApplicationFilterChain.doFilter(ApplicationFilterChain.java:153) ~[tomcat-embed-core-9.0.83.jar:9.0.83]
	at org.springframework.web.filter.FormContentFilter.doFilterInternal(FormContentFilter.java:93) ~[spring-web-5.3.31.jar:5.3.31]
	at org.springframework.web.filter.OncePerRequestFilter.doFilter(OncePerRequestFilter.java:117) ~[spring-web-5.3.31.jar:5.3.31]
	at org.apache.catalina.core.ApplicationFilterChain.internalDoFilter(ApplicationFilterChain.java:178) ~[tomcat-embed-core-9.0.83.jar:9.0.83]
	at org.apache.catalina.core.ApplicationFilterChain.doFilter(ApplicationFilterChain.java:153) ~[tomcat-embed-core-9.0.83.jar:9.0.83]
	at org.springframework.web.filter.CharacterEncodingFilter.doFilterInternal(CharacterEncodingFilter.java:201) ~[spring-web-5.3.31.jar:5.3.31]
	at org.springframework.web.filter.OncePerRequestFilter.doFilter(OncePerRequestFilter.java:117) ~[spring-web-5.3.31.jar:5.3.31]
	at org.apache.catalina.core.ApplicationFilterChain.internalDoFilter(ApplicationFilterChain.java:178) ~[tomcat-embed-core-9.0.83.jar:9.0.83]
	at org.apache.catalina.core.ApplicationFilterChain.doFilter(ApplicationFilterChain.java:153) ~[tomcat-embed-core-9.0.83.jar:9.0.83]
	at com.digitalhorsepower.learnbuddy.config.SimpleCorsFilter.doFilter(SimpleCorsFilter.java:33) ~[classes/:na]
	at org.apache.catalina.core.ApplicationFilterChain.internalDoFilter(ApplicationFilterChain.java:178) ~[tomcat-embed-core-9.0.83.jar:9.0.83]
	at org.apache.catalina.core.ApplicationFilterChain.doFilter(ApplicationFilterChain.java:153) ~[tomcat-embed-core-9.0.83.jar:9.0.83]
	at org.apache.catalina.core.StandardWrapperValve.invoke(StandardWrapperValve.java:168) ~[tomcat-embed-core-9.0.83.jar:9.0.83]
	at org.apache.catalina.core.StandardContextValve.invoke(StandardContextValve.java:90) ~[tomcat-embed-core-9.0.83.jar:9.0.83]
	at org.apache.catalina.authenticator.AuthenticatorBase.invoke(AuthenticatorBase.java:481) ~[tomcat-embed-core-9.0.83.jar:9.0.83]
	at org.apache.catalina.core.StandardHostValve.invoke(StandardHostValve.java:130) ~[tomcat-embed-core-9.0.83.jar:9.0.83]
	at org.apache.catalina.valves.ErrorReportValve.invoke(ErrorReportValve.java:93) ~[tomcat-embed-core-9.0.83.jar:9.0.83]
	at org.apache.catalina.core.StandardEngineValve.invoke(StandardEngineValve.java:74) ~[tomcat-embed-core-9.0.83.jar:9.0.83]
	at org.apache.catalina.connector.CoyoteAdapter.service(CoyoteAdapter.java:342) ~[tomcat-embed-core-9.0.83.jar:9.0.83]
	at org.apache.coyote.http11.Http11Processor.service(Http11Processor.java:390) ~[tomcat-embed-core-9.0.83.jar:9.0.83]
	at org.apache.coyote.AbstractProcessorLight.process(AbstractProcessorLight.java:63) ~[tomcat-embed-core-9.0.83.jar:9.0.83]
	at org.apache.coyote.AbstractProtocol$ConnectionHandler.process(AbstractProtocol.java:928) ~[tomcat-embed-core-9.0.83.jar:9.0.83]
	at org.apache.tomcat.util.net.NioEndpoint$SocketProcessor.doRun(NioEndpoint.java:1794) ~[tomcat-embed-core-9.0.83.jar:9.0.83]
	at org.apache.tomcat.util.net.SocketProcessorBase.run(SocketProcessorBase.java:52) ~[tomcat-embed-core-9.0.83.jar:9.0.83]
	at org.apache.tomcat.util.threads.ThreadPoolExecutor.runWorker(ThreadPoolExecutor.java:1191) ~[tomcat-embed-core-9.0.83.jar:9.0.83]
	at org.apache.tomcat.util.threads.ThreadPoolExecutor$Worker.run(ThreadPoolExecutor.java:659) ~[tomcat-embed-core-9.0.83.jar:9.0.83]
	at org.apache.tomcat.util.threads.TaskThread$WrappingRunnable.run(TaskThread.java:61) ~[tomcat-embed-core-9.0.83.jar:9.0.83]
	at java.base/java.lang.Thread.run(Thread.java:1583) ~[na:na]

2025-11-24 10:39:57.524  INFO 4860 --- [main] c.d.l.LearnBuddyBackendApplication       : Starting LearnBuddyBackendApplication using Java 21.0.7 on LAPTOP-2IOG7FMP with PID 4860 (D:\001_ZJNUThird\ai-learning-partner\ai-learning-partner\learn-buddy-backend\target\classes started by jasmine in D:\001_ZJNUThird\ai-learning-partner\ai-learning-partner\learn-buddy-backend)
2025-11-24 10:39:57.525 DEBUG 4860 --- [main] c.d.l.LearnBuddyBackendApplication       : Running with Spring Boot v2.7.18, Spring v5.3.31
2025-11-24 10:39:57.526  INFO 4860 --- [main] c.d.l.LearnBuddyBackendApplication       : No active profile set, falling back to 1 default profile: "default"
2025-11-24 10:39:57.828  INFO 4860 --- [main] .s.d.r.c.RepositoryConfigurationDelegate : Bootstrapping Spring Data JPA repositories in DEFAULT mode.
2025-11-24 10:39:57.866  INFO 4860 --- [main] .s.d.r.c.RepositoryConfigurationDelegate : Finished Spring Data repository scanning in 33 ms. Found 9 JPA repository interfaces.
2025-11-24 10:39:58.158  INFO 4860 --- [main] o.s.b.w.embedded.tomcat.TomcatWebServer  : Tomcat initialized with port(s): 8080 (http)
2025-11-24 10:39:58.159  INFO 4860 --- [main] o.a.catalina.core.AprLifecycleListener   : Loaded Apache Tomcat Native library [2.0.8] using APR version [1.7.4].
2025-11-24 10:39:58.159  INFO 4860 --- [main] o.a.catalina.core.AprLifecycleListener   : APR capabilities: IPv6 [true], sendfile [true], accept filters [false], random [true], UDS [true].
2025-11-24 10:39:58.159  INFO 4860 --- [main] o.a.catalina.core.AprLifecycleListener   : APR/OpenSSL configuration: useAprConnector [false], useOpenSSL [true]
2025-11-24 10:39:58.162  INFO 4860 --- [main] o.a.catalina.core.AprLifecycleListener   : OpenSSL successfully initialized [OpenSSL 3.0.14 4 Jun 2024]
2025-11-24 10:39:58.167  INFO 4860 --- [main] o.apache.catalina.core.StandardService   : Starting service [Tomcat]
2025-11-24 10:39:58.167  INFO 4860 --- [main] org.apache.catalina.core.StandardEngine  : Starting Servlet engine: [Apache Tomcat/9.0.83]
2025-11-24 10:39:58.236  INFO 4860 --- [main] o.a.c.c.C.[Tomcat].[localhost].[/]       : Initializing Spring embedded WebApplicationContext
2025-11-24 10:39:58.236  INFO 4860 --- [main] w.s.c.ServletWebServerApplicationContext : Root WebApplicationContext: initialization completed in 686 ms
2025-11-24 10:39:58.311  INFO 4860 --- [main] o.hibernate.jpa.internal.util.LogHelper  : HHH000204: Processing PersistenceUnitInfo [name: default]
2025-11-24 10:39:58.328  INFO 4860 --- [main] org.hibernate.Version                    : HHH000412: Hibernate ORM core version 5.6.15.Final
2025-11-24 10:39:58.388  INFO 4860 --- [main] o.hibernate.annotations.common.Version   : HCANN000001: Hibernate Commons Annotations {5.1.2.Final}
2025-11-24 10:39:58.423  INFO 4860 --- [main] com.zaxxer.hikari.HikariDataSource       : HikariPool-1 - Starting...
2025-11-24 10:39:58.494  INFO 4860 --- [main] com.zaxxer.hikari.HikariDataSource       : HikariPool-1 - Start completed.
2025-11-24 10:39:58.500  INFO 4860 --- [main] org.hibernate.dialect.Dialect            : HHH000400: Using dialect: org.hibernate.dialect.MySQL8Dialect
2025-11-24 10:39:58.809  INFO 4860 --- [main] o.h.e.t.j.p.i.JtaPlatformInitiator       : HHH000490: Using JtaPlatform implementation: [org.hibernate.engine.transaction.jta.platform.internal.NoJtaPlatform]
2025-11-24 10:39:58.813  INFO 4860 --- [main] j.LocalContainerEntityManagerFactoryBean : Initialized JPA EntityManagerFactory for persistence unit 'default'
2025-11-24 10:39:59.162  WARN 4860 --- [main] JpaBaseConfiguration$JpaWebConfiguration : spring.jpa.open-in-view is enabled by default. Therefore, database queries may be performed during view rendering. Explicitly configure spring.jpa.open-in-view to disable this warning
2025-11-24 10:39:59.321  INFO 4860 --- [main] o.s.b.w.embedded.tomcat.TomcatWebServer  : Tomcat started on port(s): 8080 (http) with context path ''
2025-11-24 10:39:59.324  INFO 4860 --- [main] c.d.l.LearnBuddyBackendApplication       : Started LearnBuddyBackendApplication in 1.97 seconds (JVM running for 2.209)
2025-11-24 10:41:36.223  INFO 4860 --- [http-nio-8080-exec-1] o.a.c.c.C.[Tomcat].[localhost].[/]       : Initializing Spring DispatcherServlet 'dispatcherServlet'
2025-11-24 10:41:36.223  INFO 4860 --- [http-nio-8080-exec-1] o.s.web.servlet.DispatcherServlet        : Initializing Servlet 'dispatcherServlet'
2025-11-24 10:41:36.225  INFO 4860 --- [http-nio-8080-exec-1] o.s.web.servlet.DispatcherServlet        : Completed initialization in 1 ms
2025-11-24 10:41:36.239  INFO 4860 --- [http-nio-8080-exec-1] c.d.l.controller.CourseController        : 收到获取推荐课程请求
2025-11-24 10:41:36.240  INFO 4860 --- [http-nio-8080-exec-1] c.d.learnbuddy.service.CourseService     : 找到Python脚本: D:\001_ZJNUThird\ai-learning-partner\ai-learning-partner\learn-buddy-backend\python-crawler\run_scraper.py
2025-11-24 10:41:36.278  INFO 4860 --- [http-nio-8080-exec-1] c.d.learnbuddy.service.CourseService     : 检测到Python命令: python
2025-11-24 10:41:36.279  INFO 4860 --- [http-nio-8080-exec-1] c.d.learnbuddy.service.CourseService     : 使用Python命令: python, 脚本: D:\001_ZJNUThird\ai-learning-partner\ai-learning-partner\learn-buddy-backend\python-crawler\run_scraper.py
2025-11-24 10:41:36.758 DEBUG 4860 --- [http-nio-8080-exec-1] c.d.learnbuddy.service.CourseService     : Python输出: [
2025-11-24 10:41:36.758 DEBUG 4860 --- [http-nio-8080-exec-1] c.d.learnbuddy.service.CourseService     : Python输出:   {
2025-11-24 10:41:36.758 DEBUG 4860 --- [http-nio-8080-exec-1] c.d.learnbuddy.service.CourseService     : Python输出:     "title": "Python���Գ������",
2025-11-24 10:41:36.759 DEBUG 4860 --- [http-nio-8080-exec-1] c.d.learnbuddy.service.CourseService     : Python输出:     "university": "��������ѧ",
2025-11-24 10:41:36.759 DEBUG 4860 --- [http-nio-8080-exec-1] c.d.learnbuddy.service.CourseService     : Python输出:     "instructor": "����",
2025-11-24 10:41:36.759 DEBUG 4860 --- [http-nio-8080-exec-1] c.d.learnbuddy.service.CourseService     : Python输出:     "imageUrl": "https://picsum.photos/400/200?random=1001",
2025-11-24 10:41:36.759 DEBUG 4860 --- [http-nio-8080-exec-1] c.d.learnbuddy.service.CourseService     : Python输出:     "courseLink": "https://www.icourse163.org/course/BIT-268001",
2025-11-24 10:41:36.759 DEBUG 4860 --- [http-nio-8080-exec-1] c.d.learnbuddy.service.CourseService     : Python输出:     "platform": "icourse163",
2025-11-24 10:41:36.760 DEBUG 4860 --- [http-nio-8080-exec-1] c.d.learnbuddy.service.CourseService     : Python输出:     "category": "�����",
2025-11-24 10:41:36.760 DEBUG 4860 --- [http-nio-8080-exec-1] c.d.learnbuddy.service.CourseService     : Python输出:     "difficulty": "beginner"
2025-11-24 10:41:36.760 DEBUG 4860 --- [http-nio-8080-exec-1] c.d.learnbuddy.service.CourseService     : Python输出:   },
2025-11-24 10:41:36.761 DEBUG 4860 --- [http-nio-8080-exec-1] c.d.learnbuddy.service.CourseService     : Python输出:   {
2025-11-24 10:41:36.761 DEBUG 4860 --- [http-nio-8080-exec-1] c.d.learnbuddy.service.CourseService     : Python输出:     "title": "Java�������",
2025-11-24 10:41:36.761 DEBUG 4860 --- [http-nio-8080-exec-1] c.d.learnbuddy.service.CourseService     : Python输出:     "university": "�㽭��ѧ",
2025-11-24 10:41:36.761 DEBUG 4860 --- [http-nio-8080-exec-1] c.d.learnbuddy.service.CourseService     : Python输出:     "instructor": "����",
2025-11-24 10:41:36.761 DEBUG 4860 --- [http-nio-8080-exec-1] c.d.learnbuddy.service.CourseService     : Python输出:     "imageUrl": "https://picsum.photos/400/200?random=1002",
2025-11-24 10:41:36.762 DEBUG 4860 --- [http-nio-8080-exec-1] c.d.learnbuddy.service.CourseService     : Python输出:     "courseLink": "https://www.icourse163.org/course/ZJU-1001541001",
2025-11-24 10:41:36.762 DEBUG 4860 --- [http-nio-8080-exec-1] c.d.learnbuddy.service.CourseService     : Python输出:     "platform": "icourse163",
2025-11-24 10:41:36.762 DEBUG 4860 --- [http-nio-8080-exec-1] c.d.learnbuddy.service.CourseService     : Python输出:     "category": "�����",
2025-11-24 10:41:36.762 DEBUG 4860 --- [http-nio-8080-exec-1] c.d.learnbuddy.service.CourseService     : Python输出:     "difficulty": "beginner"
2025-11-24 10:41:36.762 DEBUG 4860 --- [http-nio-8080-exec-1] c.d.learnbuddy.service.CourseService     : Python输出:   },
2025-11-24 10:41:36.762 DEBUG 4860 --- [http-nio-8080-exec-1] c.d.learnbuddy.service.CourseService     : Python输出:   {
2025-11-24 10:41:36.762 DEBUG 4860 --- [http-nio-8080-exec-1] c.d.learnbuddy.service.CourseService     : Python输出:     "title": "���ݽṹ",
2025-11-24 10:41:36.762 DEBUG 4860 --- [http-nio-8080-exec-1] c.d.learnbuddy.service.CourseService     : Python输出:     "university": "�廪��ѧ",
2025-11-24 10:41:36.763 DEBUG 4860 --- [http-nio-8080-exec-1] c.d.learnbuddy.service.CourseService     : Python输出:     "instructor": "�˿���",
2025-11-24 10:41:36.763 DEBUG 4860 --- [http-nio-8080-exec-1] c.d.learnbuddy.service.CourseService     : Python输出:     "imageUrl": "https://picsum.photos/400/200?random=1003",
2025-11-24 10:41:36.763 DEBUG 4860 --- [http-nio-8080-exec-1] c.d.learnbuddy.service.CourseService     : Python输出:     "courseLink": "https://www.icourse163.org/course/THU-1001539001",
2025-11-24 10:41:36.763 DEBUG 4860 --- [http-nio-8080-exec-1] c.d.learnbuddy.service.CourseService     : Python输出:     "platform": "icourse163",
2025-11-24 10:41:36.763 DEBUG 4860 --- [http-nio-8080-exec-1] c.d.learnbuddy.service.CourseService     : Python输出:     "category": "�����",
2025-11-24 10:41:36.763 DEBUG 4860 --- [http-nio-8080-exec-1] c.d.learnbuddy.service.CourseService     : Python输出:     "difficulty": "intermediate"
2025-11-24 10:41:36.764 DEBUG 4860 --- [http-nio-8080-exec-1] c.d.learnbuddy.service.CourseService     : Python输出:   },
2025-11-24 10:41:36.764 DEBUG 4860 --- [http-nio-8080-exec-1] c.d.learnbuddy.service.CourseService     : Python输出:   {
2025-11-24 10:41:36.764 DEBUG 4860 --- [http-nio-8080-exec-1] c.d.learnbuddy.service.CourseService     : Python输出:     "title": "����ѧϰ",
2025-11-24 10:41:36.765 DEBUG 4860 --- [http-nio-8080-exec-1] c.d.learnbuddy.service.CourseService     : Python输出:     "university": "������ѧ",
2025-11-24 10:41:36.765 DEBUG 4860 --- [http-nio-8080-exec-1] c.d.learnbuddy.service.CourseService     : Python输出:     "instructor": "������",
2025-11-24 10:41:36.766 DEBUG 4860 --- [http-nio-8080-exec-1] c.d.learnbuddy.service.CourseService     : Python输出:     "imageUrl": "https://picsum.photos/400/200?random=1004",
2025-11-24 10:41:36.766 DEBUG 4860 --- [http-nio-8080-exec-1] c.d.learnbuddy.service.CourseService     : Python输出:     "courseLink": "https://www.icourse163.org/course/FUDAN-1001539001",
2025-11-24 10:41:36.766 DEBUG 4860 --- [http-nio-8080-exec-1] c.d.learnbuddy.service.CourseService     : Python输出:     "platform": "icourse163",
2025-11-24 10:41:36.766 DEBUG 4860 --- [http-nio-8080-exec-1] c.d.learnbuddy.service.CourseService     : Python输出:     "category": "�����",
2025-11-24 10:41:36.766 DEBUG 4860 --- [http-nio-8080-exec-1] c.d.learnbuddy.service.CourseService     : Python输出:     "difficulty": "advanced"
2025-11-24 10:41:36.766 DEBUG 4860 --- [http-nio-8080-exec-1] c.d.learnbuddy.service.CourseService     : Python输出:   },
2025-11-24 10:41:36.766 DEBUG 4860 --- [http-nio-8080-exec-1] c.d.learnbuddy.service.CourseService     : Python输出:   {
2025-11-24 10:41:36.766 DEBUG 4860 --- [http-nio-8080-exec-1] c.d.learnbuddy.service.CourseService     : Python输出:     "title": "Webǰ�˿���",
2025-11-24 10:41:36.766 DEBUG 4860 --- [http-nio-8080-exec-1] c.d.learnbuddy.service.CourseService     : Python输出:     "university": "������ѧ",
2025-11-24 10:41:36.766 DEBUG 4860 --- [http-nio-8080-exec-1] c.d.learnbuddy.service.CourseService     : Python输出:     "instructor": "���",
2025-11-24 10:41:36.766 DEBUG 4860 --- [http-nio-8080-exec-1] c.d.learnbuddy.service.CourseService     : Python输出:     "imageUrl": "https://picsum.photos/400/200?random=1005",
2025-11-24 10:41:36.766 DEBUG 4860 --- [http-nio-8080-exec-1] c.d.learnbuddy.service.CourseService     : Python输出:     "courseLink": "https://www.icourse163.org/course/PKU-1001541001",
2025-11-24 10:41:36.766 DEBUG 4860 --- [http-nio-8080-exec-1] c.d.learnbuddy.service.CourseService     : Python输出:     "platform": "icourse163",
2025-11-24 10:41:36.766 DEBUG 4860 --- [http-nio-8080-exec-1] c.d.learnbuddy.service.CourseService     : Python输出:     "category": "�����",
2025-11-24 10:41:36.766 DEBUG 4860 --- [http-nio-8080-exec-1] c.d.learnbuddy.service.CourseService     : Python输出:     "difficulty": "intermediate"
2025-11-24 10:41:36.766 DEBUG 4860 --- [http-nio-8080-exec-1] c.d.learnbuddy.service.CourseService     : Python输出:   }
2025-11-24 10:41:36.767 DEBUG 4860 --- [http-nio-8080-exec-1] c.d.learnbuddy.service.CourseService     : Python输出: ]
2025-11-24 10:41:36.778  INFO 4860 --- [http-nio-8080-exec-1] c.d.learnbuddy.service.CourseService     : Python进程退出码: 0
2025-11-24 10:41:36.793  INFO 4860 --- [http-nio-8080-exec-1] c.d.learnbuddy.service.CourseService     : Python爬虫成功获取 5 门课程
2025-11-24 10:41:36.793  INFO 4860 --- [http-nio-8080-exec-1] c.d.l.controller.CourseController        : 返回推荐课程数量: 5
2025-11-24 10:45:42.851  INFO 4860 --- [http-nio-8080-exec-4] c.d.l.controller.CourseController        : 收到获取推荐课程请求
2025-11-24 10:45:42.853  INFO 4860 --- [http-nio-8080-exec-4] c.d.learnbuddy.service.CourseService     : 找到Python脚本: D:\001_ZJNUThird\ai-learning-partner\ai-learning-partner\learn-buddy-backend\python-crawler\run_scraper.py
2025-11-24 10:45:42.875  INFO 4860 --- [http-nio-8080-exec-4] c.d.learnbuddy.service.CourseService     : 检测到Python命令: python
2025-11-24 10:45:42.876  INFO 4860 --- [http-nio-8080-exec-4] c.d.learnbuddy.service.CourseService     : 使用Python命令: python, 脚本: D:\001_ZJNUThird\ai-learning-partner\ai-learning-partner\learn-buddy-backend\python-crawler\run_scraper.py
2025-11-24 10:45:43.660 DEBUG 4860 --- [http-nio-8080-exec-4] c.d.learnbuddy.service.CourseService     : Python输出: [
2025-11-24 10:45:43.660 DEBUG 4860 --- [http-nio-8080-exec-4] c.d.learnbuddy.service.CourseService     : Python输出:   {
2025-11-24 10:45:43.660 DEBUG 4860 --- [http-nio-8080-exec-4] c.d.learnbuddy.service.CourseService     : Python输出:     "title": "Python���Գ������",
2025-11-24 10:45:43.660 DEBUG 4860 --- [http-nio-8080-exec-4] c.d.learnbuddy.service.CourseService     : Python输出:     "university": "��������ѧ",
2025-11-24 10:45:43.660 DEBUG 4860 --- [http-nio-8080-exec-4] c.d.learnbuddy.service.CourseService     : Python输出:     "instructor": "����",
2025-11-24 10:45:43.660 DEBUG 4860 --- [http-nio-8080-exec-4] c.d.learnbuddy.service.CourseService     : Python输出:     "imageUrl": "https://picsum.photos/400/200?random=1001",
2025-11-24 10:45:43.660 DEBUG 4860 --- [http-nio-8080-exec-4] c.d.learnbuddy.service.CourseService     : Python输出:     "courseLink": "https://www.icourse163.org/course/BIT-268001",
2025-11-24 10:45:43.660 DEBUG 4860 --- [http-nio-8080-exec-4] c.d.learnbuddy.service.CourseService     : Python输出:     "platform": "icourse163",
2025-11-24 10:45:43.660 DEBUG 4860 --- [http-nio-8080-exec-4] c.d.learnbuddy.service.CourseService     : Python输出:     "category": "�����",
2025-11-24 10:45:43.660 DEBUG 4860 --- [http-nio-8080-exec-4] c.d.learnbuddy.service.CourseService     : Python输出:     "difficulty": "beginner"
2025-11-24 10:45:43.660 DEBUG 4860 --- [http-nio-8080-exec-4] c.d.learnbuddy.service.CourseService     : Python输出:   },
2025-11-24 10:45:43.660 DEBUG 4860 --- [http-nio-8080-exec-4] c.d.learnbuddy.service.CourseService     : Python输出:   {
2025-11-24 10:45:43.660 DEBUG 4860 --- [http-nio-8080-exec-4] c.d.learnbuddy.service.CourseService     : Python输出:     "title": "Java�������",
2025-11-24 10:45:43.660 DEBUG 4860 --- [http-nio-8080-exec-4] c.d.learnbuddy.service.CourseService     : Python输出:     "university": "�㽭��ѧ",
2025-11-24 10:45:43.661 DEBUG 4860 --- [http-nio-8080-exec-4] c.d.learnbuddy.service.CourseService     : Python输出:     "instructor": "����",
2025-11-24 10:45:43.661 DEBUG 4860 --- [http-nio-8080-exec-4] c.d.learnbuddy.service.CourseService     : Python输出:     "imageUrl": "https://picsum.photos/400/200?random=1002",
2025-11-24 10:45:43.662 DEBUG 4860 --- [http-nio-8080-exec-4] c.d.learnbuddy.service.CourseService     : Python输出:     "courseLink": "https://www.icourse163.org/course/ZJU-1001541001",
2025-11-24 10:45:43.662 DEBUG 4860 --- [http-nio-8080-exec-4] c.d.learnbuddy.service.CourseService     : Python输出:     "platform": "icourse163",
2025-11-24 10:45:43.663 DEBUG 4860 --- [http-nio-8080-exec-4] c.d.learnbuddy.service.CourseService     : Python输出:     "category": "�����",
2025-11-24 10:45:43.663 DEBUG 4860 --- [http-nio-8080-exec-4] c.d.learnbuddy.service.CourseService     : Python输出:     "difficulty": "beginner"
2025-11-24 10:45:43.663 DEBUG 4860 --- [http-nio-8080-exec-4] c.d.learnbuddy.service.CourseService     : Python输出:   },
2025-11-24 10:45:43.664 DEBUG 4860 --- [http-nio-8080-exec-4] c.d.learnbuddy.service.CourseService     : Python输出:   {
2025-11-24 10:45:43.664 DEBUG 4860 --- [http-nio-8080-exec-4] c.d.learnbuddy.service.CourseService     : Python输出:     "title": "���ݽṹ",
2025-11-24 10:45:43.664 DEBUG 4860 --- [http-nio-8080-exec-4] c.d.learnbuddy.service.CourseService     : Python输出:     "university": "�廪��ѧ",
2025-11-24 10:45:43.664 DEBUG 4860 --- [http-nio-8080-exec-4] c.d.learnbuddy.service.CourseService     : Python输出:     "instructor": "�˿���",
2025-11-24 10:45:43.664 DEBUG 4860 --- [http-nio-8080-exec-4] c.d.learnbuddy.service.CourseService     : Python输出:     "imageUrl": "https://picsum.photos/400/200?random=1003",
2025-11-24 10:45:43.665 DEBUG 4860 --- [http-nio-8080-exec-4] c.d.learnbuddy.service.CourseService     : Python输出:     "courseLink": "https://www.icourse163.org/course/THU-1001539001",
2025-11-24 10:45:43.665 DEBUG 4860 --- [http-nio-8080-exec-4] c.d.learnbuddy.service.CourseService     : Python输出:     "platform": "icourse163",
2025-11-24 10:45:43.665 DEBUG 4860 --- [http-nio-8080-exec-4] c.d.learnbuddy.service.CourseService     : Python输出:     "category": "�����",
2025-11-24 10:45:43.665 DEBUG 4860 --- [http-nio-8080-exec-4] c.d.learnbuddy.service.CourseService     : Python输出:     "difficulty": "intermediate"
2025-11-24 10:45:43.665 DEBUG 4860 --- [http-nio-8080-exec-4] c.d.learnbuddy.service.CourseService     : Python输出:   },
2025-11-24 10:45:43.665 DEBUG 4860 --- [http-nio-8080-exec-4] c.d.learnbuddy.service.CourseService     : Python输出:   {
2025-11-24 10:45:43.665 DEBUG 4860 --- [http-nio-8080-exec-4] c.d.learnbuddy.service.CourseService     : Python输出:     "title": "����ѧϰ",
2025-11-24 10:45:43.665 DEBUG 4860 --- [http-nio-8080-exec-4] c.d.learnbuddy.service.CourseService     : Python输出:     "university": "������ѧ",
2025-11-24 10:45:43.665 DEBUG 4860 --- [http-nio-8080-exec-4] c.d.learnbuddy.service.CourseService     : Python输出:     "instructor": "������",
2025-11-24 10:45:43.666 DEBUG 4860 --- [http-nio-8080-exec-4] c.d.learnbuddy.service.CourseService     : Python输出:     "imageUrl": "https://picsum.photos/400/200?random=1004",
2025-11-24 10:45:43.666 DEBUG 4860 --- [http-nio-8080-exec-4] c.d.learnbuddy.service.CourseService     : Python输出:     "courseLink": "https://www.icourse163.org/course/FUDAN-1001539001",
2025-11-24 10:45:43.666 DEBUG 4860 --- [http-nio-8080-exec-4] c.d.learnbuddy.service.CourseService     : Python输出:     "platform": "icourse163",
2025-11-24 10:45:43.666 DEBUG 4860 --- [http-nio-8080-exec-4] c.d.learnbuddy.service.CourseService     : Python输出:     "category": "�����",
2025-11-24 10:45:43.667 DEBUG 4860 --- [http-nio-8080-exec-4] c.d.learnbuddy.service.CourseService     : Python输出:     "difficulty": "advanced"
2025-11-24 10:45:43.667 DEBUG 4860 --- [http-nio-8080-exec-4] c.d.learnbuddy.service.CourseService     : Python输出:   },
2025-11-24 10:45:43.667 DEBUG 4860 --- [http-nio-8080-exec-4] c.d.learnbuddy.service.CourseService     : Python输出:   {
2025-11-24 10:45:43.667 DEBUG 4860 --- [http-nio-8080-exec-4] c.d.learnbuddy.service.CourseService     : Python输出:     "title": "Webǰ�˿���",
2025-11-24 10:45:43.667 DEBUG 4860 --- [http-nio-8080-exec-4] c.d.learnbuddy.service.CourseService     : Python输出:     "university": "������ѧ",
2025-11-24 10:45:43.667 DEBUG 4860 --- [http-nio-8080-exec-4] c.d.learnbuddy.service.CourseService     : Python输出:     "instructor": "���",
2025-11-24 10:45:43.667 DEBUG 4860 --- [http-nio-8080-exec-4] c.d.learnbuddy.service.CourseService     : Python输出:     "imageUrl": "https://picsum.photos/400/200?random=1005",
2025-11-24 10:45:43.668 DEBUG 4860 --- [http-nio-8080-exec-4] c.d.learnbuddy.service.CourseService     : Python输出:     "courseLink": "https://www.icourse163.org/course/PKU-1001541001",
2025-11-24 10:45:43.668 DEBUG 4860 --- [http-nio-8080-exec-4] c.d.learnbuddy.service.CourseService     : Python输出:     "platform": "icourse163",
2025-11-24 10:45:43.668 DEBUG 4860 --- [http-nio-8080-exec-4] c.d.learnbuddy.service.CourseService     : Python输出:     "category": "�����",
2025-11-24 10:45:43.668 DEBUG 4860 --- [http-nio-8080-exec-4] c.d.learnbuddy.service.CourseService     : Python输出:     "difficulty": "intermediate"
2025-11-24 10:45:43.668 DEBUG 4860 --- [http-nio-8080-exec-4] c.d.learnbuddy.service.CourseService     : Python输出:   }
2025-11-24 10:45:43.669 DEBUG 4860 --- [http-nio-8080-exec-4] c.d.learnbuddy.service.CourseService     : Python输出: ]
2025-11-24 10:45:43.675  INFO 4860 --- [http-nio-8080-exec-4] c.d.learnbuddy.service.CourseService     : Python进程退出码: 0
2025-11-24 10:45:43.675  INFO 4860 --- [http-nio-8080-exec-4] c.d.learnbuddy.service.CourseService     : Python爬虫成功获取 5 门课程
2025-11-24 10:45:43.676  INFO 4860 --- [http-nio-8080-exec-4] c.d.l.controller.CourseController        : 返回推荐课程数量: 5
2025-11-24 10:46:58.878  INFO 5908 --- [main] c.d.l.LearnBuddyBackendApplication       : Starting LearnBuddyBackendApplication using Java 21.0.7 on LAPTOP-2IOG7FMP with PID 5908 (D:\001_ZJNUThird\ai-learning-partner\ai-learning-partner\learn-buddy-backend\target\classes started by jasmine in D:\001_ZJNUThird\ai-learning-partner\ai-learning-partner\learn-buddy-backend)
2025-11-24 10:46:58.880 DEBUG 5908 --- [main] c.d.l.LearnBuddyBackendApplication       : Running with Spring Boot v2.7.18, Spring v5.3.31
2025-11-24 10:46:58.881  INFO 5908 --- [main] c.d.l.LearnBuddyBackendApplication       : No active profile set, falling back to 1 default profile: "default"
2025-11-24 10:46:59.687  INFO 5908 --- [main] .s.d.r.c.RepositoryConfigurationDelegate : Bootstrapping Spring Data JPA repositories in DEFAULT mode.
2025-11-24 10:46:59.783  INFO 5908 --- [main] .s.d.r.c.RepositoryConfigurationDelegate : Finished Spring Data repository scanning in 88 ms. Found 9 JPA repository interfaces.
2025-11-24 10:47:00.608  INFO 5908 --- [main] o.s.b.w.embedded.tomcat.TomcatWebServer  : Tomcat initialized with port(s): 8080 (http)
2025-11-24 10:47:00.609  INFO 5908 --- [main] o.a.catalina.core.AprLifecycleListener   : Loaded Apache Tomcat Native library [2.0.8] using APR version [1.7.4].
2025-11-24 10:47:00.611  INFO 5908 --- [main] o.a.catalina.core.AprLifecycleListener   : APR capabilities: IPv6 [true], sendfile [true], accept filters [false], random [true], UDS [true].
2025-11-24 10:47:00.611  INFO 5908 --- [main] o.a.catalina.core.AprLifecycleListener   : APR/OpenSSL configuration: useAprConnector [false], useOpenSSL [true]
2025-11-24 10:47:00.616  INFO 5908 --- [main] o.a.catalina.core.AprLifecycleListener   : OpenSSL successfully initialized [OpenSSL 3.0.14 4 Jun 2024]
2025-11-24 10:47:00.625  INFO 5908 --- [main] o.apache.catalina.core.StandardService   : Starting service [Tomcat]
2025-11-24 10:47:00.625  INFO 5908 --- [main] org.apache.catalina.core.StandardEngine  : Starting Servlet engine: [Apache Tomcat/9.0.83]
2025-11-24 10:47:00.818  INFO 5908 --- [main] o.a.c.c.C.[Tomcat].[localhost].[/]       : Initializing Spring embedded WebApplicationContext
2025-11-24 10:47:00.818  INFO 5908 --- [main] w.s.c.ServletWebServerApplicationContext : Root WebApplicationContext: initialization completed in 1881 ms
2025-11-24 10:47:01.067  INFO 5908 --- [main] o.hibernate.jpa.internal.util.LogHelper  : HHH000204: Processing PersistenceUnitInfo [name: default]
2025-11-24 10:47:01.125  INFO 5908 --- [main] org.hibernate.Version                    : HHH000412: Hibernate ORM core version 5.6.15.Final
2025-11-24 10:47:01.283  INFO 5908 --- [main] o.hibernate.annotations.common.Version   : HCANN000001: Hibernate Commons Annotations {5.1.2.Final}
2025-11-24 10:47:01.363  INFO 5908 --- [main] com.zaxxer.hikari.HikariDataSource       : HikariPool-1 - Starting...
2025-11-24 10:47:01.581  INFO 5908 --- [main] com.zaxxer.hikari.HikariDataSource       : HikariPool-1 - Start completed.
2025-11-24 10:47:01.606  INFO 5908 --- [main] org.hibernate.dialect.Dialect            : HHH000400: Using dialect: org.hibernate.dialect.MySQL8Dialect
2025-11-24 10:47:02.097  INFO 5908 --- [main] o.h.e.t.j.p.i.JtaPlatformInitiator       : HHH000490: Using JtaPlatform implementation: [org.hibernate.engine.transaction.jta.platform.internal.NoJtaPlatform]
2025-11-24 10:47:02.101  INFO 5908 --- [main] j.LocalContainerEntityManagerFactoryBean : Initialized JPA EntityManagerFactory for persistence unit 'default'
2025-11-24 10:47:02.462  WARN 5908 --- [main] JpaBaseConfiguration$JpaWebConfiguration : spring.jpa.open-in-view is enabled by default. Therefore, database queries may be performed during view rendering. Explicitly configure spring.jpa.open-in-view to disable this warning
2025-11-24 10:47:02.629  INFO 5908 --- [main] o.s.b.w.embedded.tomcat.TomcatWebServer  : Tomcat started on port(s): 8080 (http) with context path ''
2025-11-24 10:47:02.633  INFO 5908 --- [main] c.d.l.LearnBuddyBackendApplication       : Started LearnBuddyBackendApplication in 4.14 seconds (JVM running for 4.37)
2025-11-24 10:47:17.241  INFO 5908 --- [http-nio-8080-exec-1] o.a.c.c.C.[Tomcat].[localhost].[/]       : Initializing Spring DispatcherServlet 'dispatcherServlet'
2025-11-24 10:47:17.243  INFO 5908 --- [http-nio-8080-exec-1] o.s.web.servlet.DispatcherServlet        : Initializing Servlet 'dispatcherServlet'
2025-11-24 10:47:17.245  INFO 5908 --- [http-nio-8080-exec-1] o.s.web.servlet.DispatcherServlet        : Completed initialization in 2 ms
2025-11-24 10:47:17.295  INFO 5908 --- [http-nio-8080-exec-2] c.d.l.controller.CourseController        : 收到获取推荐课程请求
2025-11-24 10:47:17.298  INFO 5908 --- [http-nio-8080-exec-2] c.d.learnbuddy.service.CourseService     : 找到Python脚本: D:\001_ZJNUThird\ai-learning-partner\ai-learning-partner\learn-buddy-backend\python-crawler\run_scraper.py
2025-11-24 10:47:17.349  INFO 5908 --- [http-nio-8080-exec-2] c.d.learnbuddy.service.CourseService     : 检测到Python命令: python
2025-11-24 10:47:17.350  INFO 5908 --- [http-nio-8080-exec-2] c.d.learnbuddy.service.CourseService     : 使用Python命令: python, 脚本: D:\001_ZJNUThird\ai-learning-partner\ai-learning-partner\learn-buddy-backend\python-crawler\run_scraper.py
2025-11-24 10:47:18.757 DEBUG 5908 --- [http-nio-8080-exec-2] c.d.learnbuddy.service.CourseService     : Python输出: [
2025-11-24 10:47:18.757 DEBUG 5908 --- [http-nio-8080-exec-2] c.d.learnbuddy.service.CourseService     : Python输出:   {
2025-11-24 10:47:18.758 DEBUG 5908 --- [http-nio-8080-exec-2] c.d.learnbuddy.service.CourseService     : Python输出:     "title": "Python���Գ������",
2025-11-24 10:47:18.758 DEBUG 5908 --- [http-nio-8080-exec-2] c.d.learnbuddy.service.CourseService     : Python输出:     "university": "��������ѧ",
2025-11-24 10:47:18.758 DEBUG 5908 --- [http-nio-8080-exec-2] c.d.learnbuddy.service.CourseService     : Python输出:     "instructor": "����",
2025-11-24 10:47:18.758 DEBUG 5908 --- [http-nio-8080-exec-2] c.d.learnbuddy.service.CourseService     : Python输出:     "imageUrl": "https://picsum.photos/400/200?random=1001",
2025-11-24 10:47:18.758 DEBUG 5908 --- [http-nio-8080-exec-2] c.d.learnbuddy.service.CourseService     : Python输出:     "courseLink": "https://www.icourse163.org/course/BIT-268001",
2025-11-24 10:47:18.759 DEBUG 5908 --- [http-nio-8080-exec-2] c.d.learnbuddy.service.CourseService     : Python输出:     "platform": "icourse163",
2025-11-24 10:47:18.759 DEBUG 5908 --- [http-nio-8080-exec-2] c.d.learnbuddy.service.CourseService     : Python输出:     "category": "�����",
2025-11-24 10:47:18.759 DEBUG 5908 --- [http-nio-8080-exec-2] c.d.learnbuddy.service.CourseService     : Python输出:     "difficulty": "beginner"
2025-11-24 10:47:18.759 DEBUG 5908 --- [http-nio-8080-exec-2] c.d.learnbuddy.service.CourseService     : Python输出:   },
2025-11-24 10:47:18.759 DEBUG 5908 --- [http-nio-8080-exec-2] c.d.learnbuddy.service.CourseService     : Python输出:   {
2025-11-24 10:47:18.759 DEBUG 5908 --- [http-nio-8080-exec-2] c.d.learnbuddy.service.CourseService     : Python输出:     "title": "Java�������",
2025-11-24 10:47:18.759 DEBUG 5908 --- [http-nio-8080-exec-2] c.d.learnbuddy.service.CourseService     : Python输出:     "university": "�㽭��ѧ",
2025-11-24 10:47:18.759 DEBUG 5908 --- [http-nio-8080-exec-2] c.d.learnbuddy.service.CourseService     : Python输出:     "instructor": "����",
2025-11-24 10:47:18.760 DEBUG 5908 --- [http-nio-8080-exec-2] c.d.learnbuddy.service.CourseService     : Python输出:     "imageUrl": "https://picsum.photos/400/200?random=1002",
2025-11-24 10:47:18.760 DEBUG 5908 --- [http-nio-8080-exec-2] c.d.learnbuddy.service.CourseService     : Python输出:     "courseLink": "https://www.icourse163.org/course/ZJU-1001541001",
2025-11-24 10:47:18.760 DEBUG 5908 --- [http-nio-8080-exec-2] c.d.learnbuddy.service.CourseService     : Python输出:     "platform": "icourse163",
2025-11-24 10:47:18.760 DEBUG 5908 --- [http-nio-8080-exec-2] c.d.learnbuddy.service.CourseService     : Python输出:     "category": "�����",
2025-11-24 10:47:18.762 DEBUG 5908 --- [http-nio-8080-exec-2] c.d.learnbuddy.service.CourseService     : Python输出:     "difficulty": "beginner"
2025-11-24 10:47:18.763 DEBUG 5908 --- [http-nio-8080-exec-2] c.d.learnbuddy.service.CourseService     : Python输出:   },
2025-11-24 10:47:18.763 DEBUG 5908 --- [http-nio-8080-exec-2] c.d.learnbuddy.service.CourseService     : Python输出:   {
2025-11-24 10:47:18.764 DEBUG 5908 --- [http-nio-8080-exec-2] c.d.learnbuddy.service.CourseService     : Python输出:     "title": "���ݽṹ",
2025-11-24 10:47:18.764 DEBUG 5908 --- [http-nio-8080-exec-2] c.d.learnbuddy.service.CourseService     : Python输出:     "university": "�廪��ѧ",
2025-11-24 10:47:18.765 DEBUG 5908 --- [http-nio-8080-exec-2] c.d.learnbuddy.service.CourseService     : Python输出:     "instructor": "�˿���",
2025-11-24 10:47:18.766 DEBUG 5908 --- [http-nio-8080-exec-2] c.d.learnbuddy.service.CourseService     : Python输出:     "imageUrl": "https://picsum.photos/400/200?random=1003",
2025-11-24 10:47:18.766 DEBUG 5908 --- [http-nio-8080-exec-2] c.d.learnbuddy.service.CourseService     : Python输出:     "courseLink": "https://www.icourse163.org/course/THU-1001539001",
2025-11-24 10:47:18.767 DEBUG 5908 --- [http-nio-8080-exec-2] c.d.learnbuddy.service.CourseService     : Python输出:     "platform": "icourse163",
2025-11-24 10:47:18.767 DEBUG 5908 --- [http-nio-8080-exec-2] c.d.learnbuddy.service.CourseService     : Python输出:     "category": "�����",
2025-11-24 10:47:18.767 DEBUG 5908 --- [http-nio-8080-exec-2] c.d.learnbuddy.service.CourseService     : Python输出:     "difficulty": "intermediate"
2025-11-24 10:47:18.768 DEBUG 5908 --- [http-nio-8080-exec-2] c.d.learnbuddy.service.CourseService     : Python输出:   },
2025-11-24 10:47:18.768 DEBUG 5908 --- [http-nio-8080-exec-2] c.d.learnbuddy.service.CourseService     : Python输出:   {
2025-11-24 10:47:18.768 DEBUG 5908 --- [http-nio-8080-exec-2] c.d.learnbuddy.service.CourseService     : Python输出:     "title": "����ѧϰ",
2025-11-24 10:47:18.768 DEBUG 5908 --- [http-nio-8080-exec-2] c.d.learnbuddy.service.CourseService     : Python输出:     "university": "������ѧ",
2025-11-24 10:47:18.769 DEBUG 5908 --- [http-nio-8080-exec-2] c.d.learnbuddy.service.CourseService     : Python输出:     "instructor": "������",
2025-11-24 10:47:18.769 DEBUG 5908 --- [http-nio-8080-exec-2] c.d.learnbuddy.service.CourseService     : Python输出:     "imageUrl": "https://picsum.photos/400/200?random=1004",
2025-11-24 10:47:18.770 DEBUG 5908 --- [http-nio-8080-exec-2] c.d.learnbuddy.service.CourseService     : Python输出:     "courseLink": "https://www.icourse163.org/course/FUDAN-1001539001",
2025-11-24 10:47:18.770 DEBUG 5908 --- [http-nio-8080-exec-2] c.d.learnbuddy.service.CourseService     : Python输出:     "platform": "icourse163",
2025-11-24 10:47:18.770 DEBUG 5908 --- [http-nio-8080-exec-2] c.d.learnbuddy.service.CourseService     : Python输出:     "category": "�����",
2025-11-24 10:47:18.770 DEBUG 5908 --- [http-nio-8080-exec-2] c.d.learnbuddy.service.CourseService     : Python输出:     "difficulty": "advanced"
2025-11-24 10:47:18.771 DEBUG 5908 --- [http-nio-8080-exec-2] c.d.learnbuddy.service.CourseService     : Python输出:   },
2025-11-24 10:47:18.771 DEBUG 5908 --- [http-nio-8080-exec-2] c.d.learnbuddy.service.CourseService     : Python输出:   {
2025-11-24 10:47:18.771 DEBUG 5908 --- [http-nio-8080-exec-2] c.d.learnbuddy.service.CourseService     : Python输出:     "title": "Webǰ�˿���",
2025-11-24 10:47:18.772 DEBUG 5908 --- [http-nio-8080-exec-2] c.d.learnbuddy.service.CourseService     : Python输出:     "university": "������ѧ",
2025-11-24 10:47:18.772 DEBUG 5908 --- [http-nio-8080-exec-2] c.d.learnbuddy.service.CourseService     : Python输出:     "instructor": "���",
2025-11-24 10:47:18.772 DEBUG 5908 --- [http-nio-8080-exec-2] c.d.learnbuddy.service.CourseService     : Python输出:     "imageUrl": "https://picsum.photos/400/200?random=1005",
2025-11-24 10:47:18.772 DEBUG 5908 --- [http-nio-8080-exec-2] c.d.learnbuddy.service.CourseService     : Python输出:     "courseLink": "https://www.icourse163.org/course/PKU-1001541001",
2025-11-24 10:47:18.772 DEBUG 5908 --- [http-nio-8080-exec-2] c.d.learnbuddy.service.CourseService     : Python输出:     "platform": "icourse163",
2025-11-24 10:47:18.773 DEBUG 5908 --- [http-nio-8080-exec-2] c.d.learnbuddy.service.CourseService     : Python输出:     "category": "�����",
2025-11-24 10:47:18.773 DEBUG 5908 --- [http-nio-8080-exec-2] c.d.learnbuddy.service.CourseService     : Python输出:     "difficulty": "intermediate"
2025-11-24 10:47:18.774 DEBUG 5908 --- [http-nio-8080-exec-2] c.d.learnbuddy.service.CourseService     : Python输出:   }
2025-11-24 10:47:18.774 DEBUG 5908 --- [http-nio-8080-exec-2] c.d.learnbuddy.service.CourseService     : Python输出: ]
2025-11-24 10:47:18.803  INFO 5908 --- [http-nio-8080-exec-2] c.d.learnbuddy.service.CourseService     : Python进程退出码: 0
2025-11-24 10:47:18.829  INFO 5908 --- [http-nio-8080-exec-2] c.d.learnbuddy.service.CourseService     : Python爬虫成功获取 5 门课程
2025-11-24 10:47:18.830  INFO 5908 --- [http-nio-8080-exec-2] c.d.l.controller.CourseController        : 返回推荐课程数量: 5
2025-11-24 10:47:56.280  INFO 5908 --- [http-nio-8080-exec-3] c.d.l.controller.CourseController        : 收到获取推荐课程请求
2025-11-24 10:47:56.282  INFO 5908 --- [http-nio-8080-exec-3] c.d.learnbuddy.service.CourseService     : 找到Python脚本: D:\001_ZJNUThird\ai-learning-partner\ai-learning-partner\learn-buddy-backend\python-crawler\run_scraper.py
2025-11-24 10:47:56.325  INFO 5908 --- [http-nio-8080-exec-3] c.d.learnbuddy.service.CourseService     : 检测到Python命令: python
2025-11-24 10:47:56.326  INFO 5908 --- [http-nio-8080-exec-3] c.d.learnbuddy.service.CourseService     : 使用Python命令: python, 脚本: D:\001_ZJNUThird\ai-learning-partner\ai-learning-partner\learn-buddy-backend\python-crawler\run_scraper.py
2025-11-24 10:47:57.498 DEBUG 5908 --- [http-nio-8080-exec-3] c.d.learnbuddy.service.CourseService     : Python输出: [
2025-11-24 10:47:57.499 DEBUG 5908 --- [http-nio-8080-exec-3] c.d.learnbuddy.service.CourseService     : Python输出:   {
2025-11-24 10:47:57.501 DEBUG 5908 --- [http-nio-8080-exec-3] c.d.learnbuddy.service.CourseService     : Python输出:     "title": "Python���Գ������",
2025-11-24 10:47:57.505 DEBUG 5908 --- [http-nio-8080-exec-3] c.d.learnbuddy.service.CourseService     : Python输出:     "university": "��������ѧ",
2025-11-24 10:47:57.506 DEBUG 5908 --- [http-nio-8080-exec-3] c.d.learnbuddy.service.CourseService     : Python输出:     "instructor": "����",
2025-11-24 10:47:57.506 DEBUG 5908 --- [http-nio-8080-exec-3] c.d.learnbuddy.service.CourseService     : Python输出:     "imageUrl": "https://picsum.photos/400/200?random=1001",
2025-11-24 10:47:57.506 DEBUG 5908 --- [http-nio-8080-exec-3] c.d.learnbuddy.service.CourseService     : Python输出:     "courseLink": "https://www.icourse163.org/course/BIT-268001",
2025-11-24 10:47:57.507 DEBUG 5908 --- [http-nio-8080-exec-3] c.d.learnbuddy.service.CourseService     : Python输出:     "platform": "icourse163",
2025-11-24 10:47:57.507 DEBUG 5908 --- [http-nio-8080-exec-3] c.d.learnbuddy.service.CourseService     : Python输出:     "category": "�����",
2025-11-24 10:47:57.507 DEBUG 5908 --- [http-nio-8080-exec-3] c.d.learnbuddy.service.CourseService     : Python输出:     "difficulty": "beginner"
2025-11-24 10:47:57.508 DEBUG 5908 --- [http-nio-8080-exec-3] c.d.learnbuddy.service.CourseService     : Python输出:   },
2025-11-24 10:47:57.508 DEBUG 5908 --- [http-nio-8080-exec-3] c.d.learnbuddy.service.CourseService     : Python输出:   {
2025-11-24 10:47:57.508 DEBUG 5908 --- [http-nio-8080-exec-3] c.d.learnbuddy.service.CourseService     : Python输出:     "title": "Java�������",
2025-11-24 10:47:57.508 DEBUG 5908 --- [http-nio-8080-exec-3] c.d.learnbuddy.service.CourseService     : Python输出:     "university": "�㽭��ѧ",
2025-11-24 10:47:57.508 DEBUG 5908 --- [http-nio-8080-exec-3] c.d.learnbuddy.service.CourseService     : Python输出:     "instructor": "����",
2025-11-24 10:47:57.508 DEBUG 5908 --- [http-nio-8080-exec-3] c.d.learnbuddy.service.CourseService     : Python输出:     "imageUrl": "https://picsum.photos/400/200?random=1002",
2025-11-24 10:47:57.509 DEBUG 5908 --- [http-nio-8080-exec-3] c.d.learnbuddy.service.CourseService     : Python输出:     "courseLink": "https://www.icourse163.org/course/ZJU-1001541001",
2025-11-24 10:47:57.509 DEBUG 5908 --- [http-nio-8080-exec-3] c.d.learnbuddy.service.CourseService     : Python输出:     "platform": "icourse163",
2025-11-24 10:47:57.510 DEBUG 5908 --- [http-nio-8080-exec-3] c.d.learnbuddy.service.CourseService     : Python输出:     "category": "�����",
2025-11-24 10:47:57.510 DEBUG 5908 --- [http-nio-8080-exec-3] c.d.learnbuddy.service.CourseService     : Python输出:     "difficulty": "beginner"
2025-11-24 10:47:57.510 DEBUG 5908 --- [http-nio-8080-exec-3] c.d.learnbuddy.service.CourseService     : Python输出:   },
2025-11-24 10:47:57.511 DEBUG 5908 --- [http-nio-8080-exec-3] c.d.learnbuddy.service.CourseService     : Python输出:   {
2025-11-24 10:47:57.511 DEBUG 5908 --- [http-nio-8080-exec-3] c.d.learnbuddy.service.CourseService     : Python输出:     "title": "���ݽṹ",
2025-11-24 10:47:57.511 DEBUG 5908 --- [http-nio-8080-exec-3] c.d.learnbuddy.service.CourseService     : Python输出:     "university": "�廪��ѧ",
2025-11-24 10:47:57.511 DEBUG 5908 --- [http-nio-8080-exec-3] c.d.learnbuddy.service.CourseService     : Python输出:     "instructor": "�˿���",
2025-11-24 10:47:57.511 DEBUG 5908 --- [http-nio-8080-exec-3] c.d.learnbuddy.service.CourseService     : Python输出:     "imageUrl": "https://picsum.photos/400/200?random=1003",
2025-11-24 10:47:57.512 DEBUG 5908 --- [http-nio-8080-exec-3] c.d.learnbuddy.service.CourseService     : Python输出:     "courseLink": "https://www.icourse163.org/course/THU-1001539001",
2025-11-24 10:47:57.512 DEBUG 5908 --- [http-nio-8080-exec-3] c.d.learnbuddy.service.CourseService     : Python输出:     "platform": "icourse163",
2025-11-24 10:47:57.512 DEBUG 5908 --- [http-nio-8080-exec-3] c.d.learnbuddy.service.CourseService     : Python输出:     "category": "�����",
2025-11-24 10:47:57.512 DEBUG 5908 --- [http-nio-8080-exec-3] c.d.learnbuddy.service.CourseService     : Python输出:     "difficulty": "intermediate"
2025-11-24 10:47:57.512 DEBUG 5908 --- [http-nio-8080-exec-3] c.d.learnbuddy.service.CourseService     : Python输出:   },
2025-11-24 10:47:57.513 DEBUG 5908 --- [http-nio-8080-exec-3] c.d.learnbuddy.service.CourseService     : Python输出:   {
2025-11-24 10:47:57.513 DEBUG 5908 --- [http-nio-8080-exec-3] c.d.learnbuddy.service.CourseService     : Python输出:     "title": "����ѧϰ",
2025-11-24 10:47:57.513 DEBUG 5908 --- [http-nio-8080-exec-3] c.d.learnbuddy.service.CourseService     : Python输出:     "university": "������ѧ",
2025-11-24 10:47:57.513 DEBUG 5908 --- [http-nio-8080-exec-3] c.d.learnbuddy.service.CourseService     : Python输出:     "instructor": "������",
2025-11-24 10:47:57.513 DEBUG 5908 --- [http-nio-8080-exec-3] c.d.learnbuddy.service.CourseService     : Python输出:     "imageUrl": "https://picsum.photos/400/200?random=1004",
2025-11-24 10:47:57.513 DEBUG 5908 --- [http-nio-8080-exec-3] c.d.learnbuddy.service.CourseService     : Python输出:     "courseLink": "https://www.icourse163.org/course/FUDAN-1001539001",
2025-11-24 10:47:57.513 DEBUG 5908 --- [http-nio-8080-exec-3] c.d.learnbuddy.service.CourseService     : Python输出:     "platform": "icourse163",
2025-11-24 10:47:57.514 DEBUG 5908 --- [http-nio-8080-exec-3] c.d.learnbuddy.service.CourseService     : Python输出:     "category": "�����",
2025-11-24 10:47:57.514 DEBUG 5908 --- [http-nio-8080-exec-3] c.d.learnbuddy.service.CourseService     : Python输出:     "difficulty": "advanced"
2025-11-24 10:47:57.514 DEBUG 5908 --- [http-nio-8080-exec-3] c.d.learnbuddy.service.CourseService     : Python输出:   },
2025-11-24 10:47:57.514 DEBUG 5908 --- [http-nio-8080-exec-3] c.d.learnbuddy.service.CourseService     : Python输出:   {
2025-11-24 10:47:57.514 DEBUG 5908 --- [http-nio-8080-exec-3] c.d.learnbuddy.service.CourseService     : Python输出:     "title": "Webǰ�˿���",
2025-11-24 10:47:57.514 DEBUG 5908 --- [http-nio-8080-exec-3] c.d.learnbuddy.service.CourseService     : Python输出:     "university": "������ѧ",
2025-11-24 10:47:57.514 DEBUG 5908 --- [http-nio-8080-exec-3] c.d.learnbuddy.service.CourseService     : Python输出:     "instructor": "���",
2025-11-24 10:47:57.514 DEBUG 5908 --- [http-nio-8080-exec-3] c.d.learnbuddy.service.CourseService     : Python输出:     "imageUrl": "https://picsum.photos/400/200?random=1005",
2025-11-24 10:47:57.514 DEBUG 5908 --- [http-nio-8080-exec-3] c.d.learnbuddy.service.CourseService     : Python输出:     "courseLink": "https://www.icourse163.org/course/PKU-1001541001",
2025-11-24 10:47:57.515 DEBUG 5908 --- [http-nio-8080-exec-3] c.d.learnbuddy.service.CourseService     : Python输出:     "platform": "icourse163",
2025-11-24 10:47:57.515 DEBUG 5908 --- [http-nio-8080-exec-3] c.d.learnbuddy.service.CourseService     : Python输出:     "category": "�����",
2025-11-24 10:47:57.516 DEBUG 5908 --- [http-nio-8080-exec-3] c.d.learnbuddy.service.CourseService     : Python输出:     "difficulty": "intermediate"
2025-11-24 10:47:57.516 DEBUG 5908 --- [http-nio-8080-exec-3] c.d.learnbuddy.service.CourseService     : Python输出:   }
2025-11-24 10:47:57.516 DEBUG 5908 --- [http-nio-8080-exec-3] c.d.learnbuddy.service.CourseService     : Python输出: ]
2025-11-24 10:47:57.546  INFO 5908 --- [http-nio-8080-exec-3] c.d.learnbuddy.service.CourseService     : Python进程退出码: 0
2025-11-24 10:47:57.548  INFO 5908 --- [http-nio-8080-exec-3] c.d.learnbuddy.service.CourseService     : Python爬虫成功获取 5 门课程
2025-11-24 10:47:57.549  INFO 5908 --- [http-nio-8080-exec-3] c.d.l.controller.CourseController        : 返回推荐课程数量: 5
2025-11-24 10:48:11.219  INFO 5908 --- [http-nio-8080-exec-5] c.d.l.controller.CourseController        : 收到搜索课程请求 - keyword: null, category: 计算机, difficulty: null
2025-11-24 10:48:11.222  INFO 5908 --- [http-nio-8080-exec-5] c.d.learnbuddy.service.CourseService     : 找到Python脚本: D:\001_ZJNUThird\ai-learning-partner\ai-learning-partner\learn-buddy-backend\python-crawler\run_scraper.py
2025-11-24 10:48:11.257  INFO 5908 --- [http-nio-8080-exec-5] c.d.learnbuddy.service.CourseService     : 检测到Python命令: python
2025-11-24 10:48:11.258  INFO 5908 --- [http-nio-8080-exec-5] c.d.learnbuddy.service.CourseService     : 使用Python命令: python, 脚本: D:\001_ZJNUThird\ai-learning-partner\ai-learning-partner\learn-buddy-backend\python-crawler\run_scraper.py
2025-11-24 10:48:12.680 DEBUG 5908 --- [http-nio-8080-exec-5] c.d.learnbuddy.service.CourseService     : Python输出: [
2025-11-24 10:48:12.681 DEBUG 5908 --- [http-nio-8080-exec-5] c.d.learnbuddy.service.CourseService     : Python输出:   {
2025-11-24 10:48:12.682 DEBUG 5908 --- [http-nio-8080-exec-5] c.d.learnbuddy.service.CourseService     : Python输出:     "title": "Python���Գ������",
2025-11-24 10:48:12.683 DEBUG 5908 --- [http-nio-8080-exec-5] c.d.learnbuddy.service.CourseService     : Python输出:     "university": "��������ѧ",
2025-11-24 10:48:12.683 DEBUG 5908 --- [http-nio-8080-exec-5] c.d.learnbuddy.service.CourseService     : Python输出:     "instructor": "����",
2025-11-24 10:48:12.683 DEBUG 5908 --- [http-nio-8080-exec-5] c.d.learnbuddy.service.CourseService     : Python输出:     "imageUrl": "https://picsum.photos/400/200?random=1001",
2025-11-24 10:48:12.683 DEBUG 5908 --- [http-nio-8080-exec-5] c.d.learnbuddy.service.CourseService     : Python输出:     "courseLink": "https://www.icourse163.org/course/BIT-268001",
2025-11-24 10:48:12.685 DEBUG 5908 --- [http-nio-8080-exec-5] c.d.learnbuddy.service.CourseService     : Python输出:     "platform": "icourse163",
2025-11-24 10:48:12.685 DEBUG 5908 --- [http-nio-8080-exec-5] c.d.learnbuddy.service.CourseService     : Python输出:     "category": "�����",
2025-11-24 10:48:12.686 DEBUG 5908 --- [http-nio-8080-exec-5] c.d.learnbuddy.service.CourseService     : Python输出:     "difficulty": "beginner"
2025-11-24 10:48:12.686 DEBUG 5908 --- [http-nio-8080-exec-5] c.d.learnbuddy.service.CourseService     : Python输出:   },
2025-11-24 10:48:12.686 DEBUG 5908 --- [http-nio-8080-exec-5] c.d.learnbuddy.service.CourseService     : Python输出:   {
2025-11-24 10:48:12.686 DEBUG 5908 --- [http-nio-8080-exec-5] c.d.learnbuddy.service.CourseService     : Python输出:     "title": "Java�������",
2025-11-24 10:48:12.687 DEBUG 5908 --- [http-nio-8080-exec-5] c.d.learnbuddy.service.CourseService     : Python输出:     "university": "�㽭��ѧ",
2025-11-24 10:48:12.687 DEBUG 5908 --- [http-nio-8080-exec-5] c.d.learnbuddy.service.CourseService     : Python输出:     "instructor": "����",
2025-11-24 10:48:12.687 DEBUG 5908 --- [http-nio-8080-exec-5] c.d.learnbuddy.service.CourseService     : Python输出:     "imageUrl": "https://picsum.photos/400/200?random=1002",
2025-11-24 10:48:12.687 DEBUG 5908 --- [http-nio-8080-exec-5] c.d.learnbuddy.service.CourseService     : Python输出:     "courseLink": "https://www.icourse163.org/course/ZJU-1001541001",
2025-11-24 10:48:12.687 DEBUG 5908 --- [http-nio-8080-exec-5] c.d.learnbuddy.service.CourseService     : Python输出:     "platform": "icourse163",
2025-11-24 10:48:12.688 DEBUG 5908 --- [http-nio-8080-exec-5] c.d.learnbuddy.service.CourseService     : Python输出:     "category": "�����",
2025-11-24 10:48:12.688 DEBUG 5908 --- [http-nio-8080-exec-5] c.d.learnbuddy.service.CourseService     : Python输出:     "difficulty": "beginner"
2025-11-24 10:48:12.689 DEBUG 5908 --- [http-nio-8080-exec-5] c.d.learnbuddy.service.CourseService     : Python输出:   },
2025-11-24 10:48:12.689 DEBUG 5908 --- [http-nio-8080-exec-5] c.d.learnbuddy.service.CourseService     : Python输出:   {
2025-11-24 10:48:12.689 DEBUG 5908 --- [http-nio-8080-exec-5] c.d.learnbuddy.service.CourseService     : Python输出:     "title": "���ݽṹ",
2025-11-24 10:48:12.690 DEBUG 5908 --- [http-nio-8080-exec-5] c.d.learnbuddy.service.CourseService     : Python输出:     "university": "�廪��ѧ",
2025-11-24 10:48:12.690 DEBUG 5908 --- [http-nio-8080-exec-5] c.d.learnbuddy.service.CourseService     : Python输出:     "instructor": "�˿���",
2025-11-24 10:48:12.691 DEBUG 5908 --- [http-nio-8080-exec-5] c.d.learnbuddy.service.CourseService     : Python输出:     "imageUrl": "https://picsum.photos/400/200?random=1003",
2025-11-24 10:48:12.691 DEBUG 5908 --- [http-nio-8080-exec-5] c.d.learnbuddy.service.CourseService     : Python输出:     "courseLink": "https://www.icourse163.org/course/THU-1001539001",
2025-11-24 10:48:12.691 DEBUG 5908 --- [http-nio-8080-exec-5] c.d.learnbuddy.service.CourseService     : Python输出:     "platform": "icourse163",
2025-11-24 10:48:12.691 DEBUG 5908 --- [http-nio-8080-exec-5] c.d.learnbuddy.service.CourseService     : Python输出:     "category": "�����",
2025-11-24 10:48:12.692 DEBUG 5908 --- [http-nio-8080-exec-5] c.d.learnbuddy.service.CourseService     : Python输出:     "difficulty": "intermediate"
2025-11-24 10:48:12.692 DEBUG 5908 --- [http-nio-8080-exec-5] c.d.learnbuddy.service.CourseService     : Python输出:   },
2025-11-24 10:48:12.692 DEBUG 5908 --- [http-nio-8080-exec-5] c.d.learnbuddy.service.CourseService     : Python输出:   {
2025-11-24 10:48:12.692 DEBUG 5908 --- [http-nio-8080-exec-5] c.d.learnbuddy.service.CourseService     : Python输出:     "title": "����ѧϰ",
2025-11-24 10:48:12.692 DEBUG 5908 --- [http-nio-8080-exec-5] c.d.learnbuddy.service.CourseService     : Python输出:     "university": "������ѧ",
2025-11-24 10:48:12.693 DEBUG 5908 --- [http-nio-8080-exec-5] c.d.learnbuddy.service.CourseService     : Python输出:     "instructor": "������",
2025-11-24 10:48:12.693 DEBUG 5908 --- [http-nio-8080-exec-5] c.d.learnbuddy.service.CourseService     : Python输出:     "imageUrl": "https://picsum.photos/400/200?random=1004",
2025-11-24 10:48:12.693 DEBUG 5908 --- [http-nio-8080-exec-5] c.d.learnbuddy.service.CourseService     : Python输出:     "courseLink": "https://www.icourse163.org/course/FUDAN-1001539001",
2025-11-24 10:48:12.693 DEBUG 5908 --- [http-nio-8080-exec-5] c.d.learnbuddy.service.CourseService     : Python输出:     "platform": "icourse163",
2025-11-24 10:48:12.693 DEBUG 5908 --- [http-nio-8080-exec-5] c.d.learnbuddy.service.CourseService     : Python输出:     "category": "�����",
2025-11-24 10:48:12.694 DEBUG 5908 --- [http-nio-8080-exec-5] c.d.learnbuddy.service.CourseService     : Python输出:     "difficulty": "advanced"
2025-11-24 10:48:12.694 DEBUG 5908 --- [http-nio-8080-exec-5] c.d.learnbuddy.service.CourseService     : Python输出:   },
2025-11-24 10:48:12.694 DEBUG 5908 --- [http-nio-8080-exec-5] c.d.learnbuddy.service.CourseService     : Python输出:   {
2025-11-24 10:48:12.694 DEBUG 5908 --- [http-nio-8080-exec-5] c.d.learnbuddy.service.CourseService     : Python输出:     "title": "Webǰ�˿���",
2025-11-24 10:48:12.695 DEBUG 5908 --- [http-nio-8080-exec-5] c.d.learnbuddy.service.CourseService     : Python输出:     "university": "������ѧ",
2025-11-24 10:48:12.696 DEBUG 5908 --- [http-nio-8080-exec-5] c.d.learnbuddy.service.CourseService     : Python输出:     "instructor": "���",
2025-11-24 10:48:12.696 DEBUG 5908 --- [http-nio-8080-exec-5] c.d.learnbuddy.service.CourseService     : Python输出:     "imageUrl": "https://picsum.photos/400/200?random=1005",
2025-11-24 10:48:12.697 DEBUG 5908 --- [http-nio-8080-exec-5] c.d.learnbuddy.service.CourseService     : Python输出:     "courseLink": "https://www.icourse163.org/course/PKU-1001541001",
2025-11-24 10:48:12.698 DEBUG 5908 --- [http-nio-8080-exec-5] c.d.learnbuddy.service.CourseService     : Python输出:     "platform": "icourse163",
2025-11-24 10:48:12.699 DEBUG 5908 --- [http-nio-8080-exec-5] c.d.learnbuddy.service.CourseService     : Python输出:     "category": "�����",
2025-11-24 10:48:12.699 DEBUG 5908 --- [http-nio-8080-exec-5] c.d.learnbuddy.service.CourseService     : Python输出:     "difficulty": "intermediate"
2025-11-24 10:48:12.699 DEBUG 5908 --- [http-nio-8080-exec-5] c.d.learnbuddy.service.CourseService     : Python输出:   }
2025-11-24 10:48:12.699 DEBUG 5908 --- [http-nio-8080-exec-5] c.d.learnbuddy.service.CourseService     : Python输出: ]
2025-11-24 10:48:12.718  INFO 5908 --- [http-nio-8080-exec-5] c.d.learnbuddy.service.CourseService     : Python进程退出码: 0
2025-11-24 10:48:12.721  INFO 5908 --- [http-nio-8080-exec-5] c.d.learnbuddy.service.CourseService     : Python爬虫成功获取 5 门课程
2025-11-24 10:48:12.722  INFO 5908 --- [http-nio-8080-exec-5] c.d.learnbuddy.service.CourseService     : 搜索结果: 0 门课程
2025-11-24 10:48:12.723  INFO 5908 --- [http-nio-8080-exec-5] c.d.l.controller.CourseController        : 搜索结果数量: 0
2025-11-24 10:48:15.039  INFO 5908 --- [http-nio-8080-exec-7] c.d.l.controller.CourseController        : 收到搜索课程请求 - keyword: null, category: 数学, difficulty: null
2025-11-24 10:48:15.040  INFO 5908 --- [http-nio-8080-exec-7] c.d.learnbuddy.service.CourseService     : 找到Python脚本: D:\001_ZJNUThird\ai-learning-partner\ai-learning-partner\learn-buddy-backend\python-crawler\run_scraper.py
2025-11-24 10:48:15.097  INFO 5908 --- [http-nio-8080-exec-7] c.d.learnbuddy.service.CourseService     : 检测到Python命令: python
2025-11-24 10:48:15.097  INFO 5908 --- [http-nio-8080-exec-7] c.d.learnbuddy.service.CourseService     : 使用Python命令: python, 脚本: D:\001_ZJNUThird\ai-learning-partner\ai-learning-partner\learn-buddy-backend\python-crawler\run_scraper.py
2025-11-24 10:48:16.249 DEBUG 5908 --- [http-nio-8080-exec-7] c.d.learnbuddy.service.CourseService     : Python输出: [
2025-11-24 10:48:16.251 DEBUG 5908 --- [http-nio-8080-exec-7] c.d.learnbuddy.service.CourseService     : Python输出:   {
2025-11-24 10:48:16.251 DEBUG 5908 --- [http-nio-8080-exec-7] c.d.learnbuddy.service.CourseService     : Python输出:     "title": "Python���Գ������",
2025-11-24 10:48:16.252 DEBUG 5908 --- [http-nio-8080-exec-7] c.d.learnbuddy.service.CourseService     : Python输出:     "university": "��������ѧ",
2025-11-24 10:48:16.252 DEBUG 5908 --- [http-nio-8080-exec-7] c.d.learnbuddy.service.CourseService     : Python输出:     "instructor": "����",
2025-11-24 10:48:16.252 DEBUG 5908 --- [http-nio-8080-exec-7] c.d.learnbuddy.service.CourseService     : Python输出:     "imageUrl": "https://picsum.photos/400/200?random=1001",
2025-11-24 10:48:16.252 DEBUG 5908 --- [http-nio-8080-exec-7] c.d.learnbuddy.service.CourseService     : Python输出:     "courseLink": "https://www.icourse163.org/course/BIT-268001",
2025-11-24 10:48:16.254 DEBUG 5908 --- [http-nio-8080-exec-7] c.d.learnbuddy.service.CourseService     : Python输出:     "platform": "icourse163",
2025-11-24 10:48:16.254 DEBUG 5908 --- [http-nio-8080-exec-7] c.d.learnbuddy.service.CourseService     : Python输出:     "category": "�����",
2025-11-24 10:48:16.254 DEBUG 5908 --- [http-nio-8080-exec-7] c.d.learnbuddy.service.CourseService     : Python输出:     "difficulty": "beginner"
2025-11-24 10:48:16.254 DEBUG 5908 --- [http-nio-8080-exec-7] c.d.learnbuddy.service.CourseService     : Python输出:   },
2025-11-24 10:48:16.254 DEBUG 5908 --- [http-nio-8080-exec-7] c.d.learnbuddy.service.CourseService     : Python输出:   {
2025-11-24 10:48:16.254 DEBUG 5908 --- [http-nio-8080-exec-7] c.d.learnbuddy.service.CourseService     : Python输出:     "title": "Java�������",
2025-11-24 10:48:16.254 DEBUG 5908 --- [http-nio-8080-exec-7] c.d.learnbuddy.service.CourseService     : Python输出:     "university": "�㽭��ѧ",
2025-11-24 10:48:16.254 DEBUG 5908 --- [http-nio-8080-exec-7] c.d.learnbuddy.service.CourseService     : Python输出:     "instructor": "����",
2025-11-24 10:48:16.255 DEBUG 5908 --- [http-nio-8080-exec-7] c.d.learnbuddy.service.CourseService     : Python输出:     "imageUrl": "https://picsum.photos/400/200?random=1002",
2025-11-24 10:48:16.255 DEBUG 5908 --- [http-nio-8080-exec-7] c.d.learnbuddy.service.CourseService     : Python输出:     "courseLink": "https://www.icourse163.org/course/ZJU-1001541001",
2025-11-24 10:48:16.255 DEBUG 5908 --- [http-nio-8080-exec-7] c.d.learnbuddy.service.CourseService     : Python输出:     "platform": "icourse163",
2025-11-24 10:48:16.255 DEBUG 5908 --- [http-nio-8080-exec-7] c.d.learnbuddy.service.CourseService     : Python输出:     "category": "�����",
2025-11-24 10:48:16.255 DEBUG 5908 --- [http-nio-8080-exec-7] c.d.learnbuddy.service.CourseService     : Python输出:     "difficulty": "beginner"
2025-11-24 10:48:16.255 DEBUG 5908 --- [http-nio-8080-exec-7] c.d.learnbuddy.service.CourseService     : Python输出:   },
2025-11-24 10:48:16.255 DEBUG 5908 --- [http-nio-8080-exec-7] c.d.learnbuddy.service.CourseService     : Python输出:   {
2025-11-24 10:48:16.255 DEBUG 5908 --- [http-nio-8080-exec-7] c.d.learnbuddy.service.CourseService     : Python输出:     "title": "���ݽṹ",
2025-11-24 10:48:16.255 DEBUG 5908 --- [http-nio-8080-exec-7] c.d.learnbuddy.service.CourseService     : Python输出:     "university": "�廪��ѧ",
2025-11-24 10:48:16.255 DEBUG 5908 --- [http-nio-8080-exec-7] c.d.learnbuddy.service.CourseService     : Python输出:     "instructor": "�˿���",
2025-11-24 10:48:16.256 DEBUG 5908 --- [http-nio-8080-exec-7] c.d.learnbuddy.service.CourseService     : Python输出:     "imageUrl": "https://picsum.photos/400/200?random=1003",
2025-11-24 10:48:16.256 DEBUG 5908 --- [http-nio-8080-exec-7] c.d.learnbuddy.service.CourseService     : Python输出:     "courseLink": "https://www.icourse163.org/course/THU-1001539001",
2025-11-24 10:48:16.256 DEBUG 5908 --- [http-nio-8080-exec-7] c.d.learnbuddy.service.CourseService     : Python输出:     "platform": "icourse163",
2025-11-24 10:48:16.256 DEBUG 5908 --- [http-nio-8080-exec-7] c.d.learnbuddy.service.CourseService     : Python输出:     "category": "�����",
2025-11-24 10:48:16.256 DEBUG 5908 --- [http-nio-8080-exec-7] c.d.learnbuddy.service.CourseService     : Python输出:     "difficulty": "intermediate"
2025-11-24 10:48:16.256 DEBUG 5908 --- [http-nio-8080-exec-7] c.d.learnbuddy.service.CourseService     : Python输出:   },
2025-11-24 10:48:16.256 DEBUG 5908 --- [http-nio-8080-exec-7] c.d.learnbuddy.service.CourseService     : Python输出:   {
2025-11-24 10:48:16.256 DEBUG 5908 --- [http-nio-8080-exec-7] c.d.learnbuddy.service.CourseService     : Python输出:     "title": "����ѧϰ",
2025-11-24 10:48:16.257 DEBUG 5908 --- [http-nio-8080-exec-7] c.d.learnbuddy.service.CourseService     : Python输出:     "university": "������ѧ",
2025-11-24 10:48:16.257 DEBUG 5908 --- [http-nio-8080-exec-7] c.d.learnbuddy.service.CourseService     : Python输出:     "instructor": "������",
2025-11-24 10:48:16.257 DEBUG 5908 --- [http-nio-8080-exec-7] c.d.learnbuddy.service.CourseService     : Python输出:     "imageUrl": "https://picsum.photos/400/200?random=1004",
2025-11-24 10:48:16.258 DEBUG 5908 --- [http-nio-8080-exec-7] c.d.learnbuddy.service.CourseService     : Python输出:     "courseLink": "https://www.icourse163.org/course/FUDAN-1001539001",
2025-11-24 10:48:16.258 DEBUG 5908 --- [http-nio-8080-exec-7] c.d.learnbuddy.service.CourseService     : Python输出:     "platform": "icourse163",
2025-11-24 10:48:16.258 DEBUG 5908 --- [http-nio-8080-exec-7] c.d.learnbuddy.service.CourseService     : Python输出:     "category": "�����",
2025-11-24 10:48:16.259 DEBUG 5908 --- [http-nio-8080-exec-7] c.d.learnbuddy.service.CourseService     : Python输出:     "difficulty": "advanced"
2025-11-24 10:48:16.259 DEBUG 5908 --- [http-nio-8080-exec-7] c.d.learnbuddy.service.CourseService     : Python输出:   },
2025-11-24 10:48:16.259 DEBUG 5908 --- [http-nio-8080-exec-7] c.d.learnbuddy.service.CourseService     : Python输出:   {
2025-11-24 10:48:16.259 DEBUG 5908 --- [http-nio-8080-exec-7] c.d.learnbuddy.service.CourseService     : Python输出:     "title": "Webǰ�˿���",
2025-11-24 10:48:16.259 DEBUG 5908 --- [http-nio-8080-exec-7] c.d.learnbuddy.service.CourseService     : Python输出:     "university": "������ѧ",
2025-11-24 10:48:16.259 DEBUG 5908 --- [http-nio-8080-exec-7] c.d.learnbuddy.service.CourseService     : Python输出:     "instructor": "���",
2025-11-24 10:48:16.259 DEBUG 5908 --- [http-nio-8080-exec-7] c.d.learnbuddy.service.CourseService     : Python输出:     "imageUrl": "https://picsum.photos/400/200?random=1005",
2025-11-24 10:48:16.260 DEBUG 5908 --- [http-nio-8080-exec-7] c.d.learnbuddy.service.CourseService     : Python输出:     "courseLink": "https://www.icourse163.org/course/PKU-1001541001",
2025-11-24 10:48:16.260 DEBUG 5908 --- [http-nio-8080-exec-7] c.d.learnbuddy.service.CourseService     : Python输出:     "platform": "icourse163",
2025-11-24 10:48:16.260 DEBUG 5908 --- [http-nio-8080-exec-7] c.d.learnbuddy.service.CourseService     : Python输出:     "category": "�����",
2025-11-24 10:48:16.260 DEBUG 5908 --- [http-nio-8080-exec-7] c.d.learnbuddy.service.CourseService     : Python输出:     "difficulty": "intermediate"
2025-11-24 10:48:16.260 DEBUG 5908 --- [http-nio-8080-exec-7] c.d.learnbuddy.service.CourseService     : Python输出:   }
2025-11-24 10:48:16.261 DEBUG 5908 --- [http-nio-8080-exec-7] c.d.learnbuddy.service.CourseService     : Python输出: ]
2025-11-24 10:48:16.289  INFO 5908 --- [http-nio-8080-exec-7] c.d.learnbuddy.service.CourseService     : Python进程退出码: 0
2025-11-24 10:48:16.291  INFO 5908 --- [http-nio-8080-exec-7] c.d.learnbuddy.service.CourseService     : Python爬虫成功获取 5 门课程
2025-11-24 10:48:16.292  INFO 5908 --- [http-nio-8080-exec-7] c.d.learnbuddy.service.CourseService     : 搜索结果: 0 门课程
2025-11-24 10:48:16.293  INFO 5908 --- [http-nio-8080-exec-7] c.d.l.controller.CourseController        : 搜索结果数量: 0
2025-11-24 10:48:17.950  INFO 5908 --- [http-nio-8080-exec-9] c.d.l.controller.CourseController        : 收到搜索课程请求 - keyword: null, category: 语言, difficulty: null
2025-11-24 10:48:17.951  INFO 5908 --- [http-nio-8080-exec-9] c.d.learnbuddy.service.CourseService     : 找到Python脚本: D:\001_ZJNUThird\ai-learning-partner\ai-learning-partner\learn-buddy-backend\python-crawler\run_scraper.py
2025-11-24 10:48:17.999  INFO 5908 --- [http-nio-8080-exec-9] c.d.learnbuddy.service.CourseService     : 检测到Python命令: python
2025-11-24 10:48:18.000  INFO 5908 --- [http-nio-8080-exec-9] c.d.learnbuddy.service.CourseService     : 使用Python命令: python, 脚本: D:\001_ZJNUThird\ai-learning-partner\ai-learning-partner\learn-buddy-backend\python-crawler\run_scraper.py
2025-11-24 10:48:19.145 DEBUG 5908 --- [http-nio-8080-exec-9] c.d.learnbuddy.service.CourseService     : Python输出: [
2025-11-24 10:48:19.146 DEBUG 5908 --- [http-nio-8080-exec-9] c.d.learnbuddy.service.CourseService     : Python输出:   {
2025-11-24 10:48:19.147 DEBUG 5908 --- [http-nio-8080-exec-9] c.d.learnbuddy.service.CourseService     : Python输出:     "title": "Python���Գ������",
2025-11-24 10:48:19.147 DEBUG 5908 --- [http-nio-8080-exec-9] c.d.learnbuddy.service.CourseService     : Python输出:     "university": "��������ѧ",
2025-11-24 10:48:19.148 DEBUG 5908 --- [http-nio-8080-exec-9] c.d.learnbuddy.service.CourseService     : Python输出:     "instructor": "����",
2025-11-24 10:48:19.148 DEBUG 5908 --- [http-nio-8080-exec-9] c.d.learnbuddy.service.CourseService     : Python输出:     "imageUrl": "https://picsum.photos/400/200?random=1001",
2025-11-24 10:48:19.149 DEBUG 5908 --- [http-nio-8080-exec-9] c.d.learnbuddy.service.CourseService     : Python输出:     "courseLink": "https://www.icourse163.org/course/BIT-268001",
2025-11-24 10:48:19.149 DEBUG 5908 --- [http-nio-8080-exec-9] c.d.learnbuddy.service.CourseService     : Python输出:     "platform": "icourse163",
2025-11-24 10:48:19.150 DEBUG 5908 --- [http-nio-8080-exec-9] c.d.learnbuddy.service.CourseService     : Python输出:     "category": "�����",
2025-11-24 10:48:19.151 DEBUG 5908 --- [http-nio-8080-exec-9] c.d.learnbuddy.service.CourseService     : Python输出:     "difficulty": "beginner"
2025-11-24 10:48:19.151 DEBUG 5908 --- [http-nio-8080-exec-9] c.d.learnbuddy.service.CourseService     : Python输出:   },
2025-11-24 10:48:19.151 DEBUG 5908 --- [http-nio-8080-exec-9] c.d.learnbuddy.service.CourseService     : Python输出:   {
2025-11-24 10:48:19.152 DEBUG 5908 --- [http-nio-8080-exec-9] c.d.learnbuddy.service.CourseService     : Python输出:     "title": "Java�������",
2025-11-24 10:48:19.152 DEBUG 5908 --- [http-nio-8080-exec-9] c.d.learnbuddy.service.CourseService     : Python输出:     "university": "�㽭��ѧ",
2025-11-24 10:48:19.152 DEBUG 5908 --- [http-nio-8080-exec-9] c.d.learnbuddy.service.CourseService     : Python输出:     "instructor": "����",
2025-11-24 10:48:19.154 DEBUG 5908 --- [http-nio-8080-exec-9] c.d.learnbuddy.service.CourseService     : Python输出:     "imageUrl": "https://picsum.photos/400/200?random=1002",
2025-11-24 10:48:19.155 DEBUG 5908 --- [http-nio-8080-exec-9] c.d.learnbuddy.service.CourseService     : Python输出:     "courseLink": "https://www.icourse163.org/course/ZJU-1001541001",
2025-11-24 10:48:19.155 DEBUG 5908 --- [http-nio-8080-exec-9] c.d.learnbuddy.service.CourseService     : Python输出:     "platform": "icourse163",
2025-11-24 10:48:19.155 DEBUG 5908 --- [http-nio-8080-exec-9] c.d.learnbuddy.service.CourseService     : Python输出:     "category": "�����",
2025-11-24 10:48:19.156 DEBUG 5908 --- [http-nio-8080-exec-9] c.d.learnbuddy.service.CourseService     : Python输出:     "difficulty": "beginner"
2025-11-24 10:48:19.156 DEBUG 5908 --- [http-nio-8080-exec-9] c.d.learnbuddy.service.CourseService     : Python输出:   },
2025-11-24 10:48:19.157 DEBUG 5908 --- [http-nio-8080-exec-9] c.d.learnbuddy.service.CourseService     : Python输出:   {
2025-11-24 10:48:19.158 DEBUG 5908 --- [http-nio-8080-exec-9] c.d.learnbuddy.service.CourseService     : Python输出:     "title": "���ݽṹ",
2025-11-24 10:48:19.158 DEBUG 5908 --- [http-nio-8080-exec-9] c.d.learnbuddy.service.CourseService     : Python输出:     "university": "�廪��ѧ",
2025-11-24 10:48:19.159 DEBUG 5908 --- [http-nio-8080-exec-9] c.d.learnbuddy.service.CourseService     : Python输出:     "instructor": "�˿���",
2025-11-24 10:48:19.159 DEBUG 5908 --- [http-nio-8080-exec-9] c.d.learnbuddy.service.CourseService     : Python输出:     "imageUrl": "https://picsum.photos/400/200?random=1003",
2025-11-24 10:48:19.160 DEBUG 5908 --- [http-nio-8080-exec-9] c.d.learnbuddy.service.CourseService     : Python输出:     "courseLink": "https://www.icourse163.org/course/THU-1001539001",
2025-11-24 10:48:19.160 DEBUG 5908 --- [http-nio-8080-exec-9] c.d.learnbuddy.service.CourseService     : Python输出:     "platform": "icourse163",
2025-11-24 10:48:19.160 DEBUG 5908 --- [http-nio-8080-exec-9] c.d.learnbuddy.service.CourseService     : Python输出:     "category": "�����",
2025-11-24 10:48:19.161 DEBUG 5908 --- [http-nio-8080-exec-9] c.d.learnbuddy.service.CourseService     : Python输出:     "difficulty": "intermediate"
2025-11-24 10:48:19.161 DEBUG 5908 --- [http-nio-8080-exec-9] c.d.learnbuddy.service.CourseService     : Python输出:   },
2025-11-24 10:48:19.162 DEBUG 5908 --- [http-nio-8080-exec-9] c.d.learnbuddy.service.CourseService     : Python输出:   {
2025-11-24 10:48:19.162 DEBUG 5908 --- [http-nio-8080-exec-9] c.d.learnbuddy.service.CourseService     : Python输出:     "title": "����ѧϰ",
2025-11-24 10:48:19.162 DEBUG 5908 --- [http-nio-8080-exec-9] c.d.learnbuddy.service.CourseService     : Python输出:     "university": "������ѧ",
2025-11-24 10:48:19.163 DEBUG 5908 --- [http-nio-8080-exec-9] c.d.learnbuddy.service.CourseService     : Python输出:     "instructor": "������",
2025-11-24 10:48:19.163 DEBUG 5908 --- [http-nio-8080-exec-9] c.d.learnbuddy.service.CourseService     : Python输出:     "imageUrl": "https://picsum.photos/400/200?random=1004",
2025-11-24 10:48:19.164 DEBUG 5908 --- [http-nio-8080-exec-9] c.d.learnbuddy.service.CourseService     : Python输出:     "courseLink": "https://www.icourse163.org/course/FUDAN-1001539001",
2025-11-24 10:48:19.164 DEBUG 5908 --- [http-nio-8080-exec-9] c.d.learnbuddy.service.CourseService     : Python输出:     "platform": "icourse163",
2025-11-24 10:48:19.164 DEBUG 5908 --- [http-nio-8080-exec-9] c.d.learnbuddy.service.CourseService     : Python输出:     "category": "�����",
2025-11-24 10:48:19.165 DEBUG 5908 --- [http-nio-8080-exec-9] c.d.learnbuddy.service.CourseService     : Python输出:     "difficulty": "advanced"
2025-11-24 10:48:19.165 DEBUG 5908 --- [http-nio-8080-exec-9] c.d.learnbuddy.service.CourseService     : Python输出:   },
2025-11-24 10:48:19.165 DEBUG 5908 --- [http-nio-8080-exec-9] c.d.learnbuddy.service.CourseService     : Python输出:   {
2025-11-24 10:48:19.165 DEBUG 5908 --- [http-nio-8080-exec-9] c.d.learnbuddy.service.CourseService     : Python输出:     "title": "Webǰ�˿���",
2025-11-24 10:48:19.166 DEBUG 5908 --- [http-nio-8080-exec-9] c.d.learnbuddy.service.CourseService     : Python输出:     "university": "������ѧ",
2025-11-24 10:48:19.166 DEBUG 5908 --- [http-nio-8080-exec-9] c.d.learnbuddy.service.CourseService     : Python输出:     "instructor": "���",
2025-11-24 10:48:19.166 DEBUG 5908 --- [http-nio-8080-exec-9] c.d.learnbuddy.service.CourseService     : Python输出:     "imageUrl": "https://picsum.photos/400/200?random=1005",
2025-11-24 10:48:19.167 DEBUG 5908 --- [http-nio-8080-exec-9] c.d.learnbuddy.service.CourseService     : Python输出:     "courseLink": "https://www.icourse163.org/course/PKU-1001541001",
2025-11-24 10:48:19.167 DEBUG 5908 --- [http-nio-8080-exec-9] c.d.learnbuddy.service.CourseService     : Python输出:     "platform": "icourse163",
2025-11-24 10:48:19.167 DEBUG 5908 --- [http-nio-8080-exec-9] c.d.learnbuddy.service.CourseService     : Python输出:     "category": "�����",
2025-11-24 10:48:19.168 DEBUG 5908 --- [http-nio-8080-exec-9] c.d.learnbuddy.service.CourseService     : Python输出:     "difficulty": "intermediate"
2025-11-24 10:48:19.168 DEBUG 5908 --- [http-nio-8080-exec-9] c.d.learnbuddy.service.CourseService     : Python输出:   }
2025-11-24 10:48:19.168 DEBUG 5908 --- [http-nio-8080-exec-9] c.d.learnbuddy.service.CourseService     : Python输出: ]
2025-11-24 10:48:19.216  INFO 5908 --- [http-nio-8080-exec-9] c.d.learnbuddy.service.CourseService     : Python进程退出码: 0
2025-11-24 10:48:19.217  INFO 5908 --- [http-nio-8080-exec-9] c.d.learnbuddy.service.CourseService     : Python爬虫成功获取 5 门课程
2025-11-24 10:48:19.219  INFO 5908 --- [http-nio-8080-exec-9] c.d.learnbuddy.service.CourseService     : 搜索结果: 0 门课程
2025-11-24 10:48:19.219  INFO 5908 --- [http-nio-8080-exec-9] c.d.l.controller.CourseController        : 搜索结果数量: 0
2025-11-24 10:48:21.033  INFO 5908 --- [http-nio-8080-exec-1] c.d.l.controller.CourseController        : 收到搜索课程请求 - keyword: null, category: null, difficulty: null
2025-11-24 10:48:21.034  INFO 5908 --- [http-nio-8080-exec-1] c.d.learnbuddy.service.CourseService     : 找到Python脚本: D:\001_ZJNUThird\ai-learning-partner\ai-learning-partner\learn-buddy-backend\python-crawler\run_scraper.py
2025-11-24 10:48:21.085  INFO 5908 --- [http-nio-8080-exec-1] c.d.learnbuddy.service.CourseService     : 检测到Python命令: python
2025-11-24 10:48:21.087  INFO 5908 --- [http-nio-8080-exec-1] c.d.learnbuddy.service.CourseService     : 使用Python命令: python, 脚本: D:\001_ZJNUThird\ai-learning-partner\ai-learning-partner\learn-buddy-backend\python-crawler\run_scraper.py
2025-11-24 10:48:22.225 DEBUG 5908 --- [http-nio-8080-exec-1] c.d.learnbuddy.service.CourseService     : Python输出: [
2025-11-24 10:48:22.229 DEBUG 5908 --- [http-nio-8080-exec-1] c.d.learnbuddy.service.CourseService     : Python输出:   {
2025-11-24 10:48:22.229 DEBUG 5908 --- [http-nio-8080-exec-1] c.d.learnbuddy.service.CourseService     : Python输出:     "title": "Python���Գ������",
2025-11-24 10:48:22.229 DEBUG 5908 --- [http-nio-8080-exec-1] c.d.learnbuddy.service.CourseService     : Python输出:     "university": "��������ѧ",
2025-11-24 10:48:22.229 DEBUG 5908 --- [http-nio-8080-exec-1] c.d.learnbuddy.service.CourseService     : Python输出:     "instructor": "����",
2025-11-24 10:48:22.229 DEBUG 5908 --- [http-nio-8080-exec-1] c.d.learnbuddy.service.CourseService     : Python输出:     "imageUrl": "https://picsum.photos/400/200?random=1001",
2025-11-24 10:48:22.230 DEBUG 5908 --- [http-nio-8080-exec-1] c.d.learnbuddy.service.CourseService     : Python输出:     "courseLink": "https://www.icourse163.org/course/BIT-268001",
2025-11-24 10:48:22.230 DEBUG 5908 --- [http-nio-8080-exec-1] c.d.learnbuddy.service.CourseService     : Python输出:     "platform": "icourse163",
2025-11-24 10:48:22.230 DEBUG 5908 --- [http-nio-8080-exec-1] c.d.learnbuddy.service.CourseService     : Python输出:     "category": "�����",
2025-11-24 10:48:22.231 DEBUG 5908 --- [http-nio-8080-exec-1] c.d.learnbuddy.service.CourseService     : Python输出:     "difficulty": "beginner"
2025-11-24 10:48:22.231 DEBUG 5908 --- [http-nio-8080-exec-1] c.d.learnbuddy.service.CourseService     : Python输出:   },
2025-11-24 10:48:22.231 DEBUG 5908 --- [http-nio-8080-exec-1] c.d.learnbuddy.service.CourseService     : Python输出:   {
2025-11-24 10:48:22.231 DEBUG 5908 --- [http-nio-8080-exec-1] c.d.learnbuddy.service.CourseService     : Python输出:     "title": "Java�������",
2025-11-24 10:48:22.231 DEBUG 5908 --- [http-nio-8080-exec-1] c.d.learnbuddy.service.CourseService     : Python输出:     "university": "�㽭��ѧ",
2025-11-24 10:48:22.231 DEBUG 5908 --- [http-nio-8080-exec-1] c.d.learnbuddy.service.CourseService     : Python输出:     "instructor": "����",
2025-11-24 10:48:22.231 DEBUG 5908 --- [http-nio-8080-exec-1] c.d.learnbuddy.service.CourseService     : Python输出:     "imageUrl": "https://picsum.photos/400/200?random=1002",
2025-11-24 10:48:22.231 DEBUG 5908 --- [http-nio-8080-exec-1] c.d.learnbuddy.service.CourseService     : Python输出:     "courseLink": "https://www.icourse163.org/course/ZJU-1001541001",
2025-11-24 10:48:22.232 DEBUG 5908 --- [http-nio-8080-exec-1] c.d.learnbuddy.service.CourseService     : Python输出:     "platform": "icourse163",
2025-11-24 10:48:22.232 DEBUG 5908 --- [http-nio-8080-exec-1] c.d.learnbuddy.service.CourseService     : Python输出:     "category": "�����",
2025-11-24 10:48:22.232 DEBUG 5908 --- [http-nio-8080-exec-1] c.d.learnbuddy.service.CourseService     : Python输出:     "difficulty": "beginner"
2025-11-24 10:48:22.232 DEBUG 5908 --- [http-nio-8080-exec-1] c.d.learnbuddy.service.CourseService     : Python输出:   },
2025-11-24 10:48:22.232 DEBUG 5908 --- [http-nio-8080-exec-1] c.d.learnbuddy.service.CourseService     : Python输出:   {
2025-11-24 10:48:22.232 DEBUG 5908 --- [http-nio-8080-exec-1] c.d.learnbuddy.service.CourseService     : Python输出:     "title": "���ݽṹ",
2025-11-24 10:48:22.232 DEBUG 5908 --- [http-nio-8080-exec-1] c.d.learnbuddy.service.CourseService     : Python输出:     "university": "�廪��ѧ",
2025-11-24 10:48:22.233 DEBUG 5908 --- [http-nio-8080-exec-1] c.d.learnbuddy.service.CourseService     : Python输出:     "instructor": "�˿���",
2025-11-24 10:48:22.233 DEBUG 5908 --- [http-nio-8080-exec-1] c.d.learnbuddy.service.CourseService     : Python输出:     "imageUrl": "https://picsum.photos/400/200?random=1003",
2025-11-24 10:48:22.233 DEBUG 5908 --- [http-nio-8080-exec-1] c.d.learnbuddy.service.CourseService     : Python输出:     "courseLink": "https://www.icourse163.org/course/THU-1001539001",
2025-11-24 10:48:22.233 DEBUG 5908 --- [http-nio-8080-exec-1] c.d.learnbuddy.service.CourseService     : Python输出:     "platform": "icourse163",
2025-11-24 10:48:22.234 DEBUG 5908 --- [http-nio-8080-exec-1] c.d.learnbuddy.service.CourseService     : Python输出:     "category": "�����",
2025-11-24 10:48:22.234 DEBUG 5908 --- [http-nio-8080-exec-1] c.d.learnbuddy.service.CourseService     : Python输出:     "difficulty": "intermediate"
2025-11-24 10:48:22.234 DEBUG 5908 --- [http-nio-8080-exec-1] c.d.learnbuddy.service.CourseService     : Python输出:   },
2025-11-24 10:48:22.234 DEBUG 5908 --- [http-nio-8080-exec-1] c.d.learnbuddy.service.CourseService     : Python输出:   {
2025-11-24 10:48:22.234 DEBUG 5908 --- [http-nio-8080-exec-1] c.d.learnbuddy.service.CourseService     : Python输出:     "title": "����ѧϰ",
2025-11-24 10:48:22.234 DEBUG 5908 --- [http-nio-8080-exec-1] c.d.learnbuddy.service.CourseService     : Python输出:     "university": "������ѧ",
2025-11-24 10:48:22.234 DEBUG 5908 --- [http-nio-8080-exec-1] c.d.learnbuddy.service.CourseService     : Python输出:     "instructor": "������",
2025-11-24 10:48:22.234 DEBUG 5908 --- [http-nio-8080-exec-1] c.d.learnbuddy.service.CourseService     : Python输出:     "imageUrl": "https://picsum.photos/400/200?random=1004",
2025-11-24 10:48:22.234 DEBUG 5908 --- [http-nio-8080-exec-1] c.d.learnbuddy.service.CourseService     : Python输出:     "courseLink": "https://www.icourse163.org/course/FUDAN-1001539001",
2025-11-24 10:48:22.235 DEBUG 5908 --- [http-nio-8080-exec-1] c.d.learnbuddy.service.CourseService     : Python输出:     "platform": "icourse163",
2025-11-24 10:48:22.235 DEBUG 5908 --- [http-nio-8080-exec-1] c.d.learnbuddy.service.CourseService     : Python输出:     "category": "�����",
2025-11-24 10:48:22.235 DEBUG 5908 --- [http-nio-8080-exec-1] c.d.learnbuddy.service.CourseService     : Python输出:     "difficulty": "advanced"
2025-11-24 10:48:22.235 DEBUG 5908 --- [http-nio-8080-exec-1] c.d.learnbuddy.service.CourseService     : Python输出:   },
2025-11-24 10:48:22.235 DEBUG 5908 --- [http-nio-8080-exec-1] c.d.learnbuddy.service.CourseService     : Python输出:   {
2025-11-24 10:48:22.235 DEBUG 5908 --- [http-nio-8080-exec-1] c.d.learnbuddy.service.CourseService     : Python输出:     "title": "Webǰ�˿���",
2025-11-24 10:48:22.235 DEBUG 5908 --- [http-nio-8080-exec-1] c.d.learnbuddy.service.CourseService     : Python输出:     "university": "������ѧ",
2025-11-24 10:48:22.236 DEBUG 5908 --- [http-nio-8080-exec-1] c.d.learnbuddy.service.CourseService     : Python输出:     "instructor": "���",
2025-11-24 10:48:22.236 DEBUG 5908 --- [http-nio-8080-exec-1] c.d.learnbuddy.service.CourseService     : Python输出:     "imageUrl": "https://picsum.photos/400/200?random=1005",
2025-11-24 10:48:22.236 DEBUG 5908 --- [http-nio-8080-exec-1] c.d.learnbuddy.service.CourseService     : Python输出:     "courseLink": "https://www.icourse163.org/course/PKU-1001541001",
2025-11-24 10:48:22.236 DEBUG 5908 --- [http-nio-8080-exec-1] c.d.learnbuddy.service.CourseService     : Python输出:     "platform": "icourse163",
2025-11-24 10:48:22.236 DEBUG 5908 --- [http-nio-8080-exec-1] c.d.learnbuddy.service.CourseService     : Python输出:     "category": "�����",
2025-11-24 10:48:22.236 DEBUG 5908 --- [http-nio-8080-exec-1] c.d.learnbuddy.service.CourseService     : Python输出:     "difficulty": "intermediate"
2025-11-24 10:48:22.236 DEBUG 5908 --- [http-nio-8080-exec-1] c.d.learnbuddy.service.CourseService     : Python输出:   }
2025-11-24 10:48:22.236 DEBUG 5908 --- [http-nio-8080-exec-1] c.d.learnbuddy.service.CourseService     : Python输出: ]
2025-11-24 10:48:22.263  INFO 5908 --- [http-nio-8080-exec-1] c.d.learnbuddy.service.CourseService     : Python进程退出码: 0
2025-11-24 10:48:22.263  INFO 5908 --- [http-nio-8080-exec-1] c.d.learnbuddy.service.CourseService     : Python爬虫成功获取 5 门课程
2025-11-24 10:48:22.263  INFO 5908 --- [http-nio-8080-exec-1] c.d.learnbuddy.service.CourseService     : 搜索结果: 5 门课程
2025-11-24 10:48:22.263  INFO 5908 --- [http-nio-8080-exec-1] c.d.l.controller.CourseController        : 搜索结果数量: 5
2025-11-24 10:51:06.754  INFO 5908 --- [http-nio-8080-exec-4] c.d.l.controller.CourseController        : 收到搜索课程请求 - keyword: null, category: null, difficulty: intermediate
2025-11-24 10:51:06.754  INFO 5908 --- [http-nio-8080-exec-4] c.d.learnbuddy.service.CourseService     : 找到Python脚本: D:\001_ZJNUThird\ai-learning-partner\ai-learning-partner\learn-buddy-backend\python-crawler\run_scraper.py
2025-11-24 10:51:06.797  INFO 5908 --- [http-nio-8080-exec-4] c.d.learnbuddy.service.CourseService     : 检测到Python命令: python
2025-11-24 10:51:06.797  INFO 5908 --- [http-nio-8080-exec-4] c.d.learnbuddy.service.CourseService     : 使用Python命令: python, 脚本: D:\001_ZJNUThird\ai-learning-partner\ai-learning-partner\learn-buddy-backend\python-crawler\run_scraper.py
2025-11-24 10:51:07.713 DEBUG 5908 --- [http-nio-8080-exec-4] c.d.learnbuddy.service.CourseService     : Python输出: [
2025-11-24 10:51:07.714 DEBUG 5908 --- [http-nio-8080-exec-4] c.d.learnbuddy.service.CourseService     : Python输出:   {
2025-11-24 10:51:07.715 DEBUG 5908 --- [http-nio-8080-exec-4] c.d.learnbuddy.service.CourseService     : Python输出:     "title": "Python���Գ������",
2025-11-24 10:51:07.715 DEBUG 5908 --- [http-nio-8080-exec-4] c.d.learnbuddy.service.CourseService     : Python输出:     "university": "��������ѧ",
2025-11-24 10:51:07.715 DEBUG 5908 --- [http-nio-8080-exec-4] c.d.learnbuddy.service.CourseService     : Python输出:     "instructor": "����",
2025-11-24 10:51:07.716 DEBUG 5908 --- [http-nio-8080-exec-4] c.d.learnbuddy.service.CourseService     : Python输出:     "imageUrl": "https://picsum.photos/400/200?random=1001",
2025-11-24 10:51:07.716 DEBUG 5908 --- [http-nio-8080-exec-4] c.d.learnbuddy.service.CourseService     : Python输出:     "courseLink": "https://www.icourse163.org/course/BIT-268001",
2025-11-24 10:51:07.716 DEBUG 5908 --- [http-nio-8080-exec-4] c.d.learnbuddy.service.CourseService     : Python输出:     "platform": "icourse163",
2025-11-24 10:51:07.716 DEBUG 5908 --- [http-nio-8080-exec-4] c.d.learnbuddy.service.CourseService     : Python输出:     "category": "�����",
2025-11-24 10:51:07.717 DEBUG 5908 --- [http-nio-8080-exec-4] c.d.learnbuddy.service.CourseService     : Python输出:     "difficulty": "beginner"
2025-11-24 10:51:07.717 DEBUG 5908 --- [http-nio-8080-exec-4] c.d.learnbuddy.service.CourseService     : Python输出:   },
2025-11-24 10:51:07.718 DEBUG 5908 --- [http-nio-8080-exec-4] c.d.learnbuddy.service.CourseService     : Python输出:   {
2025-11-24 10:51:07.718 DEBUG 5908 --- [http-nio-8080-exec-4] c.d.learnbuddy.service.CourseService     : Python输出:     "title": "Java�������",
2025-11-24 10:51:07.718 DEBUG 5908 --- [http-nio-8080-exec-4] c.d.learnbuddy.service.CourseService     : Python输出:     "university": "�㽭��ѧ",
2025-11-24 10:51:07.718 DEBUG 5908 --- [http-nio-8080-exec-4] c.d.learnbuddy.service.CourseService     : Python输出:     "instructor": "����",
2025-11-24 10:51:07.718 DEBUG 5908 --- [http-nio-8080-exec-4] c.d.learnbuddy.service.CourseService     : Python输出:     "imageUrl": "https://picsum.photos/400/200?random=1002",
2025-11-24 10:51:07.718 DEBUG 5908 --- [http-nio-8080-exec-4] c.d.learnbuddy.service.CourseService     : Python输出:     "courseLink": "https://www.icourse163.org/course/ZJU-1001541001",
2025-11-24 10:51:07.720 DEBUG 5908 --- [http-nio-8080-exec-4] c.d.learnbuddy.service.CourseService     : Python输出:     "platform": "icourse163",
2025-11-24 10:51:07.720 DEBUG 5908 --- [http-nio-8080-exec-4] c.d.learnbuddy.service.CourseService     : Python输出:     "category": "�����",
2025-11-24 10:51:07.720 DEBUG 5908 --- [http-nio-8080-exec-4] c.d.learnbuddy.service.CourseService     : Python输出:     "difficulty": "beginner"
2025-11-24 10:51:07.721 DEBUG 5908 --- [http-nio-8080-exec-4] c.d.learnbuddy.service.CourseService     : Python输出:   },
2025-11-24 10:51:07.721 DEBUG 5908 --- [http-nio-8080-exec-4] c.d.learnbuddy.service.CourseService     : Python输出:   {
2025-11-24 10:51:07.721 DEBUG 5908 --- [http-nio-8080-exec-4] c.d.learnbuddy.service.CourseService     : Python输出:     "title": "���ݽṹ",
2025-11-24 10:51:07.721 DEBUG 5908 --- [http-nio-8080-exec-4] c.d.learnbuddy.service.CourseService     : Python输出:     "university": "�廪��ѧ",
2025-11-24 10:51:07.721 DEBUG 5908 --- [http-nio-8080-exec-4] c.d.learnbuddy.service.CourseService     : Python输出:     "instructor": "�˿���",
2025-11-24 10:51:07.722 DEBUG 5908 --- [http-nio-8080-exec-4] c.d.learnbuddy.service.CourseService     : Python输出:     "imageUrl": "https://picsum.photos/400/200?random=1003",
2025-11-24 10:51:07.722 DEBUG 5908 --- [http-nio-8080-exec-4] c.d.learnbuddy.service.CourseService     : Python输出:     "courseLink": "https://www.icourse163.org/course/THU-1001539001",
2025-11-24 10:51:07.722 DEBUG 5908 --- [http-nio-8080-exec-4] c.d.learnbuddy.service.CourseService     : Python输出:     "platform": "icourse163",
2025-11-24 10:51:07.722 DEBUG 5908 --- [http-nio-8080-exec-4] c.d.learnbuddy.service.CourseService     : Python输出:     "category": "�����",
2025-11-24 10:51:07.723 DEBUG 5908 --- [http-nio-8080-exec-4] c.d.learnbuddy.service.CourseService     : Python输出:     "difficulty": "intermediate"
2025-11-24 10:51:07.723 DEBUG 5908 --- [http-nio-8080-exec-4] c.d.learnbuddy.service.CourseService     : Python输出:   },
2025-11-24 10:51:07.723 DEBUG 5908 --- [http-nio-8080-exec-4] c.d.learnbuddy.service.CourseService     : Python输出:   {
2025-11-24 10:51:07.723 DEBUG 5908 --- [http-nio-8080-exec-4] c.d.learnbuddy.service.CourseService     : Python输出:     "title": "����ѧϰ",
2025-11-24 10:51:07.724 DEBUG 5908 --- [http-nio-8080-exec-4] c.d.learnbuddy.service.CourseService     : Python输出:     "university": "������ѧ",
2025-11-24 10:51:07.724 DEBUG 5908 --- [http-nio-8080-exec-4] c.d.learnbuddy.service.CourseService     : Python输出:     "instructor": "������",
2025-11-24 10:51:07.724 DEBUG 5908 --- [http-nio-8080-exec-4] c.d.learnbuddy.service.CourseService     : Python输出:     "imageUrl": "https://picsum.photos/400/200?random=1004",
2025-11-24 10:51:07.724 DEBUG 5908 --- [http-nio-8080-exec-4] c.d.learnbuddy.service.CourseService     : Python输出:     "courseLink": "https://www.icourse163.org/course/FUDAN-1001539001",
2025-11-24 10:51:07.724 DEBUG 5908 --- [http-nio-8080-exec-4] c.d.learnbuddy.service.CourseService     : Python输出:     "platform": "icourse163",
2025-11-24 10:51:07.725 DEBUG 5908 --- [http-nio-8080-exec-4] c.d.learnbuddy.service.CourseService     : Python输出:     "category": "�����",
2025-11-24 10:51:07.725 DEBUG 5908 --- [http-nio-8080-exec-4] c.d.learnbuddy.service.CourseService     : Python输出:     "difficulty": "advanced"
2025-11-24 10:51:07.725 DEBUG 5908 --- [http-nio-8080-exec-4] c.d.learnbuddy.service.CourseService     : Python输出:   },
2025-11-24 10:51:07.725 DEBUG 5908 --- [http-nio-8080-exec-4] c.d.learnbuddy.service.CourseService     : Python输出:   {
2025-11-24 10:51:07.726 DEBUG 5908 --- [http-nio-8080-exec-4] c.d.learnbuddy.service.CourseService     : Python输出:     "title": "Webǰ�˿���",
2025-11-24 10:51:07.726 DEBUG 5908 --- [http-nio-8080-exec-4] c.d.learnbuddy.service.CourseService     : Python输出:     "university": "������ѧ",
2025-11-24 10:51:07.726 DEBUG 5908 --- [http-nio-8080-exec-4] c.d.learnbuddy.service.CourseService     : Python输出:     "instructor": "���",
2025-11-24 10:51:07.726 DEBUG 5908 --- [http-nio-8080-exec-4] c.d.learnbuddy.service.CourseService     : Python输出:     "imageUrl": "https://picsum.photos/400/200?random=1005",
2025-11-24 10:51:07.726 DEBUG 5908 --- [http-nio-8080-exec-4] c.d.learnbuddy.service.CourseService     : Python输出:     "courseLink": "https://www.icourse163.org/course/PKU-1001541001",
2025-11-24 10:51:07.727 DEBUG 5908 --- [http-nio-8080-exec-4] c.d.learnbuddy.service.CourseService     : Python输出:     "platform": "icourse163",
2025-11-24 10:51:07.728 DEBUG 5908 --- [http-nio-8080-exec-4] c.d.learnbuddy.service.CourseService     : Python输出:     "category": "�����",
2025-11-24 10:51:07.728 DEBUG 5908 --- [http-nio-8080-exec-4] c.d.learnbuddy.service.CourseService     : Python输出:     "difficulty": "intermediate"
2025-11-24 10:51:07.728 DEBUG 5908 --- [http-nio-8080-exec-4] c.d.learnbuddy.service.CourseService     : Python输出:   }
2025-11-24 10:51:07.729 DEBUG 5908 --- [http-nio-8080-exec-4] c.d.learnbuddy.service.CourseService     : Python输出: ]
2025-11-24 10:51:07.755  INFO 5908 --- [http-nio-8080-exec-4] c.d.learnbuddy.service.CourseService     : Python进程退出码: 0
2025-11-24 10:51:07.759  INFO 5908 --- [http-nio-8080-exec-4] c.d.learnbuddy.service.CourseService     : Python爬虫成功获取 5 门课程
2025-11-24 10:51:07.759  INFO 5908 --- [http-nio-8080-exec-4] c.d.learnbuddy.service.CourseService     : 搜索结果: 2 门课程
2025-11-24 10:51:07.760  INFO 5908 --- [http-nio-8080-exec-4] c.d.l.controller.CourseController        : 搜索结果数量: 2
2025-11-24 10:51:10.487  INFO 5908 --- [http-nio-8080-exec-6] c.d.l.controller.CourseController        : 收到搜索课程请求 - keyword: null, category: null, difficulty: advanced
2025-11-24 10:51:10.487  INFO 5908 --- [http-nio-8080-exec-6] c.d.learnbuddy.service.CourseService     : 找到Python脚本: D:\001_ZJNUThird\ai-learning-partner\ai-learning-partner\learn-buddy-backend\python-crawler\run_scraper.py
2025-11-24 10:51:10.552  INFO 5908 --- [http-nio-8080-exec-6] c.d.learnbuddy.service.CourseService     : 检测到Python命令: python
2025-11-24 10:51:10.552  INFO 5908 --- [http-nio-8080-exec-6] c.d.learnbuddy.service.CourseService     : 使用Python命令: python, 脚本: D:\001_ZJNUThird\ai-learning-partner\ai-learning-partner\learn-buddy-backend\python-crawler\run_scraper.py
2025-11-24 10:51:11.587 DEBUG 5908 --- [http-nio-8080-exec-6] c.d.learnbuddy.service.CourseService     : Python输出: [
2025-11-24 10:51:11.587 DEBUG 5908 --- [http-nio-8080-exec-6] c.d.learnbuddy.service.CourseService     : Python输出:   {
2025-11-24 10:51:11.587 DEBUG 5908 --- [http-nio-8080-exec-6] c.d.learnbuddy.service.CourseService     : Python输出:     "title": "Python���Գ������",
2025-11-24 10:51:11.588 DEBUG 5908 --- [http-nio-8080-exec-6] c.d.learnbuddy.service.CourseService     : Python输出:     "university": "��������ѧ",
2025-11-24 10:51:11.588 DEBUG 5908 --- [http-nio-8080-exec-6] c.d.learnbuddy.service.CourseService     : Python输出:     "instructor": "����",
2025-11-24 10:51:11.588 DEBUG 5908 --- [http-nio-8080-exec-6] c.d.learnbuddy.service.CourseService     : Python输出:     "imageUrl": "https://picsum.photos/400/200?random=1001",
2025-11-24 10:51:11.588 DEBUG 5908 --- [http-nio-8080-exec-6] c.d.learnbuddy.service.CourseService     : Python输出:     "courseLink": "https://www.icourse163.org/course/BIT-268001",
2025-11-24 10:51:11.590 DEBUG 5908 --- [http-nio-8080-exec-6] c.d.learnbuddy.service.CourseService     : Python输出:     "platform": "icourse163",
2025-11-24 10:51:11.590 DEBUG 5908 --- [http-nio-8080-exec-6] c.d.learnbuddy.service.CourseService     : Python输出:     "category": "�����",
2025-11-24 10:51:11.590 DEBUG 5908 --- [http-nio-8080-exec-6] c.d.learnbuddy.service.CourseService     : Python输出:     "difficulty": "beginner"
2025-11-24 10:51:11.590 DEBUG 5908 --- [http-nio-8080-exec-6] c.d.learnbuddy.service.CourseService     : Python输出:   },
2025-11-24 10:51:11.591 DEBUG 5908 --- [http-nio-8080-exec-6] c.d.learnbuddy.service.CourseService     : Python输出:   {
2025-11-24 10:51:11.591 DEBUG 5908 --- [http-nio-8080-exec-6] c.d.learnbuddy.service.CourseService     : Python输出:     "title": "Java�������",
2025-11-24 10:51:11.592 DEBUG 5908 --- [http-nio-8080-exec-6] c.d.learnbuddy.service.CourseService     : Python输出:     "university": "�㽭��ѧ",
2025-11-24 10:51:11.592 DEBUG 5908 --- [http-nio-8080-exec-6] c.d.learnbuddy.service.CourseService     : Python输出:     "instructor": "����",
2025-11-24 10:51:11.592 DEBUG 5908 --- [http-nio-8080-exec-6] c.d.learnbuddy.service.CourseService     : Python输出:     "imageUrl": "https://picsum.photos/400/200?random=1002",
2025-11-24 10:51:11.593 DEBUG 5908 --- [http-nio-8080-exec-6] c.d.learnbuddy.service.CourseService     : Python输出:     "courseLink": "https://www.icourse163.org/course/ZJU-1001541001",
2025-11-24 10:51:11.593 DEBUG 5908 --- [http-nio-8080-exec-6] c.d.learnbuddy.service.CourseService     : Python输出:     "platform": "icourse163",
2025-11-24 10:51:11.593 DEBUG 5908 --- [http-nio-8080-exec-6] c.d.learnbuddy.service.CourseService     : Python输出:     "category": "�����",
2025-11-24 10:51:11.593 DEBUG 5908 --- [http-nio-8080-exec-6] c.d.learnbuddy.service.CourseService     : Python输出:     "difficulty": "beginner"
2025-11-24 10:51:11.594 DEBUG 5908 --- [http-nio-8080-exec-6] c.d.learnbuddy.service.CourseService     : Python输出:   },
2025-11-24 10:51:11.594 DEBUG 5908 --- [http-nio-8080-exec-6] c.d.learnbuddy.service.CourseService     : Python输出:   {
2025-11-24 10:51:11.594 DEBUG 5908 --- [http-nio-8080-exec-6] c.d.learnbuddy.service.CourseService     : Python输出:     "title": "���ݽṹ",
2025-11-24 10:51:11.594 DEBUG 5908 --- [http-nio-8080-exec-6] c.d.learnbuddy.service.CourseService     : Python输出:     "university": "�廪��ѧ",
2025-11-24 10:51:11.594 DEBUG 5908 --- [http-nio-8080-exec-6] c.d.learnbuddy.service.CourseService     : Python输出:     "instructor": "�˿���",
2025-11-24 10:51:11.595 DEBUG 5908 --- [http-nio-8080-exec-6] c.d.learnbuddy.service.CourseService     : Python输出:     "imageUrl": "https://picsum.photos/400/200?random=1003",
2025-11-24 10:51:11.596 DEBUG 5908 --- [http-nio-8080-exec-6] c.d.learnbuddy.service.CourseService     : Python输出:     "courseLink": "https://www.icourse163.org/course/THU-1001539001",
2025-11-24 10:51:11.596 DEBUG 5908 --- [http-nio-8080-exec-6] c.d.learnbuddy.service.CourseService     : Python输出:     "platform": "icourse163",
2025-11-24 10:51:11.597 DEBUG 5908 --- [http-nio-8080-exec-6] c.d.learnbuddy.service.CourseService     : Python输出:     "category": "�����",
2025-11-24 10:51:11.598 DEBUG 5908 --- [http-nio-8080-exec-6] c.d.learnbuddy.service.CourseService     : Python输出:     "difficulty": "intermediate"
2025-11-24 10:51:11.599 DEBUG 5908 --- [http-nio-8080-exec-6] c.d.learnbuddy.service.CourseService     : Python输出:   },
2025-11-24 10:51:11.599 DEBUG 5908 --- [http-nio-8080-exec-6] c.d.learnbuddy.service.CourseService     : Python输出:   {
2025-11-24 10:51:11.599 DEBUG 5908 --- [http-nio-8080-exec-6] c.d.learnbuddy.service.CourseService     : Python输出:     "title": "����ѧϰ",
2025-11-24 10:51:11.600 DEBUG 5908 --- [http-nio-8080-exec-6] c.d.learnbuddy.service.CourseService     : Python输出:     "university": "������ѧ",
2025-11-24 10:51:11.600 DEBUG 5908 --- [http-nio-8080-exec-6] c.d.learnbuddy.service.CourseService     : Python输出:     "instructor": "������",
2025-11-24 10:51:11.600 DEBUG 5908 --- [http-nio-8080-exec-6] c.d.learnbuddy.service.CourseService     : Python输出:     "imageUrl": "https://picsum.photos/400/200?random=1004",
2025-11-24 10:51:11.601 DEBUG 5908 --- [http-nio-8080-exec-6] c.d.learnbuddy.service.CourseService     : Python输出:     "courseLink": "https://www.icourse163.org/course/FUDAN-1001539001",
2025-11-24 10:51:11.601 DEBUG 5908 --- [http-nio-8080-exec-6] c.d.learnbuddy.service.CourseService     : Python输出:     "platform": "icourse163",
2025-11-24 10:51:11.601 DEBUG 5908 --- [http-nio-8080-exec-6] c.d.learnbuddy.service.CourseService     : Python输出:     "category": "�����",
2025-11-24 10:51:11.601 DEBUG 5908 --- [http-nio-8080-exec-6] c.d.learnbuddy.service.CourseService     : Python输出:     "difficulty": "advanced"
2025-11-24 10:51:11.602 DEBUG 5908 --- [http-nio-8080-exec-6] c.d.learnbuddy.service.CourseService     : Python输出:   },
2025-11-24 10:51:11.602 DEBUG 5908 --- [http-nio-8080-exec-6] c.d.learnbuddy.service.CourseService     : Python输出:   {
2025-11-24 10:51:11.602 DEBUG 5908 --- [http-nio-8080-exec-6] c.d.learnbuddy.service.CourseService     : Python输出:     "title": "Webǰ�˿���",
2025-11-24 10:51:11.602 DEBUG 5908 --- [http-nio-8080-exec-6] c.d.learnbuddy.service.CourseService     : Python输出:     "university": "������ѧ",
2025-11-24 10:51:11.602 DEBUG 5908 --- [http-nio-8080-exec-6] c.d.learnbuddy.service.CourseService     : Python输出:     "instructor": "���",
2025-11-24 10:51:11.602 DEBUG 5908 --- [http-nio-8080-exec-6] c.d.learnbuddy.service.CourseService     : Python输出:     "imageUrl": "https://picsum.photos/400/200?random=1005",
2025-11-24 10:51:11.602 DEBUG 5908 --- [http-nio-8080-exec-6] c.d.learnbuddy.service.CourseService     : Python输出:     "courseLink": "https://www.icourse163.org/course/PKU-1001541001",
2025-11-24 10:51:11.603 DEBUG 5908 --- [http-nio-8080-exec-6] c.d.learnbuddy.service.CourseService     : Python输出:     "platform": "icourse163",
2025-11-24 10:51:11.603 DEBUG 5908 --- [http-nio-8080-exec-6] c.d.learnbuddy.service.CourseService     : Python输出:     "category": "�����",
2025-11-24 10:51:11.603 DEBUG 5908 --- [http-nio-8080-exec-6] c.d.learnbuddy.service.CourseService     : Python输出:     "difficulty": "intermediate"
2025-11-24 10:51:11.603 DEBUG 5908 --- [http-nio-8080-exec-6] c.d.learnbuddy.service.CourseService     : Python输出:   }
2025-11-24 10:51:11.603 DEBUG 5908 --- [http-nio-8080-exec-6] c.d.learnbuddy.service.CourseService     : Python输出: ]
2025-11-24 10:51:11.635  INFO 5908 --- [http-nio-8080-exec-6] c.d.learnbuddy.service.CourseService     : Python进程退出码: 0
2025-11-24 10:51:11.638  INFO 5908 --- [http-nio-8080-exec-6] c.d.learnbuddy.service.CourseService     : Python爬虫成功获取 5 门课程
2025-11-24 10:51:11.638  INFO 5908 --- [http-nio-8080-exec-6] c.d.learnbuddy.service.CourseService     : 搜索结果: 1 门课程
2025-11-24 10:51:11.638  INFO 5908 --- [http-nio-8080-exec-6] c.d.l.controller.CourseController        : 搜索结果数量: 1
2025-11-24 10:51:14.341  INFO 5908 --- [http-nio-8080-exec-8] c.d.l.controller.CourseController        : 收到搜索课程请求 - keyword: null, category: 计算机, difficulty: advanced
2025-11-24 10:51:14.342  INFO 5908 --- [http-nio-8080-exec-8] c.d.learnbuddy.service.CourseService     : 找到Python脚本: D:\001_ZJNUThird\ai-learning-partner\ai-learning-partner\learn-buddy-backend\python-crawler\run_scraper.py
2025-11-24 10:51:14.396  INFO 5908 --- [http-nio-8080-exec-8] c.d.learnbuddy.service.CourseService     : 检测到Python命令: python
2025-11-24 10:51:14.398  INFO 5908 --- [http-nio-8080-exec-8] c.d.learnbuddy.service.CourseService     : 使用Python命令: python, 脚本: D:\001_ZJNUThird\ai-learning-partner\ai-learning-partner\learn-buddy-backend\python-crawler\run_scraper.py
2025-11-24 10:51:15.440 DEBUG 5908 --- [http-nio-8080-exec-8] c.d.learnbuddy.service.CourseService     : Python输出: [
2025-11-24 10:51:15.441 DEBUG 5908 --- [http-nio-8080-exec-8] c.d.learnbuddy.service.CourseService     : Python输出:   {
2025-11-24 10:51:15.441 DEBUG 5908 --- [http-nio-8080-exec-8] c.d.learnbuddy.service.CourseService     : Python输出:     "title": "Python���Գ������",
2025-11-24 10:51:15.441 DEBUG 5908 --- [http-nio-8080-exec-8] c.d.learnbuddy.service.CourseService     : Python输出:     "university": "��������ѧ",
2025-11-24 10:51:15.441 DEBUG 5908 --- [http-nio-8080-exec-8] c.d.learnbuddy.service.CourseService     : Python输出:     "instructor": "����",
2025-11-24 10:51:15.441 DEBUG 5908 --- [http-nio-8080-exec-8] c.d.learnbuddy.service.CourseService     : Python输出:     "imageUrl": "https://picsum.photos/400/200?random=1001",
2025-11-24 10:51:15.441 DEBUG 5908 --- [http-nio-8080-exec-8] c.d.learnbuddy.service.CourseService     : Python输出:     "courseLink": "https://www.icourse163.org/course/BIT-268001",
2025-11-24 10:51:15.441 DEBUG 5908 --- [http-nio-8080-exec-8] c.d.learnbuddy.service.CourseService     : Python输出:     "platform": "icourse163",
2025-11-24 10:51:15.441 DEBUG 5908 --- [http-nio-8080-exec-8] c.d.learnbuddy.service.CourseService     : Python输出:     "category": "�����",
2025-11-24 10:51:15.441 DEBUG 5908 --- [http-nio-8080-exec-8] c.d.learnbuddy.service.CourseService     : Python输出:     "difficulty": "beginner"
2025-11-24 10:51:15.441 DEBUG 5908 --- [http-nio-8080-exec-8] c.d.learnbuddy.service.CourseService     : Python输出:   },
2025-11-24 10:51:15.441 DEBUG 5908 --- [http-nio-8080-exec-8] c.d.learnbuddy.service.CourseService     : Python输出:   {
2025-11-24 10:51:15.442 DEBUG 5908 --- [http-nio-8080-exec-8] c.d.learnbuddy.service.CourseService     : Python输出:     "title": "Java�������",
2025-11-24 10:51:15.442 DEBUG 5908 --- [http-nio-8080-exec-8] c.d.learnbuddy.service.CourseService     : Python输出:     "university": "�㽭��ѧ",
2025-11-24 10:51:15.442 DEBUG 5908 --- [http-nio-8080-exec-8] c.d.learnbuddy.service.CourseService     : Python输出:     "instructor": "����",
2025-11-24 10:51:15.442 DEBUG 5908 --- [http-nio-8080-exec-8] c.d.learnbuddy.service.CourseService     : Python输出:     "imageUrl": "https://picsum.photos/400/200?random=1002",
2025-11-24 10:51:15.442 DEBUG 5908 --- [http-nio-8080-exec-8] c.d.learnbuddy.service.CourseService     : Python输出:     "courseLink": "https://www.icourse163.org/course/ZJU-1001541001",
2025-11-24 10:51:15.442 DEBUG 5908 --- [http-nio-8080-exec-8] c.d.learnbuddy.service.CourseService     : Python输出:     "platform": "icourse163",
2025-11-24 10:51:15.442 DEBUG 5908 --- [http-nio-8080-exec-8] c.d.learnbuddy.service.CourseService     : Python输出:     "category": "�����",
2025-11-24 10:51:15.442 DEBUG 5908 --- [http-nio-8080-exec-8] c.d.learnbuddy.service.CourseService     : Python输出:     "difficulty": "beginner"
2025-11-24 10:51:15.442 DEBUG 5908 --- [http-nio-8080-exec-8] c.d.learnbuddy.service.CourseService     : Python输出:   },
2025-11-24 10:51:15.442 DEBUG 5908 --- [http-nio-8080-exec-8] c.d.learnbuddy.service.CourseService     : Python输出:   {
2025-11-24 10:51:15.442 DEBUG 5908 --- [http-nio-8080-exec-8] c.d.learnbuddy.service.CourseService     : Python输出:     "title": "���ݽṹ",
2025-11-24 10:51:15.442 DEBUG 5908 --- [http-nio-8080-exec-8] c.d.learnbuddy.service.CourseService     : Python输出:     "university": "�廪��ѧ",
2025-11-24 10:51:15.442 DEBUG 5908 --- [http-nio-8080-exec-8] c.d.learnbuddy.service.CourseService     : Python输出:     "instructor": "�˿���",
2025-11-24 10:51:15.442 DEBUG 5908 --- [http-nio-8080-exec-8] c.d.learnbuddy.service.CourseService     : Python输出:     "imageUrl": "https://picsum.photos/400/200?random=1003",
2025-11-24 10:51:15.442 DEBUG 5908 --- [http-nio-8080-exec-8] c.d.learnbuddy.service.CourseService     : Python输出:     "courseLink": "https://www.icourse163.org/course/THU-1001539001",
2025-11-24 10:51:15.442 DEBUG 5908 --- [http-nio-8080-exec-8] c.d.learnbuddy.service.CourseService     : Python输出:     "platform": "icourse163",
2025-11-24 10:51:15.442 DEBUG 5908 --- [http-nio-8080-exec-8] c.d.learnbuddy.service.CourseService     : Python输出:     "category": "�����",
2025-11-24 10:51:15.443 DEBUG 5908 --- [http-nio-8080-exec-8] c.d.learnbuddy.service.CourseService     : Python输出:     "difficulty": "intermediate"
2025-11-24 10:51:15.443 DEBUG 5908 --- [http-nio-8080-exec-8] c.d.learnbuddy.service.CourseService     : Python输出:   },
2025-11-24 10:51:15.443 DEBUG 5908 --- [http-nio-8080-exec-8] c.d.learnbuddy.service.CourseService     : Python输出:   {
2025-11-24 10:51:15.443 DEBUG 5908 --- [http-nio-8080-exec-8] c.d.learnbuddy.service.CourseService     : Python输出:     "title": "����ѧϰ",
2025-11-24 10:51:15.443 DEBUG 5908 --- [http-nio-8080-exec-8] c.d.learnbuddy.service.CourseService     : Python输出:     "university": "������ѧ",
2025-11-24 10:51:15.443 DEBUG 5908 --- [http-nio-8080-exec-8] c.d.learnbuddy.service.CourseService     : Python输出:     "instructor": "������",
2025-11-24 10:51:15.443 DEBUG 5908 --- [http-nio-8080-exec-8] c.d.learnbuddy.service.CourseService     : Python输出:     "imageUrl": "https://picsum.photos/400/200?random=1004",
2025-11-24 10:51:15.443 DEBUG 5908 --- [http-nio-8080-exec-8] c.d.learnbuddy.service.CourseService     : Python输出:     "courseLink": "https://www.icourse163.org/course/FUDAN-1001539001",
2025-11-24 10:51:15.443 DEBUG 5908 --- [http-nio-8080-exec-8] c.d.learnbuddy.service.CourseService     : Python输出:     "platform": "icourse163",
2025-11-24 10:51:15.443 DEBUG 5908 --- [http-nio-8080-exec-8] c.d.learnbuddy.service.CourseService     : Python输出:     "category": "�����",
2025-11-24 10:51:15.443 DEBUG 5908 --- [http-nio-8080-exec-8] c.d.learnbuddy.service.CourseService     : Python输出:     "difficulty": "advanced"
2025-11-24 10:51:15.443 DEBUG 5908 --- [http-nio-8080-exec-8] c.d.learnbuddy.service.CourseService     : Python输出:   },
2025-11-24 10:51:15.443 DEBUG 5908 --- [http-nio-8080-exec-8] c.d.learnbuddy.service.CourseService     : Python输出:   {
2025-11-24 10:51:15.443 DEBUG 5908 --- [http-nio-8080-exec-8] c.d.learnbuddy.service.CourseService     : Python输出:     "title": "Webǰ�˿���",
2025-11-24 10:51:15.443 DEBUG 5908 --- [http-nio-8080-exec-8] c.d.learnbuddy.service.CourseService     : Python输出:     "university": "������ѧ",
2025-11-24 10:51:15.443 DEBUG 5908 --- [http-nio-8080-exec-8] c.d.learnbuddy.service.CourseService     : Python输出:     "instructor": "���",
2025-11-24 10:51:15.444 DEBUG 5908 --- [http-nio-8080-exec-8] c.d.learnbuddy.service.CourseService     : Python输出:     "imageUrl": "https://picsum.photos/400/200?random=1005",
2025-11-24 10:51:15.444 DEBUG 5908 --- [http-nio-8080-exec-8] c.d.learnbuddy.service.CourseService     : Python输出:     "courseLink": "https://www.icourse163.org/course/PKU-1001541001",
2025-11-24 10:51:15.444 DEBUG 5908 --- [http-nio-8080-exec-8] c.d.learnbuddy.service.CourseService     : Python输出:     "platform": "icourse163",
2025-11-24 10:51:15.444 DEBUG 5908 --- [http-nio-8080-exec-8] c.d.learnbuddy.service.CourseService     : Python输出:     "category": "�����",
2025-11-24 10:51:15.444 DEBUG 5908 --- [http-nio-8080-exec-8] c.d.learnbuddy.service.CourseService     : Python输出:     "difficulty": "intermediate"
2025-11-24 10:51:15.444 DEBUG 5908 --- [http-nio-8080-exec-8] c.d.learnbuddy.service.CourseService     : Python输出:   }
2025-11-24 10:51:15.444 DEBUG 5908 --- [http-nio-8080-exec-8] c.d.learnbuddy.service.CourseService     : Python输出: ]
2025-11-24 10:51:15.466  INFO 5908 --- [http-nio-8080-exec-8] c.d.learnbuddy.service.CourseService     : Python进程退出码: 0
2025-11-24 10:51:15.467  INFO 5908 --- [http-nio-8080-exec-8] c.d.learnbuddy.service.CourseService     : Python爬虫成功获取 5 门课程
2025-11-24 10:51:15.467  INFO 5908 --- [http-nio-8080-exec-8] c.d.learnbuddy.service.CourseService     : 搜索结果: 0 门课程
2025-11-24 10:51:15.467  INFO 5908 --- [http-nio-8080-exec-8] c.d.l.controller.CourseController        : 搜索结果数量: 0
2025-11-24 10:51:19.153  INFO 5908 --- [http-nio-8080-exec-10] c.d.l.controller.CourseController        : 收到搜索课程请求 - keyword: null, category: 数学, difficulty: advanced
2025-11-24 10:51:19.155  INFO 5908 --- [http-nio-8080-exec-10] c.d.learnbuddy.service.CourseService     : 找到Python脚本: D:\001_ZJNUThird\ai-learning-partner\ai-learning-partner\learn-buddy-backend\python-crawler\run_scraper.py
2025-11-24 10:51:19.208  INFO 5908 --- [http-nio-8080-exec-10] c.d.learnbuddy.service.CourseService     : 检测到Python命令: python
2025-11-24 10:51:19.209  INFO 5908 --- [http-nio-8080-exec-10] c.d.learnbuddy.service.CourseService     : 使用Python命令: python, 脚本: D:\001_ZJNUThird\ai-learning-partner\ai-learning-partner\learn-buddy-backend\python-crawler\run_scraper.py
2025-11-24 10:51:20.225 DEBUG 5908 --- [http-nio-8080-exec-10] c.d.learnbuddy.service.CourseService     : Python输出: [
2025-11-24 10:51:20.227 DEBUG 5908 --- [http-nio-8080-exec-10] c.d.learnbuddy.service.CourseService     : Python输出:   {
2025-11-24 10:51:20.228 DEBUG 5908 --- [http-nio-8080-exec-10] c.d.learnbuddy.service.CourseService     : Python输出:     "title": "Python���Գ������",
2025-11-24 10:51:20.228 DEBUG 5908 --- [http-nio-8080-exec-10] c.d.learnbuddy.service.CourseService     : Python输出:     "university": "��������ѧ",
2025-11-24 10:51:20.228 DEBUG 5908 --- [http-nio-8080-exec-10] c.d.learnbuddy.service.CourseService     : Python输出:     "instructor": "����",
2025-11-24 10:51:20.228 DEBUG 5908 --- [http-nio-8080-exec-10] c.d.learnbuddy.service.CourseService     : Python输出:     "imageUrl": "https://picsum.photos/400/200?random=1001",
2025-11-24 10:51:20.231 DEBUG 5908 --- [http-nio-8080-exec-10] c.d.learnbuddy.service.CourseService     : Python输出:     "courseLink": "https://www.icourse163.org/course/BIT-268001",
2025-11-24 10:51:20.232 DEBUG 5908 --- [http-nio-8080-exec-10] c.d.learnbuddy.service.CourseService     : Python输出:     "platform": "icourse163",
2025-11-24 10:51:20.233 DEBUG 5908 --- [http-nio-8080-exec-10] c.d.learnbuddy.service.CourseService     : Python输出:     "category": "�����",
2025-11-24 10:51:20.233 DEBUG 5908 --- [http-nio-8080-exec-10] c.d.learnbuddy.service.CourseService     : Python输出:     "difficulty": "beginner"
2025-11-24 10:51:20.233 DEBUG 5908 --- [http-nio-8080-exec-10] c.d.learnbuddy.service.CourseService     : Python输出:   },
2025-11-24 10:51:20.233 DEBUG 5908 --- [http-nio-8080-exec-10] c.d.learnbuddy.service.CourseService     : Python输出:   {
2025-11-24 10:51:20.233 DEBUG 5908 --- [http-nio-8080-exec-10] c.d.learnbuddy.service.CourseService     : Python输出:     "title": "Java�������",
2025-11-24 10:51:20.233 DEBUG 5908 --- [http-nio-8080-exec-10] c.d.learnbuddy.service.CourseService     : Python输出:     "university": "�㽭��ѧ",
2025-11-24 10:51:20.234 DEBUG 5908 --- [http-nio-8080-exec-10] c.d.learnbuddy.service.CourseService     : Python输出:     "instructor": "����",
2025-11-24 10:51:20.234 DEBUG 5908 --- [http-nio-8080-exec-10] c.d.learnbuddy.service.CourseService     : Python输出:     "imageUrl": "https://picsum.photos/400/200?random=1002",
2025-11-24 10:51:20.236 DEBUG 5908 --- [http-nio-8080-exec-10] c.d.learnbuddy.service.CourseService     : Python输出:     "courseLink": "https://www.icourse163.org/course/ZJU-1001541001",
2025-11-24 10:51:20.237 DEBUG 5908 --- [http-nio-8080-exec-10] c.d.learnbuddy.service.CourseService     : Python输出:     "platform": "icourse163",
2025-11-24 10:51:20.237 DEBUG 5908 --- [http-nio-8080-exec-10] c.d.learnbuddy.service.CourseService     : Python输出:     "category": "�����",
2025-11-24 10:51:20.237 DEBUG 5908 --- [http-nio-8080-exec-10] c.d.learnbuddy.service.CourseService     : Python输出:     "difficulty": "beginner"
2025-11-24 10:51:20.237 DEBUG 5908 --- [http-nio-8080-exec-10] c.d.learnbuddy.service.CourseService     : Python输出:   },
2025-11-24 10:51:20.238 DEBUG 5908 --- [http-nio-8080-exec-10] c.d.learnbuddy.service.CourseService     : Python输出:   {
2025-11-24 10:51:20.238 DEBUG 5908 --- [http-nio-8080-exec-10] c.d.learnbuddy.service.CourseService     : Python输出:     "title": "���ݽṹ",
2025-11-24 10:51:20.238 DEBUG 5908 --- [http-nio-8080-exec-10] c.d.learnbuddy.service.CourseService     : Python输出:     "university": "�廪��ѧ",
2025-11-24 10:51:20.238 DEBUG 5908 --- [http-nio-8080-exec-10] c.d.learnbuddy.service.CourseService     : Python输出:     "instructor": "�˿���",
2025-11-24 10:51:20.238 DEBUG 5908 --- [http-nio-8080-exec-10] c.d.learnbuddy.service.CourseService     : Python输出:     "imageUrl": "https://picsum.photos/400/200?random=1003",
2025-11-24 10:51:20.238 DEBUG 5908 --- [http-nio-8080-exec-10] c.d.learnbuddy.service.CourseService     : Python输出:     "courseLink": "https://www.icourse163.org/course/THU-1001539001",
2025-11-24 10:51:20.238 DEBUG 5908 --- [http-nio-8080-exec-10] c.d.learnbuddy.service.CourseService     : Python输出:     "platform": "icourse163",
2025-11-24 10:51:20.238 DEBUG 5908 --- [http-nio-8080-exec-10] c.d.learnbuddy.service.CourseService     : Python输出:     "category": "�����",
2025-11-24 10:51:20.238 DEBUG 5908 --- [http-nio-8080-exec-10] c.d.learnbuddy.service.CourseService     : Python输出:     "difficulty": "intermediate"
2025-11-24 10:51:20.238 DEBUG 5908 --- [http-nio-8080-exec-10] c.d.learnbuddy.service.CourseService     : Python输出:   },
2025-11-24 10:51:20.238 DEBUG 5908 --- [http-nio-8080-exec-10] c.d.learnbuddy.service.CourseService     : Python输出:   {
2025-11-24 10:51:20.238 DEBUG 5908 --- [http-nio-8080-exec-10] c.d.learnbuddy.service.CourseService     : Python输出:     "title": "����ѧϰ",
2025-11-24 10:51:20.239 DEBUG 5908 --- [http-nio-8080-exec-10] c.d.learnbuddy.service.CourseService     : Python输出:     "university": "������ѧ",
2025-11-24 10:51:20.239 DEBUG 5908 --- [http-nio-8080-exec-10] c.d.learnbuddy.service.CourseService     : Python输出:     "instructor": "������",
2025-11-24 10:51:20.239 DEBUG 5908 --- [http-nio-8080-exec-10] c.d.learnbuddy.service.CourseService     : Python输出:     "imageUrl": "https://picsum.photos/400/200?random=1004",
2025-11-24 10:51:20.239 DEBUG 5908 --- [http-nio-8080-exec-10] c.d.learnbuddy.service.CourseService     : Python输出:     "courseLink": "https://www.icourse163.org/course/FUDAN-1001539001",
2025-11-24 10:51:20.239 DEBUG 5908 --- [http-nio-8080-exec-10] c.d.learnbuddy.service.CourseService     : Python输出:     "platform": "icourse163",
2025-11-24 10:51:20.239 DEBUG 5908 --- [http-nio-8080-exec-10] c.d.learnbuddy.service.CourseService     : Python输出:     "category": "�����",
2025-11-24 10:51:20.239 DEBUG 5908 --- [http-nio-8080-exec-10] c.d.learnbuddy.service.CourseService     : Python输出:     "difficulty": "advanced"
2025-11-24 10:51:20.239 DEBUG 5908 --- [http-nio-8080-exec-10] c.d.learnbuddy.service.CourseService     : Python输出:   },
2025-11-24 10:51:20.239 DEBUG 5908 --- [http-nio-8080-exec-10] c.d.learnbuddy.service.CourseService     : Python输出:   {
2025-11-24 10:51:20.239 DEBUG 5908 --- [http-nio-8080-exec-10] c.d.learnbuddy.service.CourseService     : Python输出:     "title": "Webǰ�˿���",
2025-11-24 10:51:20.239 DEBUG 5908 --- [http-nio-8080-exec-10] c.d.learnbuddy.service.CourseService     : Python输出:     "university": "������ѧ",
2025-11-24 10:51:20.239 DEBUG 5908 --- [http-nio-8080-exec-10] c.d.learnbuddy.service.CourseService     : Python输出:     "instructor": "���",
2025-11-24 10:51:20.239 DEBUG 5908 --- [http-nio-8080-exec-10] c.d.learnbuddy.service.CourseService     : Python输出:     "imageUrl": "https://picsum.photos/400/200?random=1005",
2025-11-24 10:51:20.239 DEBUG 5908 --- [http-nio-8080-exec-10] c.d.learnbuddy.service.CourseService     : Python输出:     "courseLink": "https://www.icourse163.org/course/PKU-1001541001",
2025-11-24 10:51:20.240 DEBUG 5908 --- [http-nio-8080-exec-10] c.d.learnbuddy.service.CourseService     : Python输出:     "platform": "icourse163",
2025-11-24 10:51:20.240 DEBUG 5908 --- [http-nio-8080-exec-10] c.d.learnbuddy.service.CourseService     : Python输出:     "category": "�����",
2025-11-24 10:51:20.240 DEBUG 5908 --- [http-nio-8080-exec-10] c.d.learnbuddy.service.CourseService     : Python输出:     "difficulty": "intermediate"
2025-11-24 10:51:20.240 DEBUG 5908 --- [http-nio-8080-exec-10] c.d.learnbuddy.service.CourseService     : Python输出:   }
2025-11-24 10:51:20.240 DEBUG 5908 --- [http-nio-8080-exec-10] c.d.learnbuddy.service.CourseService     : Python输出: ]
2025-11-24 10:51:20.274  INFO 5908 --- [http-nio-8080-exec-10] c.d.learnbuddy.service.CourseService     : Python进程退出码: 0
2025-11-24 10:51:20.279  INFO 5908 --- [http-nio-8080-exec-10] c.d.learnbuddy.service.CourseService     : Python爬虫成功获取 5 门课程
2025-11-24 10:51:20.279  INFO 5908 --- [http-nio-8080-exec-10] c.d.learnbuddy.service.CourseService     : 搜索结果: 0 门课程
2025-11-24 10:51:20.280  INFO 5908 --- [http-nio-8080-exec-10] c.d.l.controller.CourseController        : 搜索结果数量: 0
2025-11-24 10:51:22.209  INFO 5908 --- [http-nio-8080-exec-1] c.d.l.controller.CourseController        : 收到搜索课程请求 - keyword: null, category: null, difficulty: advanced
2025-11-24 10:51:22.210  INFO 5908 --- [http-nio-8080-exec-1] c.d.learnbuddy.service.CourseService     : 找到Python脚本: D:\001_ZJNUThird\ai-learning-partner\ai-learning-partner\learn-buddy-backend\python-crawler\run_scraper.py
2025-11-24 10:51:22.281  INFO 5908 --- [http-nio-8080-exec-1] c.d.learnbuddy.service.CourseService     : 检测到Python命令: python
2025-11-24 10:51:22.281  INFO 5908 --- [http-nio-8080-exec-1] c.d.learnbuddy.service.CourseService     : 使用Python命令: python, 脚本: D:\001_ZJNUThird\ai-learning-partner\ai-learning-partner\learn-buddy-backend\python-crawler\run_scraper.py
2025-11-24 10:51:23.987 DEBUG 5908 --- [http-nio-8080-exec-1] c.d.learnbuddy.service.CourseService     : Python输出: [
2025-11-24 10:51:23.988 DEBUG 5908 --- [http-nio-8080-exec-1] c.d.learnbuddy.service.CourseService     : Python输出:   {
2025-11-24 10:51:23.988 DEBUG 5908 --- [http-nio-8080-exec-1] c.d.learnbuddy.service.CourseService     : Python输出:     "title": "Python���Գ������",
2025-11-24 10:51:23.988 DEBUG 5908 --- [http-nio-8080-exec-1] c.d.learnbuddy.service.CourseService     : Python输出:     "university": "��������ѧ",
2025-11-24 10:51:23.989 DEBUG 5908 --- [http-nio-8080-exec-1] c.d.learnbuddy.service.CourseService     : Python输出:     "instructor": "����",
2025-11-24 10:51:23.989 DEBUG 5908 --- [http-nio-8080-exec-1] c.d.learnbuddy.service.CourseService     : Python输出:     "imageUrl": "https://picsum.photos/400/200?random=1001",
2025-11-24 10:51:23.989 DEBUG 5908 --- [http-nio-8080-exec-1] c.d.learnbuddy.service.CourseService     : Python输出:     "courseLink": "https://www.icourse163.org/course/BIT-268001",
2025-11-24 10:51:23.990 DEBUG 5908 --- [http-nio-8080-exec-1] c.d.learnbuddy.service.CourseService     : Python输出:     "platform": "icourse163",
2025-11-24 10:51:23.990 DEBUG 5908 --- [http-nio-8080-exec-1] c.d.learnbuddy.service.CourseService     : Python输出:     "category": "�����",
2025-11-24 10:51:23.990 DEBUG 5908 --- [http-nio-8080-exec-1] c.d.learnbuddy.service.CourseService     : Python输出:     "difficulty": "beginner"
2025-11-24 10:51:23.990 DEBUG 5908 --- [http-nio-8080-exec-1] c.d.learnbuddy.service.CourseService     : Python输出:   },
2025-11-24 10:51:23.990 DEBUG 5908 --- [http-nio-8080-exec-1] c.d.learnbuddy.service.CourseService     : Python输出:   {
2025-11-24 10:51:23.990 DEBUG 5908 --- [http-nio-8080-exec-1] c.d.learnbuddy.service.CourseService     : Python输出:     "title": "Java�������",
2025-11-24 10:51:23.990 DEBUG 5908 --- [http-nio-8080-exec-1] c.d.learnbuddy.service.CourseService     : Python输出:     "university": "�㽭��ѧ",
2025-11-24 10:51:23.990 DEBUG 5908 --- [http-nio-8080-exec-1] c.d.learnbuddy.service.CourseService     : Python输出:     "instructor": "����",
2025-11-24 10:51:23.990 DEBUG 5908 --- [http-nio-8080-exec-1] c.d.learnbuddy.service.CourseService     : Python输出:     "imageUrl": "https://picsum.photos/400/200?random=1002",
2025-11-24 10:51:23.990 DEBUG 5908 --- [http-nio-8080-exec-1] c.d.learnbuddy.service.CourseService     : Python输出:     "courseLink": "https://www.icourse163.org/course/ZJU-1001541001",
2025-11-24 10:51:23.990 DEBUG 5908 --- [http-nio-8080-exec-1] c.d.learnbuddy.service.CourseService     : Python输出:     "platform": "icourse163",
2025-11-24 10:51:23.990 DEBUG 5908 --- [http-nio-8080-exec-1] c.d.learnbuddy.service.CourseService     : Python输出:     "category": "�����",
2025-11-24 10:51:23.990 DEBUG 5908 --- [http-nio-8080-exec-1] c.d.learnbuddy.service.CourseService     : Python输出:     "difficulty": "beginner"
2025-11-24 10:51:23.990 DEBUG 5908 --- [http-nio-8080-exec-1] c.d.learnbuddy.service.CourseService     : Python输出:   },
2025-11-24 10:51:23.990 DEBUG 5908 --- [http-nio-8080-exec-1] c.d.learnbuddy.service.CourseService     : Python输出:   {
2025-11-24 10:51:23.990 DEBUG 5908 --- [http-nio-8080-exec-1] c.d.learnbuddy.service.CourseService     : Python输出:     "title": "���ݽṹ",
2025-11-24 10:51:23.990 DEBUG 5908 --- [http-nio-8080-exec-1] c.d.learnbuddy.service.CourseService     : Python输出:     "university": "�廪��ѧ",
2025-11-24 10:51:23.990 DEBUG 5908 --- [http-nio-8080-exec-1] c.d.learnbuddy.service.CourseService     : Python输出:     "instructor": "�˿���",
2025-11-24 10:51:23.990 DEBUG 5908 --- [http-nio-8080-exec-1] c.d.learnbuddy.service.CourseService     : Python输出:     "imageUrl": "https://picsum.photos/400/200?random=1003",
2025-11-24 10:51:23.990 DEBUG 5908 --- [http-nio-8080-exec-1] c.d.learnbuddy.service.CourseService     : Python输出:     "courseLink": "https://www.icourse163.org/course/THU-1001539001",
2025-11-24 10:51:23.990 DEBUG 5908 --- [http-nio-8080-exec-1] c.d.learnbuddy.service.CourseService     : Python输出:     "platform": "icourse163",
2025-11-24 10:51:23.991 DEBUG 5908 --- [http-nio-8080-exec-1] c.d.learnbuddy.service.CourseService     : Python输出:     "category": "�����",
2025-11-24 10:51:23.991 DEBUG 5908 --- [http-nio-8080-exec-1] c.d.learnbuddy.service.CourseService     : Python输出:     "difficulty": "intermediate"
2025-11-24 10:51:23.991 DEBUG 5908 --- [http-nio-8080-exec-1] c.d.learnbuddy.service.CourseService     : Python输出:   },
2025-11-24 10:51:23.991 DEBUG 5908 --- [http-nio-8080-exec-1] c.d.learnbuddy.service.CourseService     : Python输出:   {
2025-11-24 10:51:23.991 DEBUG 5908 --- [http-nio-8080-exec-1] c.d.learnbuddy.service.CourseService     : Python输出:     "title": "����ѧϰ",
2025-11-24 10:51:23.991 DEBUG 5908 --- [http-nio-8080-exec-1] c.d.learnbuddy.service.CourseService     : Python输出:     "university": "������ѧ",
2025-11-24 10:51:23.991 DEBUG 5908 --- [http-nio-8080-exec-1] c.d.learnbuddy.service.CourseService     : Python输出:     "instructor": "������",
2025-11-24 10:51:23.991 DEBUG 5908 --- [http-nio-8080-exec-1] c.d.learnbuddy.service.CourseService     : Python输出:     "imageUrl": "https://picsum.photos/400/200?random=1004",
2025-11-24 10:51:23.991 DEBUG 5908 --- [http-nio-8080-exec-1] c.d.learnbuddy.service.CourseService     : Python输出:     "courseLink": "https://www.icourse163.org/course/FUDAN-1001539001",
2025-11-24 10:51:23.991 DEBUG 5908 --- [http-nio-8080-exec-1] c.d.learnbuddy.service.CourseService     : Python输出:     "platform": "icourse163",
2025-11-24 10:51:23.991 DEBUG 5908 --- [http-nio-8080-exec-1] c.d.learnbuddy.service.CourseService     : Python输出:     "category": "�����",
2025-11-24 10:51:23.991 DEBUG 5908 --- [http-nio-8080-exec-1] c.d.learnbuddy.service.CourseService     : Python输出:     "difficulty": "advanced"
2025-11-24 10:51:23.991 DEBUG 5908 --- [http-nio-8080-exec-1] c.d.learnbuddy.service.CourseService     : Python输出:   },
2025-11-24 10:51:23.991 DEBUG 5908 --- [http-nio-8080-exec-1] c.d.learnbuddy.service.CourseService     : Python输出:   {
2025-11-24 10:51:23.991 DEBUG 5908 --- [http-nio-8080-exec-1] c.d.learnbuddy.service.CourseService     : Python输出:     "title": "Webǰ�˿���",
2025-11-24 10:51:23.992 DEBUG 5908 --- [http-nio-8080-exec-1] c.d.learnbuddy.service.CourseService     : Python输出:     "university": "������ѧ",
2025-11-24 10:51:23.992 DEBUG 5908 --- [http-nio-8080-exec-1] c.d.learnbuddy.service.CourseService     : Python输出:     "instructor": "���",
2025-11-24 10:51:23.992 DEBUG 5908 --- [http-nio-8080-exec-1] c.d.learnbuddy.service.CourseService     : Python输出:     "imageUrl": "https://picsum.photos/400/200?random=1005",
2025-11-24 10:51:23.992 DEBUG 5908 --- [http-nio-8080-exec-1] c.d.learnbuddy.service.CourseService     : Python输出:     "courseLink": "https://www.icourse163.org/course/PKU-1001541001",
2025-11-24 10:51:23.992 DEBUG 5908 --- [http-nio-8080-exec-1] c.d.learnbuddy.service.CourseService     : Python输出:     "platform": "icourse163",
2025-11-24 10:51:23.992 DEBUG 5908 --- [http-nio-8080-exec-1] c.d.learnbuddy.service.CourseService     : Python输出:     "category": "�����",
2025-11-24 10:51:23.992 DEBUG 5908 --- [http-nio-8080-exec-1] c.d.learnbuddy.service.CourseService     : Python输出:     "difficulty": "intermediate"
2025-11-24 10:51:23.992 DEBUG 5908 --- [http-nio-8080-exec-1] c.d.learnbuddy.service.CourseService     : Python输出:   }
2025-11-24 10:51:23.992 DEBUG 5908 --- [http-nio-8080-exec-1] c.d.learnbuddy.service.CourseService     : Python输出: ]
2025-11-24 10:51:24.019  INFO 5908 --- [http-nio-8080-exec-1] c.d.learnbuddy.service.CourseService     : Python进程退出码: 0
2025-11-24 10:51:24.019  INFO 5908 --- [http-nio-8080-exec-1] c.d.learnbuddy.service.CourseService     : Python爬虫成功获取 5 门课程
2025-11-24 10:51:24.019  INFO 5908 --- [http-nio-8080-exec-1] c.d.learnbuddy.service.CourseService     : 搜索结果: 1 门课程
2025-11-24 10:51:24.020  INFO 5908 --- [http-nio-8080-exec-1] c.d.l.controller.CourseController        : 搜索结果数量: 1
2025-11-24 10:51:24.447  INFO 5908 --- [http-nio-8080-exec-2] c.d.l.controller.CourseController        : 收到搜索课程请求 - keyword: null, category: null, difficulty: advanced
2025-11-24 10:51:24.448  INFO 5908 --- [http-nio-8080-exec-2] c.d.learnbuddy.service.CourseService     : 找到Python脚本: D:\001_ZJNUThird\ai-learning-partner\ai-learning-partner\learn-buddy-backend\python-crawler\run_scraper.py
2025-11-24 10:51:24.514  INFO 5908 --- [http-nio-8080-exec-2] c.d.learnbuddy.service.CourseService     : 检测到Python命令: python
2025-11-24 10:51:24.516  INFO 5908 --- [http-nio-8080-exec-2] c.d.learnbuddy.service.CourseService     : 使用Python命令: python, 脚本: D:\001_ZJNUThird\ai-learning-partner\ai-learning-partner\learn-buddy-backend\python-crawler\run_scraper.py
2025-11-24 10:51:25.518 DEBUG 5908 --- [http-nio-8080-exec-2] c.d.learnbuddy.service.CourseService     : Python输出: [
2025-11-24 10:51:25.518 DEBUG 5908 --- [http-nio-8080-exec-2] c.d.learnbuddy.service.CourseService     : Python输出:   {
2025-11-24 10:51:25.518 DEBUG 5908 --- [http-nio-8080-exec-2] c.d.learnbuddy.service.CourseService     : Python输出:     "title": "Python���Գ������",
2025-11-24 10:51:25.519 DEBUG 5908 --- [http-nio-8080-exec-2] c.d.learnbuddy.service.CourseService     : Python输出:     "university": "��������ѧ",
2025-11-24 10:51:25.519 DEBUG 5908 --- [http-nio-8080-exec-2] c.d.learnbuddy.service.CourseService     : Python输出:     "instructor": "����",
2025-11-24 10:51:25.520 DEBUG 5908 --- [http-nio-8080-exec-2] c.d.learnbuddy.service.CourseService     : Python输出:     "imageUrl": "https://picsum.photos/400/200?random=1001",
2025-11-24 10:51:25.520 DEBUG 5908 --- [http-nio-8080-exec-2] c.d.learnbuddy.service.CourseService     : Python输出:     "courseLink": "https://www.icourse163.org/course/BIT-268001",
2025-11-24 10:51:25.520 DEBUG 5908 --- [http-nio-8080-exec-2] c.d.learnbuddy.service.CourseService     : Python输出:     "platform": "icourse163",
2025-11-24 10:51:25.521 DEBUG 5908 --- [http-nio-8080-exec-2] c.d.learnbuddy.service.CourseService     : Python输出:     "category": "�����",
2025-11-24 10:51:25.522 DEBUG 5908 --- [http-nio-8080-exec-2] c.d.learnbuddy.service.CourseService     : Python输出:     "difficulty": "beginner"
2025-11-24 10:51:25.522 DEBUG 5908 --- [http-nio-8080-exec-2] c.d.learnbuddy.service.CourseService     : Python输出:   },
2025-11-24 10:51:25.522 DEBUG 5908 --- [http-nio-8080-exec-2] c.d.learnbuddy.service.CourseService     : Python输出:   {
2025-11-24 10:51:25.523 DEBUG 5908 --- [http-nio-8080-exec-2] c.d.learnbuddy.service.CourseService     : Python输出:     "title": "Java�������",
2025-11-24 10:51:25.523 DEBUG 5908 --- [http-nio-8080-exec-2] c.d.learnbuddy.service.CourseService     : Python输出:     "university": "�㽭��ѧ",
2025-11-24 10:51:25.524 DEBUG 5908 --- [http-nio-8080-exec-2] c.d.learnbuddy.service.CourseService     : Python输出:     "instructor": "����",
2025-11-24 10:51:25.524 DEBUG 5908 --- [http-nio-8080-exec-2] c.d.learnbuddy.service.CourseService     : Python输出:     "imageUrl": "https://picsum.photos/400/200?random=1002",
2025-11-24 10:51:25.524 DEBUG 5908 --- [http-nio-8080-exec-2] c.d.learnbuddy.service.CourseService     : Python输出:     "courseLink": "https://www.icourse163.org/course/ZJU-1001541001",
2025-11-24 10:51:25.524 DEBUG 5908 --- [http-nio-8080-exec-2] c.d.learnbuddy.service.CourseService     : Python输出:     "platform": "icourse163",
2025-11-24 10:51:25.524 DEBUG 5908 --- [http-nio-8080-exec-2] c.d.learnbuddy.service.CourseService     : Python输出:     "category": "�����",
2025-11-24 10:51:25.524 DEBUG 5908 --- [http-nio-8080-exec-2] c.d.learnbuddy.service.CourseService     : Python输出:     "difficulty": "beginner"
2025-11-24 10:51:25.525 DEBUG 5908 --- [http-nio-8080-exec-2] c.d.learnbuddy.service.CourseService     : Python输出:   },
2025-11-24 10:51:25.525 DEBUG 5908 --- [http-nio-8080-exec-2] c.d.learnbuddy.service.CourseService     : Python输出:   {
2025-11-24 10:51:25.525 DEBUG 5908 --- [http-nio-8080-exec-2] c.d.learnbuddy.service.CourseService     : Python输出:     "title": "���ݽṹ",
2025-11-24 10:51:25.525 DEBUG 5908 --- [http-nio-8080-exec-2] c.d.learnbuddy.service.CourseService     : Python输出:     "university": "�廪��ѧ",
2025-11-24 10:51:25.525 DEBUG 5908 --- [http-nio-8080-exec-2] c.d.learnbuddy.service.CourseService     : Python输出:     "instructor": "�˿���",
2025-11-24 10:51:25.525 DEBUG 5908 --- [http-nio-8080-exec-2] c.d.learnbuddy.service.CourseService     : Python输出:     "imageUrl": "https://picsum.photos/400/200?random=1003",
2025-11-24 10:51:25.525 DEBUG 5908 --- [http-nio-8080-exec-2] c.d.learnbuddy.service.CourseService     : Python输出:     "courseLink": "https://www.icourse163.org/course/THU-1001539001",
2025-11-24 10:51:25.525 DEBUG 5908 --- [http-nio-8080-exec-2] c.d.learnbuddy.service.CourseService     : Python输出:     "platform": "icourse163",
2025-11-24 10:51:25.525 DEBUG 5908 --- [http-nio-8080-exec-2] c.d.learnbuddy.service.CourseService     : Python输出:     "category": "�����",
2025-11-24 10:51:25.526 DEBUG 5908 --- [http-nio-8080-exec-2] c.d.learnbuddy.service.CourseService     : Python输出:     "difficulty": "intermediate"
2025-11-24 10:51:25.526 DEBUG 5908 --- [http-nio-8080-exec-2] c.d.learnbuddy.service.CourseService     : Python输出:   },
2025-11-24 10:51:25.526 DEBUG 5908 --- [http-nio-8080-exec-2] c.d.learnbuddy.service.CourseService     : Python输出:   {
2025-11-24 10:51:25.526 DEBUG 5908 --- [http-nio-8080-exec-2] c.d.learnbuddy.service.CourseService     : Python输出:     "title": "����ѧϰ",
2025-11-24 10:51:25.526 DEBUG 5908 --- [http-nio-8080-exec-2] c.d.learnbuddy.service.CourseService     : Python输出:     "university": "������ѧ",
2025-11-24 10:51:25.526 DEBUG 5908 --- [http-nio-8080-exec-2] c.d.learnbuddy.service.CourseService     : Python输出:     "instructor": "������",
2025-11-24 10:51:25.527 DEBUG 5908 --- [http-nio-8080-exec-2] c.d.learnbuddy.service.CourseService     : Python输出:     "imageUrl": "https://picsum.photos/400/200?random=1004",
2025-11-24 10:51:25.527 DEBUG 5908 --- [http-nio-8080-exec-2] c.d.learnbuddy.service.CourseService     : Python输出:     "courseLink": "https://www.icourse163.org/course/FUDAN-1001539001",
2025-11-24 10:51:25.527 DEBUG 5908 --- [http-nio-8080-exec-2] c.d.learnbuddy.service.CourseService     : Python输出:     "platform": "icourse163",
2025-11-24 10:51:25.527 DEBUG 5908 --- [http-nio-8080-exec-2] c.d.learnbuddy.service.CourseService     : Python输出:     "category": "�����",
2025-11-24 10:51:25.527 DEBUG 5908 --- [http-nio-8080-exec-2] c.d.learnbuddy.service.CourseService     : Python输出:     "difficulty": "advanced"
2025-11-24 10:51:25.527 DEBUG 5908 --- [http-nio-8080-exec-2] c.d.learnbuddy.service.CourseService     : Python输出:   },
2025-11-24 10:51:25.528 DEBUG 5908 --- [http-nio-8080-exec-2] c.d.learnbuddy.service.CourseService     : Python输出:   {
2025-11-24 10:51:25.528 DEBUG 5908 --- [http-nio-8080-exec-2] c.d.learnbuddy.service.CourseService     : Python输出:     "title": "Webǰ�˿���",
2025-11-24 10:51:25.528 DEBUG 5908 --- [http-nio-8080-exec-2] c.d.learnbuddy.service.CourseService     : Python输出:     "university": "������ѧ",
2025-11-24 10:51:25.528 DEBUG 5908 --- [http-nio-8080-exec-2] c.d.learnbuddy.service.CourseService     : Python输出:     "instructor": "���",
2025-11-24 10:51:25.528 DEBUG 5908 --- [http-nio-8080-exec-2] c.d.learnbuddy.service.CourseService     : Python输出:     "imageUrl": "https://picsum.photos/400/200?random=1005",
2025-11-24 10:51:25.528 DEBUG 5908 --- [http-nio-8080-exec-2] c.d.learnbuddy.service.CourseService     : Python输出:     "courseLink": "https://www.icourse163.org/course/PKU-1001541001",
2025-11-24 10:51:25.528 DEBUG 5908 --- [http-nio-8080-exec-2] c.d.learnbuddy.service.CourseService     : Python输出:     "platform": "icourse163",
2025-11-24 10:51:25.528 DEBUG 5908 --- [http-nio-8080-exec-2] c.d.learnbuddy.service.CourseService     : Python输出:     "category": "�����",
2025-11-24 10:51:25.529 DEBUG 5908 --- [http-nio-8080-exec-2] c.d.learnbuddy.service.CourseService     : Python输出:     "difficulty": "intermediate"
2025-11-24 10:51:25.529 DEBUG 5908 --- [http-nio-8080-exec-2] c.d.learnbuddy.service.CourseService     : Python输出:   }
2025-11-24 10:51:25.529 DEBUG 5908 --- [http-nio-8080-exec-2] c.d.learnbuddy.service.CourseService     : Python输出: ]
2025-11-24 10:51:25.558  INFO 5908 --- [http-nio-8080-exec-2] c.d.learnbuddy.service.CourseService     : Python进程退出码: 0
2025-11-24 10:51:25.559  INFO 5908 --- [http-nio-8080-exec-2] c.d.learnbuddy.service.CourseService     : Python爬虫成功获取 5 门课程
2025-11-24 10:51:25.560  INFO 5908 --- [http-nio-8080-exec-2] c.d.learnbuddy.service.CourseService     : 搜索结果: 1 门课程
2025-11-24 10:51:25.562  INFO 5908 --- [http-nio-8080-exec-2] c.d.l.controller.CourseController        : 搜索结果数量: 1
2025-11-24 10:51:27.555  INFO 5908 --- [http-nio-8080-exec-3] c.d.l.controller.CourseController        : 收到搜索课程请求 - keyword: null, category: null, difficulty: null
2025-11-24 10:51:27.557  INFO 5908 --- [http-nio-8080-exec-3] c.d.learnbuddy.service.CourseService     : 找到Python脚本: D:\001_ZJNUThird\ai-learning-partner\ai-learning-partner\learn-buddy-backend\python-crawler\run_scraper.py
2025-11-24 10:51:27.599  INFO 5908 --- [http-nio-8080-exec-3] c.d.learnbuddy.service.CourseService     : 检测到Python命令: python
2025-11-24 10:51:27.599  INFO 5908 --- [http-nio-8080-exec-3] c.d.learnbuddy.service.CourseService     : 使用Python命令: python, 脚本: D:\001_ZJNUThird\ai-learning-partner\ai-learning-partner\learn-buddy-backend\python-crawler\run_scraper.py
2025-11-24 10:51:29.129 DEBUG 5908 --- [http-nio-8080-exec-3] c.d.learnbuddy.service.CourseService     : Python输出: [
2025-11-24 10:51:29.129 DEBUG 5908 --- [http-nio-8080-exec-3] c.d.learnbuddy.service.CourseService     : Python输出:   {
2025-11-24 10:51:29.129 DEBUG 5908 --- [http-nio-8080-exec-3] c.d.learnbuddy.service.CourseService     : Python输出:     "title": "Python���Գ������",
2025-11-24 10:51:29.129 DEBUG 5908 --- [http-nio-8080-exec-3] c.d.learnbuddy.service.CourseService     : Python输出:     "university": "��������ѧ",
2025-11-24 10:51:29.130 DEBUG 5908 --- [http-nio-8080-exec-3] c.d.learnbuddy.service.CourseService     : Python输出:     "instructor": "����",
2025-11-24 10:51:29.130 DEBUG 5908 --- [http-nio-8080-exec-3] c.d.learnbuddy.service.CourseService     : Python输出:     "imageUrl": "https://picsum.photos/400/200?random=1001",
2025-11-24 10:51:29.130 DEBUG 5908 --- [http-nio-8080-exec-3] c.d.learnbuddy.service.CourseService     : Python输出:     "courseLink": "https://www.icourse163.org/course/BIT-268001",
2025-11-24 10:51:29.130 DEBUG 5908 --- [http-nio-8080-exec-3] c.d.learnbuddy.service.CourseService     : Python输出:     "platform": "icourse163",
2025-11-24 10:51:29.131 DEBUG 5908 --- [http-nio-8080-exec-3] c.d.learnbuddy.service.CourseService     : Python输出:     "category": "�����",
2025-11-24 10:51:29.131 DEBUG 5908 --- [http-nio-8080-exec-3] c.d.learnbuddy.service.CourseService     : Python输出:     "difficulty": "beginner"
2025-11-24 10:51:29.132 DEBUG 5908 --- [http-nio-8080-exec-3] c.d.learnbuddy.service.CourseService     : Python输出:   },
2025-11-24 10:51:29.132 DEBUG 5908 --- [http-nio-8080-exec-3] c.d.learnbuddy.service.CourseService     : Python输出:   {
2025-11-24 10:51:29.133 DEBUG 5908 --- [http-nio-8080-exec-3] c.d.learnbuddy.service.CourseService     : Python输出:     "title": "Java�������",
2025-11-24 10:51:29.134 DEBUG 5908 --- [http-nio-8080-exec-3] c.d.learnbuddy.service.CourseService     : Python输出:     "university": "�㽭��ѧ",
2025-11-24 10:51:29.134 DEBUG 5908 --- [http-nio-8080-exec-3] c.d.learnbuddy.service.CourseService     : Python输出:     "instructor": "����",
2025-11-24 10:51:29.135 DEBUG 5908 --- [http-nio-8080-exec-3] c.d.learnbuddy.service.CourseService     : Python输出:     "imageUrl": "https://picsum.photos/400/200?random=1002",
2025-11-24 10:51:29.135 DEBUG 5908 --- [http-nio-8080-exec-3] c.d.learnbuddy.service.CourseService     : Python输出:     "courseLink": "https://www.icourse163.org/course/ZJU-1001541001",
2025-11-24 10:51:29.136 DEBUG 5908 --- [http-nio-8080-exec-3] c.d.learnbuddy.service.CourseService     : Python输出:     "platform": "icourse163",
2025-11-24 10:51:29.137 DEBUG 5908 --- [http-nio-8080-exec-3] c.d.learnbuddy.service.CourseService     : Python输出:     "category": "�����",
2025-11-24 10:51:29.138 DEBUG 5908 --- [http-nio-8080-exec-3] c.d.learnbuddy.service.CourseService     : Python输出:     "difficulty": "beginner"
2025-11-24 10:51:29.138 DEBUG 5908 --- [http-nio-8080-exec-3] c.d.learnbuddy.service.CourseService     : Python输出:   },
2025-11-24 10:51:29.139 DEBUG 5908 --- [http-nio-8080-exec-3] c.d.learnbuddy.service.CourseService     : Python输出:   {
2025-11-24 10:51:29.139 DEBUG 5908 --- [http-nio-8080-exec-3] c.d.learnbuddy.service.CourseService     : Python输出:     "title": "���ݽṹ",
2025-11-24 10:51:29.139 DEBUG 5908 --- [http-nio-8080-exec-3] c.d.learnbuddy.service.CourseService     : Python输出:     "university": "�廪��ѧ",
2025-11-24 10:51:29.139 DEBUG 5908 --- [http-nio-8080-exec-3] c.d.learnbuddy.service.CourseService     : Python输出:     "instructor": "�˿���",
2025-11-24 10:51:29.140 DEBUG 5908 --- [http-nio-8080-exec-3] c.d.learnbuddy.service.CourseService     : Python输出:     "imageUrl": "https://picsum.photos/400/200?random=1003",
2025-11-24 10:51:29.140 DEBUG 5908 --- [http-nio-8080-exec-3] c.d.learnbuddy.service.CourseService     : Python输出:     "courseLink": "https://www.icourse163.org/course/THU-1001539001",
2025-11-24 10:51:29.140 DEBUG 5908 --- [http-nio-8080-exec-3] c.d.learnbuddy.service.CourseService     : Python输出:     "platform": "icourse163",
2025-11-24 10:51:29.141 DEBUG 5908 --- [http-nio-8080-exec-3] c.d.learnbuddy.service.CourseService     : Python输出:     "category": "�����",
2025-11-24 10:51:29.141 DEBUG 5908 --- [http-nio-8080-exec-3] c.d.learnbuddy.service.CourseService     : Python输出:     "difficulty": "intermediate"
2025-11-24 10:51:29.141 DEBUG 5908 --- [http-nio-8080-exec-3] c.d.learnbuddy.service.CourseService     : Python输出:   },
2025-11-24 10:51:29.141 DEBUG 5908 --- [http-nio-8080-exec-3] c.d.learnbuddy.service.CourseService     : Python输出:   {
2025-11-24 10:51:29.141 DEBUG 5908 --- [http-nio-8080-exec-3] c.d.learnbuddy.service.CourseService     : Python输出:     "title": "����ѧϰ",
2025-11-24 10:51:29.141 DEBUG 5908 --- [http-nio-8080-exec-3] c.d.learnbuddy.service.CourseService     : Python输出:     "university": "������ѧ",
2025-11-24 10:51:29.142 DEBUG 5908 --- [http-nio-8080-exec-3] c.d.learnbuddy.service.CourseService     : Python输出:     "instructor": "������",
2025-11-24 10:51:29.142 DEBUG 5908 --- [http-nio-8080-exec-3] c.d.learnbuddy.service.CourseService     : Python输出:     "imageUrl": "https://picsum.photos/400/200?random=1004",
2025-11-24 10:51:29.142 DEBUG 5908 --- [http-nio-8080-exec-3] c.d.learnbuddy.service.CourseService     : Python输出:     "courseLink": "https://www.icourse163.org/course/FUDAN-1001539001",
2025-11-24 10:51:29.143 DEBUG 5908 --- [http-nio-8080-exec-3] c.d.learnbuddy.service.CourseService     : Python输出:     "platform": "icourse163",
2025-11-24 10:51:29.143 DEBUG 5908 --- [http-nio-8080-exec-3] c.d.learnbuddy.service.CourseService     : Python输出:     "category": "�����",
2025-11-24 10:51:29.143 DEBUG 5908 --- [http-nio-8080-exec-3] c.d.learnbuddy.service.CourseService     : Python输出:     "difficulty": "advanced"
2025-11-24 10:51:29.143 DEBUG 5908 --- [http-nio-8080-exec-3] c.d.learnbuddy.service.CourseService     : Python输出:   },
2025-11-24 10:51:29.144 DEBUG 5908 --- [http-nio-8080-exec-3] c.d.learnbuddy.service.CourseService     : Python输出:   {
2025-11-24 10:51:29.144 DEBUG 5908 --- [http-nio-8080-exec-3] c.d.learnbuddy.service.CourseService     : Python输出:     "title": "Webǰ�˿���",
2025-11-24 10:51:29.144 DEBUG 5908 --- [http-nio-8080-exec-3] c.d.learnbuddy.service.CourseService     : Python输出:     "university": "������ѧ",
2025-11-24 10:51:29.144 DEBUG 5908 --- [http-nio-8080-exec-3] c.d.learnbuddy.service.CourseService     : Python输出:     "instructor": "���",
2025-11-24 10:51:29.144 DEBUG 5908 --- [http-nio-8080-exec-3] c.d.learnbuddy.service.CourseService     : Python输出:     "imageUrl": "https://picsum.photos/400/200?random=1005",
2025-11-24 10:51:29.145 DEBUG 5908 --- [http-nio-8080-exec-3] c.d.learnbuddy.service.CourseService     : Python输出:     "courseLink": "https://www.icourse163.org/course/PKU-1001541001",
2025-11-24 10:51:29.145 DEBUG 5908 --- [http-nio-8080-exec-3] c.d.learnbuddy.service.CourseService     : Python输出:     "platform": "icourse163",
2025-11-24 10:51:29.145 DEBUG 5908 --- [http-nio-8080-exec-3] c.d.learnbuddy.service.CourseService     : Python输出:     "category": "�����",
2025-11-24 10:51:29.146 DEBUG 5908 --- [http-nio-8080-exec-3] c.d.learnbuddy.service.CourseService     : Python输出:     "difficulty": "intermediate"
2025-11-24 10:51:29.146 DEBUG 5908 --- [http-nio-8080-exec-3] c.d.learnbuddy.service.CourseService     : Python输出:   }
2025-11-24 10:51:29.146 DEBUG 5908 --- [http-nio-8080-exec-3] c.d.learnbuddy.service.CourseService     : Python输出: ]
2025-11-24 10:51:29.156  INFO 5908 --- [http-nio-8080-exec-3] c.d.learnbuddy.service.CourseService     : Python进程退出码: 0
2025-11-24 10:51:29.160  INFO 5908 --- [http-nio-8080-exec-3] c.d.learnbuddy.service.CourseService     : Python爬虫成功获取 5 门课程
2025-11-24 10:51:29.163  INFO 5908 --- [http-nio-8080-exec-3] c.d.learnbuddy.service.CourseService     : 搜索结果: 5 门课程
2025-11-24 10:51:29.164  INFO 5908 --- [http-nio-8080-exec-3] c.d.l.controller.CourseController        : 搜索结果数量: 5
2025-11-24 10:52:23.815  INFO 5908 --- [http-nio-8080-exec-4] c.d.l.controller.CourseController        : 收到获取推荐课程请求
2025-11-24 10:52:23.816  INFO 5908 --- [http-nio-8080-exec-4] c.d.learnbuddy.service.CourseService     : 找到Python脚本: D:\001_ZJNUThird\ai-learning-partner\ai-learning-partner\learn-buddy-backend\python-crawler\run_scraper.py
2025-11-24 10:52:23.866  INFO 5908 --- [http-nio-8080-exec-4] c.d.learnbuddy.service.CourseService     : 检测到Python命令: python
2025-11-24 10:52:23.867  INFO 5908 --- [http-nio-8080-exec-4] c.d.learnbuddy.service.CourseService     : 使用Python命令: python, 脚本: D:\001_ZJNUThird\ai-learning-partner\ai-learning-partner\learn-buddy-backend\python-crawler\run_scraper.py
2025-11-24 10:52:25.240 DEBUG 5908 --- [http-nio-8080-exec-4] c.d.learnbuddy.service.CourseService     : Python输出: [
2025-11-24 10:52:25.240 DEBUG 5908 --- [http-nio-8080-exec-4] c.d.learnbuddy.service.CourseService     : Python输出:   {
2025-11-24 10:52:25.241 DEBUG 5908 --- [http-nio-8080-exec-4] c.d.learnbuddy.service.CourseService     : Python输出:     "title": "Python���Գ������",
2025-11-24 10:52:25.241 DEBUG 5908 --- [http-nio-8080-exec-4] c.d.learnbuddy.service.CourseService     : Python输出:     "university": "��������ѧ",
2025-11-24 10:52:25.242 DEBUG 5908 --- [http-nio-8080-exec-4] c.d.learnbuddy.service.CourseService     : Python输出:     "instructor": "����",
2025-11-24 10:52:25.242 DEBUG 5908 --- [http-nio-8080-exec-4] c.d.learnbuddy.service.CourseService     : Python输出:     "imageUrl": "https://picsum.photos/400/200?random=1001",
2025-11-24 10:52:25.242 DEBUG 5908 --- [http-nio-8080-exec-4] c.d.learnbuddy.service.CourseService     : Python输出:     "courseLink": "https://www.icourse163.org/course/BIT-268001",
2025-11-24 10:52:25.243 DEBUG 5908 --- [http-nio-8080-exec-4] c.d.learnbuddy.service.CourseService     : Python输出:     "platform": "icourse163",
2025-11-24 10:52:25.244 DEBUG 5908 --- [http-nio-8080-exec-4] c.d.learnbuddy.service.CourseService     : Python输出:     "category": "�����",
2025-11-24 10:52:25.244 DEBUG 5908 --- [http-nio-8080-exec-4] c.d.learnbuddy.service.CourseService     : Python输出:     "difficulty": "beginner"
2025-11-24 10:52:25.244 DEBUG 5908 --- [http-nio-8080-exec-4] c.d.learnbuddy.service.CourseService     : Python输出:   },
2025-11-24 10:52:25.245 DEBUG 5908 --- [http-nio-8080-exec-4] c.d.learnbuddy.service.CourseService     : Python输出:   {
2025-11-24 10:52:25.245 DEBUG 5908 --- [http-nio-8080-exec-4] c.d.learnbuddy.service.CourseService     : Python输出:     "title": "Java�������",
2025-11-24 10:52:25.246 DEBUG 5908 --- [http-nio-8080-exec-4] c.d.learnbuddy.service.CourseService     : Python输出:     "university": "�㽭��ѧ",
2025-11-24 10:52:25.246 DEBUG 5908 --- [http-nio-8080-exec-4] c.d.learnbuddy.service.CourseService     : Python输出:     "instructor": "����",
2025-11-24 10:52:25.246 DEBUG 5908 --- [http-nio-8080-exec-4] c.d.learnbuddy.service.CourseService     : Python输出:     "imageUrl": "https://picsum.photos/400/200?random=1002",
2025-11-24 10:52:25.247 DEBUG 5908 --- [http-nio-8080-exec-4] c.d.learnbuddy.service.CourseService     : Python输出:     "courseLink": "https://www.icourse163.org/course/ZJU-1001541001",
2025-11-24 10:52:25.247 DEBUG 5908 --- [http-nio-8080-exec-4] c.d.learnbuddy.service.CourseService     : Python输出:     "platform": "icourse163",
2025-11-24 10:52:25.247 DEBUG 5908 --- [http-nio-8080-exec-4] c.d.learnbuddy.service.CourseService     : Python输出:     "category": "�����",
2025-11-24 10:52:25.247 DEBUG 5908 --- [http-nio-8080-exec-4] c.d.learnbuddy.service.CourseService     : Python输出:     "difficulty": "beginner"
2025-11-24 10:52:25.249 DEBUG 5908 --- [http-nio-8080-exec-4] c.d.learnbuddy.service.CourseService     : Python输出:   },
2025-11-24 10:52:25.250 DEBUG 5908 --- [http-nio-8080-exec-4] c.d.learnbuddy.service.CourseService     : Python输出:   {
2025-11-24 10:52:25.250 DEBUG 5908 --- [http-nio-8080-exec-4] c.d.learnbuddy.service.CourseService     : Python输出:     "title": "���ݽṹ",
2025-11-24 10:52:25.250 DEBUG 5908 --- [http-nio-8080-exec-4] c.d.learnbuddy.service.CourseService     : Python输出:     "university": "�廪��ѧ",
2025-11-24 10:52:25.250 DEBUG 5908 --- [http-nio-8080-exec-4] c.d.learnbuddy.service.CourseService     : Python输出:     "instructor": "�˿���",
2025-11-24 10:52:25.250 DEBUG 5908 --- [http-nio-8080-exec-4] c.d.learnbuddy.service.CourseService     : Python输出:     "imageUrl": "https://picsum.photos/400/200?random=1003",
2025-11-24 10:52:25.251 DEBUG 5908 --- [http-nio-8080-exec-4] c.d.learnbuddy.service.CourseService     : Python输出:     "courseLink": "https://www.icourse163.org/course/THU-1001539001",
2025-11-24 10:52:25.251 DEBUG 5908 --- [http-nio-8080-exec-4] c.d.learnbuddy.service.CourseService     : Python输出:     "platform": "icourse163",
2025-11-24 10:52:25.251 DEBUG 5908 --- [http-nio-8080-exec-4] c.d.learnbuddy.service.CourseService     : Python输出:     "category": "�����",
2025-11-24 10:52:25.251 DEBUG 5908 --- [http-nio-8080-exec-4] c.d.learnbuddy.service.CourseService     : Python输出:     "difficulty": "intermediate"
2025-11-24 10:52:25.252 DEBUG 5908 --- [http-nio-8080-exec-4] c.d.learnbuddy.service.CourseService     : Python输出:   },
2025-11-24 10:52:25.252 DEBUG 5908 --- [http-nio-8080-exec-4] c.d.learnbuddy.service.CourseService     : Python输出:   {
2025-11-24 10:52:25.252 DEBUG 5908 --- [http-nio-8080-exec-4] c.d.learnbuddy.service.CourseService     : Python输出:     "title": "����ѧϰ",
2025-11-24 10:52:25.252 DEBUG 5908 --- [http-nio-8080-exec-4] c.d.learnbuddy.service.CourseService     : Python输出:     "university": "������ѧ",
2025-11-24 10:52:25.252 DEBUG 5908 --- [http-nio-8080-exec-4] c.d.learnbuddy.service.CourseService     : Python输出:     "instructor": "������",
2025-11-24 10:52:25.252 DEBUG 5908 --- [http-nio-8080-exec-4] c.d.learnbuddy.service.CourseService     : Python输出:     "imageUrl": "https://picsum.photos/400/200?random=1004",
2025-11-24 10:52:25.253 DEBUG 5908 --- [http-nio-8080-exec-4] c.d.learnbuddy.service.CourseService     : Python输出:     "courseLink": "https://www.icourse163.org/course/FUDAN-1001539001",
2025-11-24 10:52:25.253 DEBUG 5908 --- [http-nio-8080-exec-4] c.d.learnbuddy.service.CourseService     : Python输出:     "platform": "icourse163",
2025-11-24 10:52:25.253 DEBUG 5908 --- [http-nio-8080-exec-4] c.d.learnbuddy.service.CourseService     : Python输出:     "category": "�����",
2025-11-24 10:52:25.253 DEBUG 5908 --- [http-nio-8080-exec-4] c.d.learnbuddy.service.CourseService     : Python输出:     "difficulty": "advanced"
2025-11-24 10:52:25.254 DEBUG 5908 --- [http-nio-8080-exec-4] c.d.learnbuddy.service.CourseService     : Python输出:   },
2025-11-24 10:52:25.254 DEBUG 5908 --- [http-nio-8080-exec-4] c.d.learnbuddy.service.CourseService     : Python输出:   {
2025-11-24 10:52:25.254 DEBUG 5908 --- [http-nio-8080-exec-4] c.d.learnbuddy.service.CourseService     : Python输出:     "title": "Webǰ�˿���",
2025-11-24 10:52:25.255 DEBUG 5908 --- [http-nio-8080-exec-4] c.d.learnbuddy.service.CourseService     : Python输出:     "university": "������ѧ",
2025-11-24 10:52:25.255 DEBUG 5908 --- [http-nio-8080-exec-4] c.d.learnbuddy.service.CourseService     : Python输出:     "instructor": "���",
2025-11-24 10:52:25.255 DEBUG 5908 --- [http-nio-8080-exec-4] c.d.learnbuddy.service.CourseService     : Python输出:     "imageUrl": "https://picsum.photos/400/200?random=1005",
2025-11-24 10:52:25.255 DEBUG 5908 --- [http-nio-8080-exec-4] c.d.learnbuddy.service.CourseService     : Python输出:     "courseLink": "https://www.icourse163.org/course/PKU-1001541001",
2025-11-24 10:52:25.256 DEBUG 5908 --- [http-nio-8080-exec-4] c.d.learnbuddy.service.CourseService     : Python输出:     "platform": "icourse163",
2025-11-24 10:52:25.256 DEBUG 5908 --- [http-nio-8080-exec-4] c.d.learnbuddy.service.CourseService     : Python输出:     "category": "�����",
2025-11-24 10:52:25.256 DEBUG 5908 --- [http-nio-8080-exec-4] c.d.learnbuddy.service.CourseService     : Python输出:     "difficulty": "intermediate"
2025-11-24 10:52:25.256 DEBUG 5908 --- [http-nio-8080-exec-4] c.d.learnbuddy.service.CourseService     : Python输出:   }
2025-11-24 10:52:25.256 DEBUG 5908 --- [http-nio-8080-exec-4] c.d.learnbuddy.service.CourseService     : Python输出: ]
2025-11-24 10:52:25.296  INFO 5908 --- [http-nio-8080-exec-4] c.d.learnbuddy.service.CourseService     : Python进程退出码: 0
2025-11-24 10:52:25.298  INFO 5908 --- [http-nio-8080-exec-4] c.d.learnbuddy.service.CourseService     : Python爬虫成功获取 5 门课程
2025-11-24 10:52:25.298  INFO 5908 --- [http-nio-8080-exec-4] c.d.l.controller.CourseController        : 返回推荐课程数量: 5
2025-11-24 10:52:37.500  INFO 5908 --- [http-nio-8080-exec-5] c.d.l.controller.CourseController        : 收到获取推荐课程请求
2025-11-24 10:52:37.501  INFO 5908 --- [http-nio-8080-exec-5] c.d.learnbuddy.service.CourseService     : 找到Python脚本: D:\001_ZJNUThird\ai-learning-partner\ai-learning-partner\learn-buddy-backend\python-crawler\run_scraper.py
2025-11-24 10:52:37.555  INFO 5908 --- [http-nio-8080-exec-5] c.d.learnbuddy.service.CourseService     : 检测到Python命令: python
2025-11-24 10:52:37.555  INFO 5908 --- [http-nio-8080-exec-5] c.d.learnbuddy.service.CourseService     : 使用Python命令: python, 脚本: D:\001_ZJNUThird\ai-learning-partner\ai-learning-partner\learn-buddy-backend\python-crawler\run_scraper.py
2025-11-24 10:52:38.695 DEBUG 5908 --- [http-nio-8080-exec-5] c.d.learnbuddy.service.CourseService     : Python输出: [
2025-11-24 10:52:38.695 DEBUG 5908 --- [http-nio-8080-exec-5] c.d.learnbuddy.service.CourseService     : Python输出:   {
2025-11-24 10:52:38.696 DEBUG 5908 --- [http-nio-8080-exec-5] c.d.learnbuddy.service.CourseService     : Python输出:     "title": "Python���Գ������",
2025-11-24 10:52:38.696 DEBUG 5908 --- [http-nio-8080-exec-5] c.d.learnbuddy.service.CourseService     : Python输出:     "university": "��������ѧ",
2025-11-24 10:52:38.696 DEBUG 5908 --- [http-nio-8080-exec-5] c.d.learnbuddy.service.CourseService     : Python输出:     "instructor": "����",
2025-11-24 10:52:38.696 DEBUG 5908 --- [http-nio-8080-exec-5] c.d.learnbuddy.service.CourseService     : Python输出:     "imageUrl": "https://picsum.photos/400/200?random=1001",
2025-11-24 10:52:38.696 DEBUG 5908 --- [http-nio-8080-exec-5] c.d.learnbuddy.service.CourseService     : Python输出:     "courseLink": "https://www.icourse163.org/course/BIT-268001",
2025-11-24 10:52:38.696 DEBUG 5908 --- [http-nio-8080-exec-5] c.d.learnbuddy.service.CourseService     : Python输出:     "platform": "icourse163",
2025-11-24 10:52:38.696 DEBUG 5908 --- [http-nio-8080-exec-5] c.d.learnbuddy.service.CourseService     : Python输出:     "category": "�����",
2025-11-24 10:52:38.696 DEBUG 5908 --- [http-nio-8080-exec-5] c.d.learnbuddy.service.CourseService     : Python输出:     "difficulty": "beginner"
2025-11-24 10:52:38.696 DEBUG 5908 --- [http-nio-8080-exec-5] c.d.learnbuddy.service.CourseService     : Python输出:   },
2025-11-24 10:52:38.696 DEBUG 5908 --- [http-nio-8080-exec-5] c.d.learnbuddy.service.CourseService     : Python输出:   {
2025-11-24 10:52:38.696 DEBUG 5908 --- [http-nio-8080-exec-5] c.d.learnbuddy.service.CourseService     : Python输出:     "title": "Java�������",
2025-11-24 10:52:38.697 DEBUG 5908 --- [http-nio-8080-exec-5] c.d.learnbuddy.service.CourseService     : Python输出:     "university": "�㽭��ѧ",
2025-11-24 10:52:38.697 DEBUG 5908 --- [http-nio-8080-exec-5] c.d.learnbuddy.service.CourseService     : Python输出:     "instructor": "����",
2025-11-24 10:52:38.697 DEBUG 5908 --- [http-nio-8080-exec-5] c.d.learnbuddy.service.CourseService     : Python输出:     "imageUrl": "https://picsum.photos/400/200?random=1002",
2025-11-24 10:52:38.697 DEBUG 5908 --- [http-nio-8080-exec-5] c.d.learnbuddy.service.CourseService     : Python输出:     "courseLink": "https://www.icourse163.org/course/ZJU-1001541001",
2025-11-24 10:52:38.697 DEBUG 5908 --- [http-nio-8080-exec-5] c.d.learnbuddy.service.CourseService     : Python输出:     "platform": "icourse163",
2025-11-24 10:52:38.697 DEBUG 5908 --- [http-nio-8080-exec-5] c.d.learnbuddy.service.CourseService     : Python输出:     "category": "�����",
2025-11-24 10:52:38.697 DEBUG 5908 --- [http-nio-8080-exec-5] c.d.learnbuddy.service.CourseService     : Python输出:     "difficulty": "beginner"
2025-11-24 10:52:38.697 DEBUG 5908 --- [http-nio-8080-exec-5] c.d.learnbuddy.service.CourseService     : Python输出:   },
2025-11-24 10:52:38.697 DEBUG 5908 --- [http-nio-8080-exec-5] c.d.learnbuddy.service.CourseService     : Python输出:   {
2025-11-24 10:52:38.697 DEBUG 5908 --- [http-nio-8080-exec-5] c.d.learnbuddy.service.CourseService     : Python输出:     "title": "���ݽṹ",
2025-11-24 10:52:38.698 DEBUG 5908 --- [http-nio-8080-exec-5] c.d.learnbuddy.service.CourseService     : Python输出:     "university": "�廪��ѧ",
2025-11-24 10:52:38.698 DEBUG 5908 --- [http-nio-8080-exec-5] c.d.learnbuddy.service.CourseService     : Python输出:     "instructor": "�˿���",
2025-11-24 10:52:38.698 DEBUG 5908 --- [http-nio-8080-exec-5] c.d.learnbuddy.service.CourseService     : Python输出:     "imageUrl": "https://picsum.photos/400/200?random=1003",
2025-11-24 10:52:38.698 DEBUG 5908 --- [http-nio-8080-exec-5] c.d.learnbuddy.service.CourseService     : Python输出:     "courseLink": "https://www.icourse163.org/course/THU-1001539001",
2025-11-24 10:52:38.698 DEBUG 5908 --- [http-nio-8080-exec-5] c.d.learnbuddy.service.CourseService     : Python输出:     "platform": "icourse163",
2025-11-24 10:52:38.698 DEBUG 5908 --- [http-nio-8080-exec-5] c.d.learnbuddy.service.CourseService     : Python输出:     "category": "�����",
2025-11-24 10:52:38.698 DEBUG 5908 --- [http-nio-8080-exec-5] c.d.learnbuddy.service.CourseService     : Python输出:     "difficulty": "intermediate"
2025-11-24 10:52:38.698 DEBUG 5908 --- [http-nio-8080-exec-5] c.d.learnbuddy.service.CourseService     : Python输出:   },
2025-11-24 10:52:38.698 DEBUG 5908 --- [http-nio-8080-exec-5] c.d.learnbuddy.service.CourseService     : Python输出:   {
2025-11-24 10:52:38.698 DEBUG 5908 --- [http-nio-8080-exec-5] c.d.learnbuddy.service.CourseService     : Python输出:     "title": "����ѧϰ",
2025-11-24 10:52:38.698 DEBUG 5908 --- [http-nio-8080-exec-5] c.d.learnbuddy.service.CourseService     : Python输出:     "university": "������ѧ",
2025-11-24 10:52:38.699 DEBUG 5908 --- [http-nio-8080-exec-5] c.d.learnbuddy.service.CourseService     : Python输出:     "instructor": "������",
2025-11-24 10:52:38.699 DEBUG 5908 --- [http-nio-8080-exec-5] c.d.learnbuddy.service.CourseService     : Python输出:     "imageUrl": "https://picsum.photos/400/200?random=1004",
2025-11-24 10:52:38.699 DEBUG 5908 --- [http-nio-8080-exec-5] c.d.learnbuddy.service.CourseService     : Python输出:     "courseLink": "https://www.icourse163.org/course/FUDAN-1001539001",
2025-11-24 10:52:38.699 DEBUG 5908 --- [http-nio-8080-exec-5] c.d.learnbuddy.service.CourseService     : Python输出:     "platform": "icourse163",
2025-11-24 10:52:38.699 DEBUG 5908 --- [http-nio-8080-exec-5] c.d.learnbuddy.service.CourseService     : Python输出:     "category": "�����",
2025-11-24 10:52:38.700 DEBUG 5908 --- [http-nio-8080-exec-5] c.d.learnbuddy.service.CourseService     : Python输出:     "difficulty": "advanced"
2025-11-24 10:52:38.700 DEBUG 5908 --- [http-nio-8080-exec-5] c.d.learnbuddy.service.CourseService     : Python输出:   },
2025-11-24 10:52:38.700 DEBUG 5908 --- [http-nio-8080-exec-5] c.d.learnbuddy.service.CourseService     : Python输出:   {
2025-11-24 10:52:38.700 DEBUG 5908 --- [http-nio-8080-exec-5] c.d.learnbuddy.service.CourseService     : Python输出:     "title": "Webǰ�˿���",
2025-11-24 10:52:38.700 DEBUG 5908 --- [http-nio-8080-exec-5] c.d.learnbuddy.service.CourseService     : Python输出:     "university": "������ѧ",
2025-11-24 10:52:38.700 DEBUG 5908 --- [http-nio-8080-exec-5] c.d.learnbuddy.service.CourseService     : Python输出:     "instructor": "���",
2025-11-24 10:52:38.701 DEBUG 5908 --- [http-nio-8080-exec-5] c.d.learnbuddy.service.CourseService     : Python输出:     "imageUrl": "https://picsum.photos/400/200?random=1005",
2025-11-24 10:52:38.701 DEBUG 5908 --- [http-nio-8080-exec-5] c.d.learnbuddy.service.CourseService     : Python输出:     "courseLink": "https://www.icourse163.org/course/PKU-1001541001",
2025-11-24 10:52:38.701 DEBUG 5908 --- [http-nio-8080-exec-5] c.d.learnbuddy.service.CourseService     : Python输出:     "platform": "icourse163",
2025-11-24 10:52:38.701 DEBUG 5908 --- [http-nio-8080-exec-5] c.d.learnbuddy.service.CourseService     : Python输出:     "category": "�����",
2025-11-24 10:52:38.701 DEBUG 5908 --- [http-nio-8080-exec-5] c.d.learnbuddy.service.CourseService     : Python输出:     "difficulty": "intermediate"
2025-11-24 10:52:38.701 DEBUG 5908 --- [http-nio-8080-exec-5] c.d.learnbuddy.service.CourseService     : Python输出:   }
2025-11-24 10:52:38.701 DEBUG 5908 --- [http-nio-8080-exec-5] c.d.learnbuddy.service.CourseService     : Python输出: ]
2025-11-24 10:52:38.725  INFO 5908 --- [http-nio-8080-exec-5] c.d.learnbuddy.service.CourseService     : Python进程退出码: 0
2025-11-24 10:52:38.726  INFO 5908 --- [http-nio-8080-exec-5] c.d.learnbuddy.service.CourseService     : Python爬虫成功获取 5 门课程
2025-11-24 10:52:38.726  INFO 5908 --- [http-nio-8080-exec-5] c.d.l.controller.CourseController        : 返回推荐课程数量: 5
2025-11-24 10:53:04.356  INFO 5908 --- [http-nio-8080-exec-6] c.d.l.controller.CourseController        : 收到获取推荐课程请求
2025-11-24 10:53:04.357  INFO 5908 --- [http-nio-8080-exec-6] c.d.learnbuddy.service.CourseService     : 找到Python脚本: D:\001_ZJNUThird\ai-learning-partner\ai-learning-partner\learn-buddy-backend\python-crawler\run_scraper.py
2025-11-24 10:53:04.411  INFO 5908 --- [http-nio-8080-exec-6] c.d.learnbuddy.service.CourseService     : 检测到Python命令: python
2025-11-24 10:53:04.412  INFO 5908 --- [http-nio-8080-exec-6] c.d.learnbuddy.service.CourseService     : 使用Python命令: python, 脚本: D:\001_ZJNUThird\ai-learning-partner\ai-learning-partner\learn-buddy-backend\python-crawler\run_scraper.py
2025-11-24 10:53:05.420 DEBUG 5908 --- [http-nio-8080-exec-6] c.d.learnbuddy.service.CourseService     : Python输出: [
2025-11-24 10:53:05.424 DEBUG 5908 --- [http-nio-8080-exec-6] c.d.learnbuddy.service.CourseService     : Python输出:   {
2025-11-24 10:53:05.424 DEBUG 5908 --- [http-nio-8080-exec-6] c.d.learnbuddy.service.CourseService     : Python输出:     "title": "Python���Գ������",
2025-11-24 10:53:05.425 DEBUG 5908 --- [http-nio-8080-exec-6] c.d.learnbuddy.service.CourseService     : Python输出:     "university": "��������ѧ",
2025-11-24 10:53:05.425 DEBUG 5908 --- [http-nio-8080-exec-6] c.d.learnbuddy.service.CourseService     : Python输出:     "instructor": "����",
2025-11-24 10:53:05.425 DEBUG 5908 --- [http-nio-8080-exec-6] c.d.learnbuddy.service.CourseService     : Python输出:     "imageUrl": "https://picsum.photos/400/200?random=1001",
2025-11-24 10:53:05.426 DEBUG 5908 --- [http-nio-8080-exec-6] c.d.learnbuddy.service.CourseService     : Python输出:     "courseLink": "https://www.icourse163.org/course/BIT-268001",
2025-11-24 10:53:05.432 DEBUG 5908 --- [http-nio-8080-exec-6] c.d.learnbuddy.service.CourseService     : Python输出:     "platform": "icourse163",
2025-11-24 10:53:05.432 DEBUG 5908 --- [http-nio-8080-exec-6] c.d.learnbuddy.service.CourseService     : Python输出:     "category": "�����",
2025-11-24 10:53:05.432 DEBUG 5908 --- [http-nio-8080-exec-6] c.d.learnbuddy.service.CourseService     : Python输出:     "difficulty": "beginner"
2025-11-24 10:53:05.433 DEBUG 5908 --- [http-nio-8080-exec-6] c.d.learnbuddy.service.CourseService     : Python输出:   },
2025-11-24 10:53:05.433 DEBUG 5908 --- [http-nio-8080-exec-6] c.d.learnbuddy.service.CourseService     : Python输出:   {
2025-11-24 10:53:05.433 DEBUG 5908 --- [http-nio-8080-exec-6] c.d.learnbuddy.service.CourseService     : Python输出:     "title": "Java�������",
2025-11-24 10:53:05.434 DEBUG 5908 --- [http-nio-8080-exec-6] c.d.learnbuddy.service.CourseService     : Python输出:     "university": "�㽭��ѧ",
2025-11-24 10:53:05.434 DEBUG 5908 --- [http-nio-8080-exec-6] c.d.learnbuddy.service.CourseService     : Python输出:     "instructor": "����",
2025-11-24 10:53:05.434 DEBUG 5908 --- [http-nio-8080-exec-6] c.d.learnbuddy.service.CourseService     : Python输出:     "imageUrl": "https://picsum.photos/400/200?random=1002",
2025-11-24 10:53:05.434 DEBUG 5908 --- [http-nio-8080-exec-6] c.d.learnbuddy.service.CourseService     : Python输出:     "courseLink": "https://www.icourse163.org/course/ZJU-1001541001",
2025-11-24 10:53:05.434 DEBUG 5908 --- [http-nio-8080-exec-6] c.d.learnbuddy.service.CourseService     : Python输出:     "platform": "icourse163",
2025-11-24 10:53:05.434 DEBUG 5908 --- [http-nio-8080-exec-6] c.d.learnbuddy.service.CourseService     : Python输出:     "category": "�����",
2025-11-24 10:53:05.434 DEBUG 5908 --- [http-nio-8080-exec-6] c.d.learnbuddy.service.CourseService     : Python输出:     "difficulty": "beginner"
2025-11-24 10:53:05.434 DEBUG 5908 --- [http-nio-8080-exec-6] c.d.learnbuddy.service.CourseService     : Python输出:   },
2025-11-24 10:53:05.434 DEBUG 5908 --- [http-nio-8080-exec-6] c.d.learnbuddy.service.CourseService     : Python输出:   {
2025-11-24 10:53:05.434 DEBUG 5908 --- [http-nio-8080-exec-6] c.d.learnbuddy.service.CourseService     : Python输出:     "title": "���ݽṹ",
2025-11-24 10:53:05.434 DEBUG 5908 --- [http-nio-8080-exec-6] c.d.learnbuddy.service.CourseService     : Python输出:     "university": "�廪��ѧ",
2025-11-24 10:53:05.434 DEBUG 5908 --- [http-nio-8080-exec-6] c.d.learnbuddy.service.CourseService     : Python输出:     "instructor": "�˿���",
2025-11-24 10:53:05.434 DEBUG 5908 --- [http-nio-8080-exec-6] c.d.learnbuddy.service.CourseService     : Python输出:     "imageUrl": "https://picsum.photos/400/200?random=1003",
2025-11-24 10:53:05.434 DEBUG 5908 --- [http-nio-8080-exec-6] c.d.learnbuddy.service.CourseService     : Python输出:     "courseLink": "https://www.icourse163.org/course/THU-1001539001",
2025-11-24 10:53:05.435 DEBUG 5908 --- [http-nio-8080-exec-6] c.d.learnbuddy.service.CourseService     : Python输出:     "platform": "icourse163",
2025-11-24 10:53:05.435 DEBUG 5908 --- [http-nio-8080-exec-6] c.d.learnbuddy.service.CourseService     : Python输出:     "category": "�����",
2025-11-24 10:53:05.442 DEBUG 5908 --- [http-nio-8080-exec-6] c.d.learnbuddy.service.CourseService     : Python输出:     "difficulty": "intermediate"
2025-11-24 10:53:05.442 DEBUG 5908 --- [http-nio-8080-exec-6] c.d.learnbuddy.service.CourseService     : Python输出:   },
2025-11-24 10:53:05.442 DEBUG 5908 --- [http-nio-8080-exec-6] c.d.learnbuddy.service.CourseService     : Python输出:   {
2025-11-24 10:53:05.443 DEBUG 5908 --- [http-nio-8080-exec-6] c.d.learnbuddy.service.CourseService     : Python输出:     "title": "����ѧϰ",
2025-11-24 10:53:05.443 DEBUG 5908 --- [http-nio-8080-exec-6] c.d.learnbuddy.service.CourseService     : Python输出:     "university": "������ѧ",
2025-11-24 10:53:05.443 DEBUG 5908 --- [http-nio-8080-exec-6] c.d.learnbuddy.service.CourseService     : Python输出:     "instructor": "������",
2025-11-24 10:53:05.443 DEBUG 5908 --- [http-nio-8080-exec-6] c.d.learnbuddy.service.CourseService     : Python输出:     "imageUrl": "https://picsum.photos/400/200?random=1004",
2025-11-24 10:53:05.444 DEBUG 5908 --- [http-nio-8080-exec-6] c.d.learnbuddy.service.CourseService     : Python输出:     "courseLink": "https://www.icourse163.org/course/FUDAN-1001539001",
2025-11-24 10:53:05.444 DEBUG 5908 --- [http-nio-8080-exec-6] c.d.learnbuddy.service.CourseService     : Python输出:     "platform": "icourse163",
2025-11-24 10:53:05.444 DEBUG 5908 --- [http-nio-8080-exec-6] c.d.learnbuddy.service.CourseService     : Python输出:     "category": "�����",
2025-11-24 10:53:05.444 DEBUG 5908 --- [http-nio-8080-exec-6] c.d.learnbuddy.service.CourseService     : Python输出:     "difficulty": "advanced"
2025-11-24 10:53:05.444 DEBUG 5908 --- [http-nio-8080-exec-6] c.d.learnbuddy.service.CourseService     : Python输出:   },
2025-11-24 10:53:05.444 DEBUG 5908 --- [http-nio-8080-exec-6] c.d.learnbuddy.service.CourseService     : Python输出:   {
2025-11-24 10:53:05.444 DEBUG 5908 --- [http-nio-8080-exec-6] c.d.learnbuddy.service.CourseService     : Python输出:     "title": "Webǰ�˿���",
2025-11-24 10:53:05.444 DEBUG 5908 --- [http-nio-8080-exec-6] c.d.learnbuddy.service.CourseService     : Python输出:     "university": "������ѧ",
2025-11-24 10:53:05.444 DEBUG 5908 --- [http-nio-8080-exec-6] c.d.learnbuddy.service.CourseService     : Python输出:     "instructor": "���",
2025-11-24 10:53:05.444 DEBUG 5908 --- [http-nio-8080-exec-6] c.d.learnbuddy.service.CourseService     : Python输出:     "imageUrl": "https://picsum.photos/400/200?random=1005",
2025-11-24 10:53:05.445 DEBUG 5908 --- [http-nio-8080-exec-6] c.d.learnbuddy.service.CourseService     : Python输出:     "courseLink": "https://www.icourse163.org/course/PKU-1001541001",
2025-11-24 10:53:05.445 DEBUG 5908 --- [http-nio-8080-exec-6] c.d.learnbuddy.service.CourseService     : Python输出:     "platform": "icourse163",
2025-11-24 10:53:05.445 DEBUG 5908 --- [http-nio-8080-exec-6] c.d.learnbuddy.service.CourseService     : Python输出:     "category": "�����",
2025-11-24 10:53:05.445 DEBUG 5908 --- [http-nio-8080-exec-6] c.d.learnbuddy.service.CourseService     : Python输出:     "difficulty": "intermediate"
2025-11-24 10:53:05.445 DEBUG 5908 --- [http-nio-8080-exec-6] c.d.learnbuddy.service.CourseService     : Python输出:   }
2025-11-24 10:53:05.445 DEBUG 5908 --- [http-nio-8080-exec-6] c.d.learnbuddy.service.CourseService     : Python输出: ]
2025-11-24 10:53:05.454  INFO 5908 --- [http-nio-8080-exec-6] c.d.learnbuddy.service.CourseService     : Python进程退出码: 0
2025-11-24 10:53:05.455  INFO 5908 --- [http-nio-8080-exec-6] c.d.learnbuddy.service.CourseService     : Python爬虫成功获取 5 门课程
2025-11-24 10:53:05.456  INFO 5908 --- [http-nio-8080-exec-6] c.d.l.controller.CourseController        : 返回推荐课程数量: 5
2025-11-24 10:57:44.427  INFO 5908 --- [http-nio-8080-exec-8] c.d.l.controller.CourseController        : 收到搜索课程请求 - keyword: null, category: 计算机, difficulty: null
2025-11-24 10:57:44.432  INFO 5908 --- [http-nio-8080-exec-8] c.d.learnbuddy.service.CourseService     : 找到Python脚本: D:\001_ZJNUThird\ai-learning-partner\ai-learning-partner\learn-buddy-backend\python-crawler\run_scraper.py
2025-11-24 10:57:44.483  INFO 5908 --- [http-nio-8080-exec-8] c.d.learnbuddy.service.CourseService     : 检测到Python命令: python
2025-11-24 10:57:44.483  INFO 5908 --- [http-nio-8080-exec-8] c.d.learnbuddy.service.CourseService     : 使用Python命令: python, 脚本: D:\001_ZJNUThird\ai-learning-partner\ai-learning-partner\learn-buddy-backend\python-crawler\run_scraper.py
2025-11-24 10:57:45.760 DEBUG 5908 --- [http-nio-8080-exec-8] c.d.learnbuddy.service.CourseService     : Python输出: [
2025-11-24 10:57:45.761 DEBUG 5908 --- [http-nio-8080-exec-8] c.d.learnbuddy.service.CourseService     : Python输出:   {
2025-11-24 10:57:45.761 DEBUG 5908 --- [http-nio-8080-exec-8] c.d.learnbuddy.service.CourseService     : Python输出:     "title": "Python���Գ������",
2025-11-24 10:57:45.761 DEBUG 5908 --- [http-nio-8080-exec-8] c.d.learnbuddy.service.CourseService     : Python输出:     "university": "��������ѧ",
2025-11-24 10:57:45.762 DEBUG 5908 --- [http-nio-8080-exec-8] c.d.learnbuddy.service.CourseService     : Python输出:     "instructor": "����",
2025-11-24 10:57:45.762 DEBUG 5908 --- [http-nio-8080-exec-8] c.d.learnbuddy.service.CourseService     : Python输出:     "imageUrl": "https://picsum.photos/400/200?random=1001",
2025-11-24 10:57:45.763 DEBUG 5908 --- [http-nio-8080-exec-8] c.d.learnbuddy.service.CourseService     : Python输出:     "courseLink": "https://www.icourse163.org/course/BIT-268001",
2025-11-24 10:57:45.763 DEBUG 5908 --- [http-nio-8080-exec-8] c.d.learnbuddy.service.CourseService     : Python输出:     "platform": "icourse163",
2025-11-24 10:57:45.763 DEBUG 5908 --- [http-nio-8080-exec-8] c.d.learnbuddy.service.CourseService     : Python输出:     "category": "�����",
2025-11-24 10:57:45.764 DEBUG 5908 --- [http-nio-8080-exec-8] c.d.learnbuddy.service.CourseService     : Python输出:     "difficulty": "beginner"
2025-11-24 10:57:45.764 DEBUG 5908 --- [http-nio-8080-exec-8] c.d.learnbuddy.service.CourseService     : Python输出:   },
2025-11-24 10:57:45.765 DEBUG 5908 --- [http-nio-8080-exec-8] c.d.learnbuddy.service.CourseService     : Python输出:   {
2025-11-24 10:57:45.765 DEBUG 5908 --- [http-nio-8080-exec-8] c.d.learnbuddy.service.CourseService     : Python输出:     "title": "Java�������",
2025-11-24 10:57:45.766 DEBUG 5908 --- [http-nio-8080-exec-8] c.d.learnbuddy.service.CourseService     : Python输出:     "university": "�㽭��ѧ",
2025-11-24 10:57:45.766 DEBUG 5908 --- [http-nio-8080-exec-8] c.d.learnbuddy.service.CourseService     : Python输出:     "instructor": "����",
2025-11-24 10:57:45.766 DEBUG 5908 --- [http-nio-8080-exec-8] c.d.learnbuddy.service.CourseService     : Python输出:     "imageUrl": "https://picsum.photos/400/200?random=1002",
2025-11-24 10:57:45.767 DEBUG 5908 --- [http-nio-8080-exec-8] c.d.learnbuddy.service.CourseService     : Python输出:     "courseLink": "https://www.icourse163.org/course/ZJU-1001541001",
2025-11-24 10:57:45.767 DEBUG 5908 --- [http-nio-8080-exec-8] c.d.learnbuddy.service.CourseService     : Python输出:     "platform": "icourse163",
2025-11-24 10:57:45.767 DEBUG 5908 --- [http-nio-8080-exec-8] c.d.learnbuddy.service.CourseService     : Python输出:     "category": "�����",
2025-11-24 10:57:45.768 DEBUG 5908 --- [http-nio-8080-exec-8] c.d.learnbuddy.service.CourseService     : Python输出:     "difficulty": "beginner"
2025-11-24 10:57:45.768 DEBUG 5908 --- [http-nio-8080-exec-8] c.d.learnbuddy.service.CourseService     : Python输出:   },
2025-11-24 10:57:45.768 DEBUG 5908 --- [http-nio-8080-exec-8] c.d.learnbuddy.service.CourseService     : Python输出:   {
2025-11-24 10:57:45.768 DEBUG 5908 --- [http-nio-8080-exec-8] c.d.learnbuddy.service.CourseService     : Python输出:     "title": "���ݽṹ",
2025-11-24 10:57:45.768 DEBUG 5908 --- [http-nio-8080-exec-8] c.d.learnbuddy.service.CourseService     : Python输出:     "university": "�廪��ѧ",
2025-11-24 10:57:45.770 DEBUG 5908 --- [http-nio-8080-exec-8] c.d.learnbuddy.service.CourseService     : Python输出:     "instructor": "�˿���",
2025-11-24 10:57:45.770 DEBUG 5908 --- [http-nio-8080-exec-8] c.d.learnbuddy.service.CourseService     : Python输出:     "imageUrl": "https://picsum.photos/400/200?random=1003",
2025-11-24 10:57:45.770 DEBUG 5908 --- [http-nio-8080-exec-8] c.d.learnbuddy.service.CourseService     : Python输出:     "courseLink": "https://www.icourse163.org/course/THU-1001539001",
2025-11-24 10:57:45.771 DEBUG 5908 --- [http-nio-8080-exec-8] c.d.learnbuddy.service.CourseService     : Python输出:     "platform": "icourse163",
2025-11-24 10:57:45.771 DEBUG 5908 --- [http-nio-8080-exec-8] c.d.learnbuddy.service.CourseService     : Python输出:     "category": "�����",
2025-11-24 10:57:45.772 DEBUG 5908 --- [http-nio-8080-exec-8] c.d.learnbuddy.service.CourseService     : Python输出:     "difficulty": "intermediate"
2025-11-24 10:57:45.772 DEBUG 5908 --- [http-nio-8080-exec-8] c.d.learnbuddy.service.CourseService     : Python输出:   },
2025-11-24 10:57:45.772 DEBUG 5908 --- [http-nio-8080-exec-8] c.d.learnbuddy.service.CourseService     : Python输出:   {
2025-11-24 10:57:45.772 DEBUG 5908 --- [http-nio-8080-exec-8] c.d.learnbuddy.service.CourseService     : Python输出:     "title": "����ѧϰ",
2025-11-24 10:57:45.773 DEBUG 5908 --- [http-nio-8080-exec-8] c.d.learnbuddy.service.CourseService     : Python输出:     "university": "������ѧ",
2025-11-24 10:57:45.773 DEBUG 5908 --- [http-nio-8080-exec-8] c.d.learnbuddy.service.CourseService     : Python输出:     "instructor": "������",
2025-11-24 10:57:45.774 DEBUG 5908 --- [http-nio-8080-exec-8] c.d.learnbuddy.service.CourseService     : Python输出:     "imageUrl": "https://picsum.photos/400/200?random=1004",
2025-11-24 10:57:45.774 DEBUG 5908 --- [http-nio-8080-exec-8] c.d.learnbuddy.service.CourseService     : Python输出:     "courseLink": "https://www.icourse163.org/course/FUDAN-1001539001",
2025-11-24 10:57:45.775 DEBUG 5908 --- [http-nio-8080-exec-8] c.d.learnbuddy.service.CourseService     : Python输出:     "platform": "icourse163",
2025-11-24 10:57:45.775 DEBUG 5908 --- [http-nio-8080-exec-8] c.d.learnbuddy.service.CourseService     : Python输出:     "category": "�����",
2025-11-24 10:57:45.775 DEBUG 5908 --- [http-nio-8080-exec-8] c.d.learnbuddy.service.CourseService     : Python输出:     "difficulty": "advanced"
2025-11-24 10:57:45.776 DEBUG 5908 --- [http-nio-8080-exec-8] c.d.learnbuddy.service.CourseService     : Python输出:   },
2025-11-24 10:57:45.776 DEBUG 5908 --- [http-nio-8080-exec-8] c.d.learnbuddy.service.CourseService     : Python输出:   {
2025-11-24 10:57:45.776 DEBUG 5908 --- [http-nio-8080-exec-8] c.d.learnbuddy.service.CourseService     : Python输出:     "title": "Webǰ�˿���",
2025-11-24 10:57:45.776 DEBUG 5908 --- [http-nio-8080-exec-8] c.d.learnbuddy.service.CourseService     : Python输出:     "university": "������ѧ",
2025-11-24 10:57:45.777 DEBUG 5908 --- [http-nio-8080-exec-8] c.d.learnbuddy.service.CourseService     : Python输出:     "instructor": "���",
2025-11-24 10:57:45.777 DEBUG 5908 --- [http-nio-8080-exec-8] c.d.learnbuddy.service.CourseService     : Python输出:     "imageUrl": "https://picsum.photos/400/200?random=1005",
2025-11-24 10:57:45.777 DEBUG 5908 --- [http-nio-8080-exec-8] c.d.learnbuddy.service.CourseService     : Python输出:     "courseLink": "https://www.icourse163.org/course/PKU-1001541001",
2025-11-24 10:57:45.777 DEBUG 5908 --- [http-nio-8080-exec-8] c.d.learnbuddy.service.CourseService     : Python输出:     "platform": "icourse163",
2025-11-24 10:57:45.778 DEBUG 5908 --- [http-nio-8080-exec-8] c.d.learnbuddy.service.CourseService     : Python输出:     "category": "�����",
2025-11-24 10:57:45.778 DEBUG 5908 --- [http-nio-8080-exec-8] c.d.learnbuddy.service.CourseService     : Python输出:     "difficulty": "intermediate"
2025-11-24 10:57:45.778 DEBUG 5908 --- [http-nio-8080-exec-8] c.d.learnbuddy.service.CourseService     : Python输出:   }
2025-11-24 10:57:45.779 DEBUG 5908 --- [http-nio-8080-exec-8] c.d.learnbuddy.service.CourseService     : Python输出: ]
2025-11-24 10:57:45.822  INFO 5908 --- [http-nio-8080-exec-8] c.d.learnbuddy.service.CourseService     : Python进程退出码: 0
2025-11-24 10:57:45.825  INFO 5908 --- [http-nio-8080-exec-8] c.d.learnbuddy.service.CourseService     : Python爬虫成功获取 5 门课程
2025-11-24 10:57:45.826  INFO 5908 --- [http-nio-8080-exec-8] c.d.learnbuddy.service.CourseService     : 搜索结果: 0 门课程
2025-11-24 10:57:45.826  INFO 5908 --- [http-nio-8080-exec-8] c.d.l.controller.CourseController        : 搜索结果数量: 0
2025-11-24 10:57:48.542  INFO 5908 --- [http-nio-8080-exec-9] c.d.l.controller.CourseController        : 收到搜索课程请求 - keyword: null, category: null, difficulty: null
2025-11-24 10:57:48.544  INFO 5908 --- [http-nio-8080-exec-9] c.d.learnbuddy.service.CourseService     : 找到Python脚本: D:\001_ZJNUThird\ai-learning-partner\ai-learning-partner\learn-buddy-backend\python-crawler\run_scraper.py
2025-11-24 10:57:48.608  INFO 5908 --- [http-nio-8080-exec-9] c.d.learnbuddy.service.CourseService     : 检测到Python命令: python
2025-11-24 10:57:48.609  INFO 5908 --- [http-nio-8080-exec-9] c.d.learnbuddy.service.CourseService     : 使用Python命令: python, 脚本: D:\001_ZJNUThird\ai-learning-partner\ai-learning-partner\learn-buddy-backend\python-crawler\run_scraper.py
2025-11-24 10:57:49.930 DEBUG 5908 --- [http-nio-8080-exec-9] c.d.learnbuddy.service.CourseService     : Python输出: [
2025-11-24 10:57:49.930 DEBUG 5908 --- [http-nio-8080-exec-9] c.d.learnbuddy.service.CourseService     : Python输出:   {
2025-11-24 10:57:49.930 DEBUG 5908 --- [http-nio-8080-exec-9] c.d.learnbuddy.service.CourseService     : Python输出:     "title": "Python���Գ������",
2025-11-24 10:57:49.931 DEBUG 5908 --- [http-nio-8080-exec-9] c.d.learnbuddy.service.CourseService     : Python输出:     "university": "��������ѧ",
2025-11-24 10:57:49.931 DEBUG 5908 --- [http-nio-8080-exec-9] c.d.learnbuddy.service.CourseService     : Python输出:     "instructor": "����",
2025-11-24 10:57:49.931 DEBUG 5908 --- [http-nio-8080-exec-9] c.d.learnbuddy.service.CourseService     : Python输出:     "imageUrl": "https://picsum.photos/400/200?random=1001",
2025-11-24 10:57:49.932 DEBUG 5908 --- [http-nio-8080-exec-9] c.d.learnbuddy.service.CourseService     : Python输出:     "courseLink": "https://www.icourse163.org/course/BIT-268001",
2025-11-24 10:57:49.932 DEBUG 5908 --- [http-nio-8080-exec-9] c.d.learnbuddy.service.CourseService     : Python输出:     "platform": "icourse163",
2025-11-24 10:57:49.932 DEBUG 5908 --- [http-nio-8080-exec-9] c.d.learnbuddy.service.CourseService     : Python输出:     "category": "�����",
2025-11-24 10:57:49.932 DEBUG 5908 --- [http-nio-8080-exec-9] c.d.learnbuddy.service.CourseService     : Python输出:     "difficulty": "beginner"
2025-11-24 10:57:49.932 DEBUG 5908 --- [http-nio-8080-exec-9] c.d.learnbuddy.service.CourseService     : Python输出:   },
2025-11-24 10:57:49.932 DEBUG 5908 --- [http-nio-8080-exec-9] c.d.learnbuddy.service.CourseService     : Python输出:   {
2025-11-24 10:57:49.932 DEBUG 5908 --- [http-nio-8080-exec-9] c.d.learnbuddy.service.CourseService     : Python输出:     "title": "Java�������",
2025-11-24 10:57:49.933 DEBUG 5908 --- [http-nio-8080-exec-9] c.d.learnbuddy.service.CourseService     : Python输出:     "university": "�㽭��ѧ",
2025-11-24 10:57:49.933 DEBUG 5908 --- [http-nio-8080-exec-9] c.d.learnbuddy.service.CourseService     : Python输出:     "instructor": "����",
2025-11-24 10:57:49.933 DEBUG 5908 --- [http-nio-8080-exec-9] c.d.learnbuddy.service.CourseService     : Python输出:     "imageUrl": "https://picsum.photos/400/200?random=1002",
2025-11-24 10:57:49.933 DEBUG 5908 --- [http-nio-8080-exec-9] c.d.learnbuddy.service.CourseService     : Python输出:     "courseLink": "https://www.icourse163.org/course/ZJU-1001541001",
2025-11-24 10:57:49.933 DEBUG 5908 --- [http-nio-8080-exec-9] c.d.learnbuddy.service.CourseService     : Python输出:     "platform": "icourse163",
2025-11-24 10:57:49.934 DEBUG 5908 --- [http-nio-8080-exec-9] c.d.learnbuddy.service.CourseService     : Python输出:     "category": "�����",
2025-11-24 10:57:49.934 DEBUG 5908 --- [http-nio-8080-exec-9] c.d.learnbuddy.service.CourseService     : Python输出:     "difficulty": "beginner"
2025-11-24 10:57:49.935 DEBUG 5908 --- [http-nio-8080-exec-9] c.d.learnbuddy.service.CourseService     : Python输出:   },
2025-11-24 10:57:49.935 DEBUG 5908 --- [http-nio-8080-exec-9] c.d.learnbuddy.service.CourseService     : Python输出:   {
2025-11-24 10:57:49.935 DEBUG 5908 --- [http-nio-8080-exec-9] c.d.learnbuddy.service.CourseService     : Python输出:     "title": "���ݽṹ",
2025-11-24 10:57:49.936 DEBUG 5908 --- [http-nio-8080-exec-9] c.d.learnbuddy.service.CourseService     : Python输出:     "university": "�廪��ѧ",
2025-11-24 10:57:49.936 DEBUG 5908 --- [http-nio-8080-exec-9] c.d.learnbuddy.service.CourseService     : Python输出:     "instructor": "�˿���",
2025-11-24 10:57:49.936 DEBUG 5908 --- [http-nio-8080-exec-9] c.d.learnbuddy.service.CourseService     : Python输出:     "imageUrl": "https://picsum.photos/400/200?random=1003",
2025-11-24 10:57:49.936 DEBUG 5908 --- [http-nio-8080-exec-9] c.d.learnbuddy.service.CourseService     : Python输出:     "courseLink": "https://www.icourse163.org/course/THU-1001539001",
2025-11-24 10:57:49.937 DEBUG 5908 --- [http-nio-8080-exec-9] c.d.learnbuddy.service.CourseService     : Python输出:     "platform": "icourse163",
2025-11-24 10:57:49.937 DEBUG 5908 --- [http-nio-8080-exec-9] c.d.learnbuddy.service.CourseService     : Python输出:     "category": "�����",
2025-11-24 10:57:49.937 DEBUG 5908 --- [http-nio-8080-exec-9] c.d.learnbuddy.service.CourseService     : Python输出:     "difficulty": "intermediate"
2025-11-24 10:57:49.937 DEBUG 5908 --- [http-nio-8080-exec-9] c.d.learnbuddy.service.CourseService     : Python输出:   },
2025-11-24 10:57:49.937 DEBUG 5908 --- [http-nio-8080-exec-9] c.d.learnbuddy.service.CourseService     : Python输出:   {
2025-11-24 10:57:49.937 DEBUG 5908 --- [http-nio-8080-exec-9] c.d.learnbuddy.service.CourseService     : Python输出:     "title": "����ѧϰ",
2025-11-24 10:57:49.938 DEBUG 5908 --- [http-nio-8080-exec-9] c.d.learnbuddy.service.CourseService     : Python输出:     "university": "������ѧ",
2025-11-24 10:57:49.938 DEBUG 5908 --- [http-nio-8080-exec-9] c.d.learnbuddy.service.CourseService     : Python输出:     "instructor": "������",
2025-11-24 10:57:49.938 DEBUG 5908 --- [http-nio-8080-exec-9] c.d.learnbuddy.service.CourseService     : Python输出:     "imageUrl": "https://picsum.photos/400/200?random=1004",
2025-11-24 10:57:49.938 DEBUG 5908 --- [http-nio-8080-exec-9] c.d.learnbuddy.service.CourseService     : Python输出:     "courseLink": "https://www.icourse163.org/course/FUDAN-1001539001",
2025-11-24 10:57:49.938 DEBUG 5908 --- [http-nio-8080-exec-9] c.d.learnbuddy.service.CourseService     : Python输出:     "platform": "icourse163",
2025-11-24 10:57:49.938 DEBUG 5908 --- [http-nio-8080-exec-9] c.d.learnbuddy.service.CourseService     : Python输出:     "category": "�����",
2025-11-24 10:57:49.938 DEBUG 5908 --- [http-nio-8080-exec-9] c.d.learnbuddy.service.CourseService     : Python输出:     "difficulty": "advanced"
2025-11-24 10:57:49.938 DEBUG 5908 --- [http-nio-8080-exec-9] c.d.learnbuddy.service.CourseService     : Python输出:   },
2025-11-24 10:57:49.938 DEBUG 5908 --- [http-nio-8080-exec-9] c.d.learnbuddy.service.CourseService     : Python输出:   {
2025-11-24 10:57:49.938 DEBUG 5908 --- [http-nio-8080-exec-9] c.d.learnbuddy.service.CourseService     : Python输出:     "title": "Webǰ�˿���",
2025-11-24 10:57:49.940 DEBUG 5908 --- [http-nio-8080-exec-9] c.d.learnbuddy.service.CourseService     : Python输出:     "university": "������ѧ",
2025-11-24 10:57:49.940 DEBUG 5908 --- [http-nio-8080-exec-9] c.d.learnbuddy.service.CourseService     : Python输出:     "instructor": "���",
2025-11-24 10:57:49.940 DEBUG 5908 --- [http-nio-8080-exec-9] c.d.learnbuddy.service.CourseService     : Python输出:     "imageUrl": "https://picsum.photos/400/200?random=1005",
2025-11-24 10:57:49.940 DEBUG 5908 --- [http-nio-8080-exec-9] c.d.learnbuddy.service.CourseService     : Python输出:     "courseLink": "https://www.icourse163.org/course/PKU-1001541001",
2025-11-24 10:57:49.940 DEBUG 5908 --- [http-nio-8080-exec-9] c.d.learnbuddy.service.CourseService     : Python输出:     "platform": "icourse163",
2025-11-24 10:57:49.940 DEBUG 5908 --- [http-nio-8080-exec-9] c.d.learnbuddy.service.CourseService     : Python输出:     "category": "�����",
2025-11-24 10:57:49.941 DEBUG 5908 --- [http-nio-8080-exec-9] c.d.learnbuddy.service.CourseService     : Python输出:     "difficulty": "intermediate"
2025-11-24 10:57:49.941 DEBUG 5908 --- [http-nio-8080-exec-9] c.d.learnbuddy.service.CourseService     : Python输出:   }
2025-11-24 10:57:49.941 DEBUG 5908 --- [http-nio-8080-exec-9] c.d.learnbuddy.service.CourseService     : Python输出: ]
2025-11-24 10:57:49.976  INFO 5908 --- [http-nio-8080-exec-9] c.d.learnbuddy.service.CourseService     : Python进程退出码: 0
2025-11-24 10:57:49.978  INFO 5908 --- [http-nio-8080-exec-9] c.d.learnbuddy.service.CourseService     : Python爬虫成功获取 5 门课程
2025-11-24 10:57:49.978  INFO 5908 --- [http-nio-8080-exec-9] c.d.learnbuddy.service.CourseService     : 搜索结果: 5 门课程
2025-11-24 10:57:49.978  INFO 5908 --- [http-nio-8080-exec-9] c.d.l.controller.CourseController        : 搜索结果数量: 5
2025-11-24 10:57:55.751  INFO 5908 --- [http-nio-8080-exec-1] c.d.l.controller.CourseController        : 收到搜索课程请求 - keyword: Java, category: null, difficulty: null
2025-11-24 10:57:55.751  INFO 5908 --- [http-nio-8080-exec-1] c.d.learnbuddy.service.CourseService     : 找到Python脚本: D:\001_ZJNUThird\ai-learning-partner\ai-learning-partner\learn-buddy-backend\python-crawler\run_scraper.py
2025-11-24 10:57:55.825  INFO 5908 --- [http-nio-8080-exec-1] c.d.learnbuddy.service.CourseService     : 检测到Python命令: python
2025-11-24 10:57:55.826  INFO 5908 --- [http-nio-8080-exec-1] c.d.learnbuddy.service.CourseService     : 使用Python命令: python, 脚本: D:\001_ZJNUThird\ai-learning-partner\ai-learning-partner\learn-buddy-backend\python-crawler\run_scraper.py
2025-11-24 10:57:57.016 DEBUG 5908 --- [http-nio-8080-exec-1] c.d.learnbuddy.service.CourseService     : Python输出: [
2025-11-24 10:57:57.017 DEBUG 5908 --- [http-nio-8080-exec-1] c.d.learnbuddy.service.CourseService     : Python输出:   {
2025-11-24 10:57:57.017 DEBUG 5908 --- [http-nio-8080-exec-1] c.d.learnbuddy.service.CourseService     : Python输出:     "title": "Python���Գ������",
2025-11-24 10:57:57.017 DEBUG 5908 --- [http-nio-8080-exec-1] c.d.learnbuddy.service.CourseService     : Python输出:     "university": "��������ѧ",
2025-11-24 10:57:57.017 DEBUG 5908 --- [http-nio-8080-exec-1] c.d.learnbuddy.service.CourseService     : Python输出:     "instructor": "����",
2025-11-24 10:57:57.017 DEBUG 5908 --- [http-nio-8080-exec-1] c.d.learnbuddy.service.CourseService     : Python输出:     "imageUrl": "https://picsum.photos/400/200?random=1001",
2025-11-24 10:57:57.018 DEBUG 5908 --- [http-nio-8080-exec-1] c.d.learnbuddy.service.CourseService     : Python输出:     "courseLink": "https://www.icourse163.org/course/BIT-268001",
2025-11-24 10:57:57.018 DEBUG 5908 --- [http-nio-8080-exec-1] c.d.learnbuddy.service.CourseService     : Python输出:     "platform": "icourse163",
2025-11-24 10:57:57.018 DEBUG 5908 --- [http-nio-8080-exec-1] c.d.learnbuddy.service.CourseService     : Python输出:     "category": "�����",
2025-11-24 10:57:57.018 DEBUG 5908 --- [http-nio-8080-exec-1] c.d.learnbuddy.service.CourseService     : Python输出:     "difficulty": "beginner"
2025-11-24 10:57:57.018 DEBUG 5908 --- [http-nio-8080-exec-1] c.d.learnbuddy.service.CourseService     : Python输出:   },
2025-11-24 10:57:57.018 DEBUG 5908 --- [http-nio-8080-exec-1] c.d.learnbuddy.service.CourseService     : Python输出:   {
2025-11-24 10:57:57.018 DEBUG 5908 --- [http-nio-8080-exec-1] c.d.learnbuddy.service.CourseService     : Python输出:     "title": "Java�������",
2025-11-24 10:57:57.018 DEBUG 5908 --- [http-nio-8080-exec-1] c.d.learnbuddy.service.CourseService     : Python输出:     "university": "�㽭��ѧ",
2025-11-24 10:57:57.018 DEBUG 5908 --- [http-nio-8080-exec-1] c.d.learnbuddy.service.CourseService     : Python输出:     "instructor": "����",
2025-11-24 10:57:57.020 DEBUG 5908 --- [http-nio-8080-exec-1] c.d.learnbuddy.service.CourseService     : Python输出:     "imageUrl": "https://picsum.photos/400/200?random=1002",
2025-11-24 10:57:57.020 DEBUG 5908 --- [http-nio-8080-exec-1] c.d.learnbuddy.service.CourseService     : Python输出:     "courseLink": "https://www.icourse163.org/course/ZJU-1001541001",
2025-11-24 10:57:57.020 DEBUG 5908 --- [http-nio-8080-exec-1] c.d.learnbuddy.service.CourseService     : Python输出:     "platform": "icourse163",
2025-11-24 10:57:57.020 DEBUG 5908 --- [http-nio-8080-exec-1] c.d.learnbuddy.service.CourseService     : Python输出:     "category": "�����",
2025-11-24 10:57:57.020 DEBUG 5908 --- [http-nio-8080-exec-1] c.d.learnbuddy.service.CourseService     : Python输出:     "difficulty": "beginner"
2025-11-24 10:57:57.020 DEBUG 5908 --- [http-nio-8080-exec-1] c.d.learnbuddy.service.CourseService     : Python输出:   },
2025-11-24 10:57:57.020 DEBUG 5908 --- [http-nio-8080-exec-1] c.d.learnbuddy.service.CourseService     : Python输出:   {
2025-11-24 10:57:57.021 DEBUG 5908 --- [http-nio-8080-exec-1] c.d.learnbuddy.service.CourseService     : Python输出:     "title": "���ݽṹ",
2025-11-24 10:57:57.021 DEBUG 5908 --- [http-nio-8080-exec-1] c.d.learnbuddy.service.CourseService     : Python输出:     "university": "�廪��ѧ",
2025-11-24 10:57:57.021 DEBUG 5908 --- [http-nio-8080-exec-1] c.d.learnbuddy.service.CourseService     : Python输出:     "instructor": "�˿���",
2025-11-24 10:57:57.021 DEBUG 5908 --- [http-nio-8080-exec-1] c.d.learnbuddy.service.CourseService     : Python输出:     "imageUrl": "https://picsum.photos/400/200?random=1003",
2025-11-24 10:57:57.021 DEBUG 5908 --- [http-nio-8080-exec-1] c.d.learnbuddy.service.CourseService     : Python输出:     "courseLink": "https://www.icourse163.org/course/THU-1001539001",
2025-11-24 10:57:57.021 DEBUG 5908 --- [http-nio-8080-exec-1] c.d.learnbuddy.service.CourseService     : Python输出:     "platform": "icourse163",
2025-11-24 10:57:57.021 DEBUG 5908 --- [http-nio-8080-exec-1] c.d.learnbuddy.service.CourseService     : Python输出:     "category": "�����",
2025-11-24 10:57:57.022 DEBUG 5908 --- [http-nio-8080-exec-1] c.d.learnbuddy.service.CourseService     : Python输出:     "difficulty": "intermediate"
2025-11-24 10:57:57.022 DEBUG 5908 --- [http-nio-8080-exec-1] c.d.learnbuddy.service.CourseService     : Python输出:   },
2025-11-24 10:57:57.022 DEBUG 5908 --- [http-nio-8080-exec-1] c.d.learnbuddy.service.CourseService     : Python输出:   {
2025-11-24 10:57:57.022 DEBUG 5908 --- [http-nio-8080-exec-1] c.d.learnbuddy.service.CourseService     : Python输出:     "title": "����ѧϰ",
2025-11-24 10:57:57.022 DEBUG 5908 --- [http-nio-8080-exec-1] c.d.learnbuddy.service.CourseService     : Python输出:     "university": "������ѧ",
2025-11-24 10:57:57.022 DEBUG 5908 --- [http-nio-8080-exec-1] c.d.learnbuddy.service.CourseService     : Python输出:     "instructor": "������",
2025-11-24 10:57:57.022 DEBUG 5908 --- [http-nio-8080-exec-1] c.d.learnbuddy.service.CourseService     : Python输出:     "imageUrl": "https://picsum.photos/400/200?random=1004",
2025-11-24 10:57:57.023 DEBUG 5908 --- [http-nio-8080-exec-1] c.d.learnbuddy.service.CourseService     : Python输出:     "courseLink": "https://www.icourse163.org/course/FUDAN-1001539001",
2025-11-24 10:57:57.023 DEBUG 5908 --- [http-nio-8080-exec-1] c.d.learnbuddy.service.CourseService     : Python输出:     "platform": "icourse163",
2025-11-24 10:57:57.023 DEBUG 5908 --- [http-nio-8080-exec-1] c.d.learnbuddy.service.CourseService     : Python输出:     "category": "�����",
2025-11-24 10:57:57.023 DEBUG 5908 --- [http-nio-8080-exec-1] c.d.learnbuddy.service.CourseService     : Python输出:     "difficulty": "advanced"
2025-11-24 10:57:57.023 DEBUG 5908 --- [http-nio-8080-exec-1] c.d.learnbuddy.service.CourseService     : Python输出:   },
2025-11-24 10:57:57.023 DEBUG 5908 --- [http-nio-8080-exec-1] c.d.learnbuddy.service.CourseService     : Python输出:   {
2025-11-24 10:57:57.024 DEBUG 5908 --- [http-nio-8080-exec-1] c.d.learnbuddy.service.CourseService     : Python输出:     "title": "Webǰ�˿���",
2025-11-24 10:57:57.024 DEBUG 5908 --- [http-nio-8080-exec-1] c.d.learnbuddy.service.CourseService     : Python输出:     "university": "������ѧ",
2025-11-24 10:57:57.024 DEBUG 5908 --- [http-nio-8080-exec-1] c.d.learnbuddy.service.CourseService     : Python输出:     "instructor": "���",
2025-11-24 10:57:57.025 DEBUG 5908 --- [http-nio-8080-exec-1] c.d.learnbuddy.service.CourseService     : Python输出:     "imageUrl": "https://picsum.photos/400/200?random=1005",
2025-11-24 10:57:57.025 DEBUG 5908 --- [http-nio-8080-exec-1] c.d.learnbuddy.service.CourseService     : Python输出:     "courseLink": "https://www.icourse163.org/course/PKU-1001541001",
2025-11-24 10:57:57.025 DEBUG 5908 --- [http-nio-8080-exec-1] c.d.learnbuddy.service.CourseService     : Python输出:     "platform": "icourse163",
2025-11-24 10:57:57.025 DEBUG 5908 --- [http-nio-8080-exec-1] c.d.learnbuddy.service.CourseService     : Python输出:     "category": "�����",
2025-11-24 10:57:57.025 DEBUG 5908 --- [http-nio-8080-exec-1] c.d.learnbuddy.service.CourseService     : Python输出:     "difficulty": "intermediate"
2025-11-24 10:57:57.026 DEBUG 5908 --- [http-nio-8080-exec-1] c.d.learnbuddy.service.CourseService     : Python输出:   }
2025-11-24 10:57:57.026 DEBUG 5908 --- [http-nio-8080-exec-1] c.d.learnbuddy.service.CourseService     : Python输出: ]
2025-11-24 10:57:57.063  INFO 5908 --- [http-nio-8080-exec-1] c.d.learnbuddy.service.CourseService     : Python进程退出码: 0
2025-11-24 10:57:57.063  INFO 5908 --- [http-nio-8080-exec-1] c.d.learnbuddy.service.CourseService     : Python爬虫成功获取 5 门课程
2025-11-24 10:57:57.064  INFO 5908 --- [http-nio-8080-exec-1] c.d.learnbuddy.service.CourseService     : 搜索结果: 1 门课程
2025-11-24 10:57:57.066  INFO 5908 --- [http-nio-8080-exec-1] c.d.l.controller.CourseController        : 搜索结果数量: 1
2025-11-24 10:58:11.206  INFO 5908 --- [http-nio-8080-exec-3] c.d.l.controller.CourseController        : 收到手动抓取课程请求
2025-11-24 10:58:11.207  INFO 5908 --- [http-nio-8080-exec-3] c.d.learnbuddy.service.CourseService     : 找到Python脚本: D:\001_ZJNUThird\ai-learning-partner\ai-learning-partner\learn-buddy-backend\python-crawler\run_scraper.py
2025-11-24 10:58:11.268  INFO 5908 --- [http-nio-8080-exec-3] c.d.learnbuddy.service.CourseService     : 检测到Python命令: python
2025-11-24 10:58:11.271  INFO 5908 --- [http-nio-8080-exec-3] c.d.learnbuddy.service.CourseService     : 使用Python命令: python, 脚本: D:\001_ZJNUThird\ai-learning-partner\ai-learning-partner\learn-buddy-backend\python-crawler\run_scraper.py
2025-11-24 10:58:12.565 DEBUG 5908 --- [http-nio-8080-exec-3] c.d.learnbuddy.service.CourseService     : Python输出: [
2025-11-24 10:58:12.566 DEBUG 5908 --- [http-nio-8080-exec-3] c.d.learnbuddy.service.CourseService     : Python输出:   {
2025-11-24 10:58:12.566 DEBUG 5908 --- [http-nio-8080-exec-3] c.d.learnbuddy.service.CourseService     : Python输出:     "title": "Python���Գ������",
2025-11-24 10:58:12.567 DEBUG 5908 --- [http-nio-8080-exec-3] c.d.learnbuddy.service.CourseService     : Python输出:     "university": "��������ѧ",
2025-11-24 10:58:12.567 DEBUG 5908 --- [http-nio-8080-exec-3] c.d.learnbuddy.service.CourseService     : Python输出:     "instructor": "����",
2025-11-24 10:58:12.567 DEBUG 5908 --- [http-nio-8080-exec-3] c.d.learnbuddy.service.CourseService     : Python输出:     "imageUrl": "https://picsum.photos/400/200?random=1001",
2025-11-24 10:58:12.568 DEBUG 5908 --- [http-nio-8080-exec-3] c.d.learnbuddy.service.CourseService     : Python输出:     "courseLink": "https://www.icourse163.org/course/BIT-268001",
2025-11-24 10:58:12.568 DEBUG 5908 --- [http-nio-8080-exec-3] c.d.learnbuddy.service.CourseService     : Python输出:     "platform": "icourse163",
2025-11-24 10:58:12.568 DEBUG 5908 --- [http-nio-8080-exec-3] c.d.learnbuddy.service.CourseService     : Python输出:     "category": "�����",
2025-11-24 10:58:12.569 DEBUG 5908 --- [http-nio-8080-exec-3] c.d.learnbuddy.service.CourseService     : Python输出:     "difficulty": "beginner"
2025-11-24 10:58:12.569 DEBUG 5908 --- [http-nio-8080-exec-3] c.d.learnbuddy.service.CourseService     : Python输出:   },
2025-11-24 10:58:12.569 DEBUG 5908 --- [http-nio-8080-exec-3] c.d.learnbuddy.service.CourseService     : Python输出:   {
2025-11-24 10:58:12.570 DEBUG 5908 --- [http-nio-8080-exec-3] c.d.learnbuddy.service.CourseService     : Python输出:     "title": "Java�������",
2025-11-24 10:58:12.570 DEBUG 5908 --- [http-nio-8080-exec-3] c.d.learnbuddy.service.CourseService     : Python输出:     "university": "�㽭��ѧ",
2025-11-24 10:58:12.571 DEBUG 5908 --- [http-nio-8080-exec-3] c.d.learnbuddy.service.CourseService     : Python输出:     "instructor": "����",
2025-11-24 10:58:12.571 DEBUG 5908 --- [http-nio-8080-exec-3] c.d.learnbuddy.service.CourseService     : Python输出:     "imageUrl": "https://picsum.photos/400/200?random=1002",
2025-11-24 10:58:12.571 DEBUG 5908 --- [http-nio-8080-exec-3] c.d.learnbuddy.service.CourseService     : Python输出:     "courseLink": "https://www.icourse163.org/course/ZJU-1001541001",
2025-11-24 10:58:12.571 DEBUG 5908 --- [http-nio-8080-exec-3] c.d.learnbuddy.service.CourseService     : Python输出:     "platform": "icourse163",
2025-11-24 10:58:12.572 DEBUG 5908 --- [http-nio-8080-exec-3] c.d.learnbuddy.service.CourseService     : Python输出:     "category": "�����",
2025-11-24 10:58:12.572 DEBUG 5908 --- [http-nio-8080-exec-3] c.d.learnbuddy.service.CourseService     : Python输出:     "difficulty": "beginner"
2025-11-24 10:58:12.572 DEBUG 5908 --- [http-nio-8080-exec-3] c.d.learnbuddy.service.CourseService     : Python输出:   },
2025-11-24 10:58:12.572 DEBUG 5908 --- [http-nio-8080-exec-3] c.d.learnbuddy.service.CourseService     : Python输出:   {
2025-11-24 10:58:12.572 DEBUG 5908 --- [http-nio-8080-exec-3] c.d.learnbuddy.service.CourseService     : Python输出:     "title": "���ݽṹ",
2025-11-24 10:58:12.572 DEBUG 5908 --- [http-nio-8080-exec-3] c.d.learnbuddy.service.CourseService     : Python输出:     "university": "�廪��ѧ",
2025-11-24 10:58:12.572 DEBUG 5908 --- [http-nio-8080-exec-3] c.d.learnbuddy.service.CourseService     : Python输出:     "instructor": "�˿���",
2025-11-24 10:58:12.572 DEBUG 5908 --- [http-nio-8080-exec-3] c.d.learnbuddy.service.CourseService     : Python输出:     "imageUrl": "https://picsum.photos/400/200?random=1003",
2025-11-24 10:58:12.573 DEBUG 5908 --- [http-nio-8080-exec-3] c.d.learnbuddy.service.CourseService     : Python输出:     "courseLink": "https://www.icourse163.org/course/THU-1001539001",
2025-11-24 10:58:12.573 DEBUG 5908 --- [http-nio-8080-exec-3] c.d.learnbuddy.service.CourseService     : Python输出:     "platform": "icourse163",
2025-11-24 10:58:12.573 DEBUG 5908 --- [http-nio-8080-exec-3] c.d.learnbuddy.service.CourseService     : Python输出:     "category": "�����",
2025-11-24 10:58:12.573 DEBUG 5908 --- [http-nio-8080-exec-3] c.d.learnbuddy.service.CourseService     : Python输出:     "difficulty": "intermediate"
2025-11-24 10:58:12.573 DEBUG 5908 --- [http-nio-8080-exec-3] c.d.learnbuddy.service.CourseService     : Python输出:   },
2025-11-24 10:58:12.573 DEBUG 5908 --- [http-nio-8080-exec-3] c.d.learnbuddy.service.CourseService     : Python输出:   {
2025-11-24 10:58:12.573 DEBUG 5908 --- [http-nio-8080-exec-3] c.d.learnbuddy.service.CourseService     : Python输出:     "title": "����ѧϰ",
2025-11-24 10:58:12.573 DEBUG 5908 --- [http-nio-8080-exec-3] c.d.learnbuddy.service.CourseService     : Python输出:     "university": "������ѧ",
2025-11-24 10:58:12.573 DEBUG 5908 --- [http-nio-8080-exec-3] c.d.learnbuddy.service.CourseService     : Python输出:     "instructor": "������",
2025-11-24 10:58:12.573 DEBUG 5908 --- [http-nio-8080-exec-3] c.d.learnbuddy.service.CourseService     : Python输出:     "imageUrl": "https://picsum.photos/400/200?random=1004",
2025-11-24 10:58:12.573 DEBUG 5908 --- [http-nio-8080-exec-3] c.d.learnbuddy.service.CourseService     : Python输出:     "courseLink": "https://www.icourse163.org/course/FUDAN-1001539001",
2025-11-24 10:58:12.573 DEBUG 5908 --- [http-nio-8080-exec-3] c.d.learnbuddy.service.CourseService     : Python输出:     "platform": "icourse163",
2025-11-24 10:58:12.573 DEBUG 5908 --- [http-nio-8080-exec-3] c.d.learnbuddy.service.CourseService     : Python输出:     "category": "�����",
2025-11-24 10:58:12.574 DEBUG 5908 --- [http-nio-8080-exec-3] c.d.learnbuddy.service.CourseService     : Python输出:     "difficulty": "advanced"
2025-11-24 10:58:12.574 DEBUG 5908 --- [http-nio-8080-exec-3] c.d.learnbuddy.service.CourseService     : Python输出:   },
2025-11-24 10:58:12.574 DEBUG 5908 --- [http-nio-8080-exec-3] c.d.learnbuddy.service.CourseService     : Python输出:   {
2025-11-24 10:58:12.574 DEBUG 5908 --- [http-nio-8080-exec-3] c.d.learnbuddy.service.CourseService     : Python输出:     "title": "Webǰ�˿���",
2025-11-24 10:58:12.574 DEBUG 5908 --- [http-nio-8080-exec-3] c.d.learnbuddy.service.CourseService     : Python输出:     "university": "������ѧ",
2025-11-24 10:58:12.574 DEBUG 5908 --- [http-nio-8080-exec-3] c.d.learnbuddy.service.CourseService     : Python输出:     "instructor": "���",
2025-11-24 10:58:12.574 DEBUG 5908 --- [http-nio-8080-exec-3] c.d.learnbuddy.service.CourseService     : Python输出:     "imageUrl": "https://picsum.photos/400/200?random=1005",
2025-11-24 10:58:12.574 DEBUG 5908 --- [http-nio-8080-exec-3] c.d.learnbuddy.service.CourseService     : Python输出:     "courseLink": "https://www.icourse163.org/course/PKU-1001541001",
2025-11-24 10:58:12.574 DEBUG 5908 --- [http-nio-8080-exec-3] c.d.learnbuddy.service.CourseService     : Python输出:     "platform": "icourse163",
2025-11-24 10:58:12.574 DEBUG 5908 --- [http-nio-8080-exec-3] c.d.learnbuddy.service.CourseService     : Python输出:     "category": "�����",
2025-11-24 10:58:12.574 DEBUG 5908 --- [http-nio-8080-exec-3] c.d.learnbuddy.service.CourseService     : Python输出:     "difficulty": "intermediate"
2025-11-24 10:58:12.574 DEBUG 5908 --- [http-nio-8080-exec-3] c.d.learnbuddy.service.CourseService     : Python输出:   }
2025-11-24 10:58:12.575 DEBUG 5908 --- [http-nio-8080-exec-3] c.d.learnbuddy.service.CourseService     : Python输出: ]
2025-11-24 10:58:12.598  INFO 5908 --- [http-nio-8080-exec-3] c.d.learnbuddy.service.CourseService     : Python进程退出码: 0
2025-11-24 10:58:12.598  INFO 5908 --- [http-nio-8080-exec-3] c.d.learnbuddy.service.CourseService     : Python爬虫成功获取 5 门课程
2025-11-24 10:58:12.598  INFO 5908 --- [http-nio-8080-exec-3] c.d.l.controller.CourseController        : 抓取课程返回数量: 5
2025-11-24 11:17:01.830  INFO 38212 --- [main] c.d.l.LearnBuddyBackendApplication       : Starting LearnBuddyBackendApplication using Java 21.0.7 on LAPTOP-2IOG7FMP with PID 38212 (D:\001_ZJNUThird\ai-learning-partner\ai-learning-partner\learn-buddy-backend\target\classes started by jasmine in D:\001_ZJNUThird\ai-learning-partner\ai-learning-partner\learn-buddy-backend)
2025-11-24 11:17:01.832 DEBUG 38212 --- [main] c.d.l.LearnBuddyBackendApplication       : Running with Spring Boot v2.7.18, Spring v5.3.31
2025-11-24 11:17:01.832  INFO 38212 --- [main] c.d.l.LearnBuddyBackendApplication       : No active profile set, falling back to 1 default profile: "default"
2025-11-24 11:17:02.130  INFO 38212 --- [main] .s.d.r.c.RepositoryConfigurationDelegate : Bootstrapping Spring Data JPA repositories in DEFAULT mode.
2025-11-24 11:17:02.163  INFO 38212 --- [main] .s.d.r.c.RepositoryConfigurationDelegate : Finished Spring Data repository scanning in 29 ms. Found 9 JPA repository interfaces.
2025-11-24 11:17:02.427  INFO 38212 --- [main] o.s.b.w.embedded.tomcat.TomcatWebServer  : Tomcat initialized with port(s): 8080 (http)
2025-11-24 11:17:02.427  INFO 38212 --- [main] o.a.catalina.core.AprLifecycleListener   : Loaded Apache Tomcat Native library [2.0.8] using APR version [1.7.4].
2025-11-24 11:17:02.427  INFO 38212 --- [main] o.a.catalina.core.AprLifecycleListener   : APR capabilities: IPv6 [true], sendfile [true], accept filters [false], random [true], UDS [true].
2025-11-24 11:17:02.429  INFO 38212 --- [main] o.a.catalina.core.AprLifecycleListener   : APR/OpenSSL configuration: useAprConnector [false], useOpenSSL [true]
2025-11-24 11:17:02.433  INFO 38212 --- [main] o.a.catalina.core.AprLifecycleListener   : OpenSSL successfully initialized [OpenSSL 3.0.14 4 Jun 2024]
2025-11-24 11:17:02.439  INFO 38212 --- [main] o.apache.catalina.core.StandardService   : Starting service [Tomcat]
2025-11-24 11:17:02.439  INFO 38212 --- [main] org.apache.catalina.core.StandardEngine  : Starting Servlet engine: [Apache Tomcat/9.0.83]
2025-11-24 11:17:02.520  INFO 38212 --- [main] o.a.c.c.C.[Tomcat].[localhost].[/]       : Initializing Spring embedded WebApplicationContext
2025-11-24 11:17:02.520  INFO 38212 --- [main] w.s.c.ServletWebServerApplicationContext : Root WebApplicationContext: initialization completed in 662 ms
2025-11-24 11:17:02.603  INFO 38212 --- [main] o.hibernate.jpa.internal.util.LogHelper  : HHH000204: Processing PersistenceUnitInfo [name: default]
2025-11-24 11:17:02.636  INFO 38212 --- [main] org.hibernate.Version                    : HHH000412: Hibernate ORM core version 5.6.15.Final
2025-11-24 11:17:02.726  INFO 38212 --- [main] o.hibernate.annotations.common.Version   : HCANN000001: Hibernate Commons Annotations {5.1.2.Final}
2025-11-24 11:17:02.773  INFO 38212 --- [main] com.zaxxer.hikari.HikariDataSource       : HikariPool-1 - Starting...
2025-11-24 11:17:02.867  INFO 38212 --- [main] com.zaxxer.hikari.HikariDataSource       : HikariPool-1 - Start completed.
2025-11-24 11:17:02.884  INFO 38212 --- [main] org.hibernate.dialect.Dialect            : HHH000400: Using dialect: org.hibernate.dialect.MySQL8Dialect
2025-11-24 11:17:03.325  INFO 38212 --- [main] o.h.e.t.j.p.i.JtaPlatformInitiator       : HHH000490: Using JtaPlatform implementation: [org.hibernate.engine.transaction.jta.platform.internal.NoJtaPlatform]
2025-11-24 11:17:03.332  INFO 38212 --- [main] j.LocalContainerEntityManagerFactoryBean : Initialized JPA EntityManagerFactory for persistence unit 'default'
2025-11-24 11:17:03.683  WARN 38212 --- [main] JpaBaseConfiguration$JpaWebConfiguration : spring.jpa.open-in-view is enabled by default. Therefore, database queries may be performed during view rendering. Explicitly configure spring.jpa.open-in-view to disable this warning
2025-11-24 11:17:03.843  INFO 38212 --- [main] o.s.b.w.embedded.tomcat.TomcatWebServer  : Tomcat started on port(s): 8080 (http) with context path ''
2025-11-24 11:17:03.847  INFO 38212 --- [main] c.d.l.LearnBuddyBackendApplication       : Started LearnBuddyBackendApplication in 2.203 seconds (JVM running for 2.422)
2025-11-24 11:17:46.405  INFO 38212 --- [http-nio-8080-exec-1] o.a.c.c.C.[Tomcat].[localhost].[/]       : Initializing Spring DispatcherServlet 'dispatcherServlet'
2025-11-24 11:17:46.405  INFO 38212 --- [http-nio-8080-exec-1] o.s.web.servlet.DispatcherServlet        : Initializing Servlet 'dispatcherServlet'
2025-11-24 11:17:46.407  INFO 38212 --- [http-nio-8080-exec-1] o.s.web.servlet.DispatcherServlet        : Completed initialization in 1 ms
2025-11-24 11:17:46.440  INFO 38212 --- [http-nio-8080-exec-2] c.d.l.controller.CourseController        : 收到获取推荐课程请求
2025-11-24 11:17:46.441  INFO 38212 --- [http-nio-8080-exec-2] c.d.learnbuddy.service.CourseService     : 找到Python脚本: D:\001_ZJNUThird\ai-learning-partner\ai-learning-partner\learn-buddy-backend\python-crawler\run_scraper.py
2025-11-24 11:17:46.506  INFO 38212 --- [http-nio-8080-exec-2] c.d.learnbuddy.service.CourseService     : 检测到Python命令: python
2025-11-24 11:17:46.507  INFO 38212 --- [http-nio-8080-exec-2] c.d.learnbuddy.service.CourseService     : 使用Python命令: python, 脚本: D:\001_ZJNUThird\ai-learning-partner\ai-learning-partner\learn-buddy-backend\python-crawler\run_scraper.py
2025-11-24 11:17:48.202 DEBUG 38212 --- [http-nio-8080-exec-2] c.d.learnbuddy.service.CourseService     : Python输出: [
2025-11-24 11:17:48.203 DEBUG 38212 --- [http-nio-8080-exec-2] c.d.learnbuddy.service.CourseService     : Python输出:   {
2025-11-24 11:17:48.203 DEBUG 38212 --- [http-nio-8080-exec-2] c.d.learnbuddy.service.CourseService     : Python输出:     "title": "Python语言程序设计",
2025-11-24 11:17:48.203 DEBUG 38212 --- [http-nio-8080-exec-2] c.d.learnbuddy.service.CourseService     : Python输出:     "university": "北京理工大学",
2025-11-24 11:17:48.204 DEBUG 38212 --- [http-nio-8080-exec-2] c.d.learnbuddy.service.CourseService     : Python输出:     "instructor": "嵩天",
2025-11-24 11:17:48.205 DEBUG 38212 --- [http-nio-8080-exec-2] c.d.learnbuddy.service.CourseService     : Python输出:     "imageUrl": "https://picsum.photos/400/200?random=1001",
2025-11-24 11:17:48.205 DEBUG 38212 --- [http-nio-8080-exec-2] c.d.learnbuddy.service.CourseService     : Python输出:     "courseLink": "https://www.icourse163.org/course/BIT-268001",
2025-11-24 11:17:48.206 DEBUG 38212 --- [http-nio-8080-exec-2] c.d.learnbuddy.service.CourseService     : Python输出:     "platform": "icourse163",
2025-11-24 11:17:48.208 DEBUG 38212 --- [http-nio-8080-exec-2] c.d.learnbuddy.service.CourseService     : Python输出:     "category": "计算机",
2025-11-24 11:17:48.208 DEBUG 38212 --- [http-nio-8080-exec-2] c.d.learnbuddy.service.CourseService     : Python输出:     "difficulty": "beginner"
2025-11-24 11:17:48.208 DEBUG 38212 --- [http-nio-8080-exec-2] c.d.learnbuddy.service.CourseService     : Python输出:   },
2025-11-24 11:17:48.208 DEBUG 38212 --- [http-nio-8080-exec-2] c.d.learnbuddy.service.CourseService     : Python输出:   {
2025-11-24 11:17:48.208 DEBUG 38212 --- [http-nio-8080-exec-2] c.d.learnbuddy.service.CourseService     : Python输出:     "title": "Java程序设计",
2025-11-24 11:17:48.208 DEBUG 38212 --- [http-nio-8080-exec-2] c.d.learnbuddy.service.CourseService     : Python输出:     "university": "浙江大学",
2025-11-24 11:17:48.209 DEBUG 38212 --- [http-nio-8080-exec-2] c.d.learnbuddy.service.CourseService     : Python输出:     "instructor": "翁恺",
2025-11-24 11:17:48.209 DEBUG 38212 --- [http-nio-8080-exec-2] c.d.learnbuddy.service.CourseService     : Python输出:     "imageUrl": "https://picsum.photos/400/200?random=1002",
2025-11-24 11:17:48.209 DEBUG 38212 --- [http-nio-8080-exec-2] c.d.learnbuddy.service.CourseService     : Python输出:     "courseLink": "https://www.icourse163.org/course/ZJU-1001541001",
2025-11-24 11:17:48.210 DEBUG 38212 --- [http-nio-8080-exec-2] c.d.learnbuddy.service.CourseService     : Python输出:     "platform": "icourse163",
2025-11-24 11:17:48.210 DEBUG 38212 --- [http-nio-8080-exec-2] c.d.learnbuddy.service.CourseService     : Python输出:     "category": "计算机",
2025-11-24 11:17:48.210 DEBUG 38212 --- [http-nio-8080-exec-2] c.d.learnbuddy.service.CourseService     : Python输出:     "difficulty": "beginner"
2025-11-24 11:17:48.210 DEBUG 38212 --- [http-nio-8080-exec-2] c.d.learnbuddy.service.CourseService     : Python输出:   },
2025-11-24 11:17:48.211 DEBUG 38212 --- [http-nio-8080-exec-2] c.d.learnbuddy.service.CourseService     : Python输出:   {
2025-11-24 11:17:48.211 DEBUG 38212 --- [http-nio-8080-exec-2] c.d.learnbuddy.service.CourseService     : Python输出:     "title": "数据结构",
2025-11-24 11:17:48.211 DEBUG 38212 --- [http-nio-8080-exec-2] c.d.learnbuddy.service.CourseService     : Python输出:     "university": "清华大学",
2025-11-24 11:17:48.211 DEBUG 38212 --- [http-nio-8080-exec-2] c.d.learnbuddy.service.CourseService     : Python输出:     "instructor": "邓俊辉",
2025-11-24 11:17:48.212 DEBUG 38212 --- [http-nio-8080-exec-2] c.d.learnbuddy.service.CourseService     : Python输出:     "imageUrl": "https://picsum.photos/400/200?random=1003",
2025-11-24 11:17:48.214 DEBUG 38212 --- [http-nio-8080-exec-2] c.d.learnbuddy.service.CourseService     : Python输出:     "courseLink": "https://www.icourse163.org/course/THU-1001539001",
2025-11-24 11:17:48.214 DEBUG 38212 --- [http-nio-8080-exec-2] c.d.learnbuddy.service.CourseService     : Python输出:     "platform": "icourse163",
2025-11-24 11:17:48.214 DEBUG 38212 --- [http-nio-8080-exec-2] c.d.learnbuddy.service.CourseService     : Python输出:     "category": "计算机",
2025-11-24 11:17:48.216 DEBUG 38212 --- [http-nio-8080-exec-2] c.d.learnbuddy.service.CourseService     : Python输出:     "difficulty": "intermediate"
2025-11-24 11:17:48.216 DEBUG 38212 --- [http-nio-8080-exec-2] c.d.learnbuddy.service.CourseService     : Python输出:   },
2025-11-24 11:17:48.216 DEBUG 38212 --- [http-nio-8080-exec-2] c.d.learnbuddy.service.CourseService     : Python输出:   {
2025-11-24 11:17:48.216 DEBUG 38212 --- [http-nio-8080-exec-2] c.d.learnbuddy.service.CourseService     : Python输出:     "title": "机器学习",
2025-11-24 11:17:48.217 DEBUG 38212 --- [http-nio-8080-exec-2] c.d.learnbuddy.service.CourseService     : Python输出:     "university": "复旦大学",
2025-11-24 11:17:48.217 DEBUG 38212 --- [http-nio-8080-exec-2] c.d.learnbuddy.service.CourseService     : Python输出:     "instructor": "吴立德",
2025-11-24 11:17:48.217 DEBUG 38212 --- [http-nio-8080-exec-2] c.d.learnbuddy.service.CourseService     : Python输出:     "imageUrl": "https://picsum.photos/400/200?random=1004",
2025-11-24 11:17:48.219 DEBUG 38212 --- [http-nio-8080-exec-2] c.d.learnbuddy.service.CourseService     : Python输出:     "courseLink": "https://www.icourse163.org/course/FUDAN-1001539001",
2025-11-24 11:17:48.220 DEBUG 38212 --- [http-nio-8080-exec-2] c.d.learnbuddy.service.CourseService     : Python输出:     "platform": "icourse163",
2025-11-24 11:17:48.221 DEBUG 38212 --- [http-nio-8080-exec-2] c.d.learnbuddy.service.CourseService     : Python输出:     "category": "计算机",
2025-11-24 11:17:48.223 DEBUG 38212 --- [http-nio-8080-exec-2] c.d.learnbuddy.service.CourseService     : Python输出:     "difficulty": "advanced"
2025-11-24 11:17:48.223 DEBUG 38212 --- [http-nio-8080-exec-2] c.d.learnbuddy.service.CourseService     : Python输出:   },
2025-11-24 11:17:48.224 DEBUG 38212 --- [http-nio-8080-exec-2] c.d.learnbuddy.service.CourseService     : Python输出:   {
2025-11-24 11:17:48.225 DEBUG 38212 --- [http-nio-8080-exec-2] c.d.learnbuddy.service.CourseService     : Python输出:     "title": "Web前端开发",
2025-11-24 11:17:48.227 DEBUG 38212 --- [http-nio-8080-exec-2] c.d.learnbuddy.service.CourseService     : Python输出:     "university": "北京大学",
2025-11-24 11:17:48.228 DEBUG 38212 --- [http-nio-8080-exec-2] c.d.learnbuddy.service.CourseService     : Python输出:     "instructor": "李戈",
2025-11-24 11:17:48.229 DEBUG 38212 --- [http-nio-8080-exec-2] c.d.learnbuddy.service.CourseService     : Python输出:     "imageUrl": "https://picsum.photos/400/200?random=1005",
2025-11-24 11:17:48.231 DEBUG 38212 --- [http-nio-8080-exec-2] c.d.learnbuddy.service.CourseService     : Python输出:     "courseLink": "https://www.icourse163.org/course/PKU-1001541001",
2025-11-24 11:17:48.232 DEBUG 38212 --- [http-nio-8080-exec-2] c.d.learnbuddy.service.CourseService     : Python输出:     "platform": "icourse163",
2025-11-24 11:17:48.234 DEBUG 38212 --- [http-nio-8080-exec-2] c.d.learnbuddy.service.CourseService     : Python输出:     "category": "计算机",
2025-11-24 11:17:48.235 DEBUG 38212 --- [http-nio-8080-exec-2] c.d.learnbuddy.service.CourseService     : Python输出:     "difficulty": "intermediate"
2025-11-24 11:17:48.236 DEBUG 38212 --- [http-nio-8080-exec-2] c.d.learnbuddy.service.CourseService     : Python输出:   }
2025-11-24 11:17:48.238 DEBUG 38212 --- [http-nio-8080-exec-2] c.d.learnbuddy.service.CourseService     : Python输出: ]
2025-11-24 11:17:48.247  INFO 38212 --- [http-nio-8080-exec-2] c.d.learnbuddy.service.CourseService     : Python进程退出码: 0
2025-11-24 11:17:48.249  INFO 38212 --- [http-nio-8080-exec-2] c.d.learnbuddy.service.CourseService     : Python输出长度: 1441 字符
2025-11-24 11:17:48.250 DEBUG 38212 --- [http-nio-8080-exec-2] c.d.learnbuddy.service.CourseService     : Python输出内容: [  {    "title": "Python语言程序设计",    "university": "北京理工大学",    "instructor": "嵩天",    "imageUrl": "https://picsum.photos/400/200?random=1001",    "courseLink": "https://www.icourse163.org/course/BIT-268001",    "platform": "icourse163",    "category": "计算机",    "difficulty": "beginner"  },  {    "title": "Java程序设计",    "university": "浙江大学",    "instructor": "翁恺",    "imageUrl": "https://picsum.photos/400/200?random=1002",    "courseLink": "https://www.icourse163.org/course/ZJU-1001541001",    "platform": "icourse163",    "category": "计算机",    "difficulty": "beginner"  },  {    "title": "数据结构",    "university": "清华大学",    "instructor": "邓俊辉",    "imageUrl": "https://picsum.photos/400/200?random=1003",    "courseLink": "https://www.icourse163.org/course/THU-1001539001",    "platform": "icourse163",    "category": "计算机",    "difficulty": "intermediate"  },  {    "title": "机器学习",    "university": "复旦大学",    "instructor": "吴立德",    "imageUrl": "https://picsum.photos/400/200?random=1004",    "courseLink": "https://www.icourse163.org/course/FUDAN-1001539001",    "platform": "icourse163",    "category": "计算机",    "difficulty": "advanced"  },  {    "title": "Web前端开发",    "university": "北京大学",    "instructor": "李戈",    "imageUrl": "https://picsum.photos/400/200?random=1005",    "courseLink": "https://www.icourse163.org/course/PKU-1001541001",    "platform": "icourse163",    "category": "计算机",    "difficulty": "intermediate"  }]
2025-11-24 11:17:48.284 DEBUG 38212 --- [http-nio-8080-exec-2] c.d.learnbuddy.service.CourseService     : 转换课程 - 标题: Python语言程序设计, 学校: 北京理工大学, 讲师: 嵩天
2025-11-24 11:17:48.285 DEBUG 38212 --- [http-nio-8080-exec-2] c.d.learnbuddy.service.CourseService     : 转换课程 - 标题: Java程序设计, 学校: 浙江大学, 讲师: 翁恺
2025-11-24 11:17:48.285 DEBUG 38212 --- [http-nio-8080-exec-2] c.d.learnbuddy.service.CourseService     : 转换课程 - 标题: 数据结构, 学校: 清华大学, 讲师: 邓俊辉
2025-11-24 11:17:48.285 DEBUG 38212 --- [http-nio-8080-exec-2] c.d.learnbuddy.service.CourseService     : 转换课程 - 标题: 机器学习, 学校: 复旦大学, 讲师: 吴立德
2025-11-24 11:17:48.286 DEBUG 38212 --- [http-nio-8080-exec-2] c.d.learnbuddy.service.CourseService     : 转换课程 - 标题: Web前端开发, 学校: 北京大学, 讲师: 李戈
2025-11-24 11:17:48.286  INFO 38212 --- [http-nio-8080-exec-2] c.d.learnbuddy.service.CourseService     : Python解析到 5 门课程
2025-11-24 11:17:48.286 DEBUG 38212 --- [http-nio-8080-exec-2] c.d.learnbuddy.service.CourseService     : 课程 1: Python语言程序设计
2025-11-24 11:17:48.287 DEBUG 38212 --- [http-nio-8080-exec-2] c.d.learnbuddy.service.CourseService     : 课程 2: Java程序设计
2025-11-24 11:17:48.287 DEBUG 38212 --- [http-nio-8080-exec-2] c.d.learnbuddy.service.CourseService     : 课程 3: 数据结构
2025-11-24 11:17:48.287  INFO 38212 --- [http-nio-8080-exec-2] c.d.learnbuddy.service.CourseService     : Python爬虫成功获取 5 门课程
2025-11-24 11:17:48.288  INFO 38212 --- [http-nio-8080-exec-2] c.d.l.controller.CourseController        : 返回推荐课程数量: 5
2025-11-24 11:18:37.737  INFO 38212 --- [http-nio-8080-exec-4] c.d.l.controller.CourseController        : 收到搜索课程请求 - keyword: 浙江大学, category: null, difficulty: null
2025-11-24 11:18:37.738  INFO 38212 --- [http-nio-8080-exec-4] c.d.learnbuddy.service.CourseService     : 找到Python脚本: D:\001_ZJNUThird\ai-learning-partner\ai-learning-partner\learn-buddy-backend\python-crawler\run_scraper.py
2025-11-24 11:18:37.831  INFO 38212 --- [http-nio-8080-exec-4] c.d.learnbuddy.service.CourseService     : 检测到Python命令: python
2025-11-24 11:18:37.833  INFO 38212 --- [http-nio-8080-exec-4] c.d.learnbuddy.service.CourseService     : 使用Python命令: python, 脚本: D:\001_ZJNUThird\ai-learning-partner\ai-learning-partner\learn-buddy-backend\python-crawler\run_scraper.py
2025-11-24 11:18:38.006 DEBUG 38212 --- [http-nio-8080-exec-4] c.d.learnbuddy.service.CourseService     : Python输出:   File "D:\001_ZJNUThird\ai-learning-partner\ai-learning-partner\learn-buddy-backend\python-crawler\run_scraper.py", line 112
2025-11-24 11:18:38.007 DEBUG 38212 --- [http-nio-8080-exec-4] c.d.learnbuddy.service.CourseService     : Python输出:     http://localhost:3004/
2025-11-24 11:18:38.007 DEBUG 38212 --- [http-nio-8080-exec-4] c.d.learnbuddy.service.CourseService     : Python输出:          ^^
2025-11-24 11:18:38.008 DEBUG 38212 --- [http-nio-8080-exec-4] c.d.learnbuddy.service.CourseService     : Python输出: SyntaxError: invalid syntax
2025-11-24 11:18:38.015  INFO 38212 --- [http-nio-8080-exec-4] c.d.learnbuddy.service.CourseService     : Python进程退出码: 1
2025-11-24 11:18:38.016  WARN 38212 --- [http-nio-8080-exec-4] c.d.learnbuddy.service.CourseService     : Python脚本执行失败，退出码: 1
2025-11-24 11:18:38.016  INFO 38212 --- [http-nio-8080-exec-4] c.d.learnbuddy.service.CourseService     : 使用Java爬虫尝试抓取icourse163课程
2025-11-24 11:18:39.286  INFO 38212 --- [http-nio-8080-exec-4] c.d.learnbuddy.service.CourseService     : 选择器 'a[href*='/course/']' 找到 0 个链接
2025-11-24 11:18:39.299  INFO 38212 --- [http-nio-8080-exec-4] c.d.learnbuddy.service.CourseService     : 选择器 'div.course-card a' 找到 0 个链接
2025-11-24 11:18:39.302  INFO 38212 --- [http-nio-8080-exec-4] c.d.learnbuddy.service.CourseService     : 选择器 '.g-box a' 找到 0 个链接
2025-11-24 11:18:39.304  INFO 38212 --- [http-nio-8080-exec-4] c.d.learnbuddy.service.CourseService     : 选择器 'a.course-link' 找到 0 个链接
2025-11-24 11:18:39.304  INFO 38212 --- [http-nio-8080-exec-4] c.d.learnbuddy.service.CourseService     : Java爬虫找到 0 门课程
2025-11-24 11:18:39.305  INFO 38212 --- [http-nio-8080-exec-4] c.d.learnbuddy.service.CourseService     : 使用模拟数据
2025-11-24 11:18:39.306  INFO 38212 --- [http-nio-8080-exec-4] c.d.learnbuddy.service.CourseService     : 生成 12 门模拟课程
2025-11-24 11:18:39.309  INFO 38212 --- [http-nio-8080-exec-4] c.d.learnbuddy.service.CourseService     : 搜索结果: 2 门课程
2025-11-24 11:18:39.311  INFO 38212 --- [http-nio-8080-exec-4] c.d.l.controller.CourseController        : 搜索结果数量: 2
2025-11-24 11:18:48.164  INFO 38212 --- [http-nio-8080-exec-6] c.d.l.controller.CourseController        : 收到搜索课程请求 - keyword: null, category: 计算机, difficulty: null
2025-11-24 11:18:48.166  INFO 38212 --- [http-nio-8080-exec-6] c.d.learnbuddy.service.CourseService     : 找到Python脚本: D:\001_ZJNUThird\ai-learning-partner\ai-learning-partner\learn-buddy-backend\python-crawler\run_scraper.py
2025-11-24 11:18:48.239  INFO 38212 --- [http-nio-8080-exec-6] c.d.learnbuddy.service.CourseService     : 检测到Python命令: python
2025-11-24 11:18:48.239  INFO 38212 --- [http-nio-8080-exec-6] c.d.learnbuddy.service.CourseService     : 使用Python命令: python, 脚本: D:\001_ZJNUThird\ai-learning-partner\ai-learning-partner\learn-buddy-backend\python-crawler\run_scraper.py
2025-11-24 11:18:48.407 DEBUG 38212 --- [http-nio-8080-exec-6] c.d.learnbuddy.service.CourseService     : Python输出:   File "D:\001_ZJNUThird\ai-learning-partner\ai-learning-partner\learn-buddy-backend\python-crawler\run_scraper.py", line 112
2025-11-24 11:18:48.410 DEBUG 38212 --- [http-nio-8080-exec-6] c.d.learnbuddy.service.CourseService     : Python输出:     http://localhost:3004/
2025-11-24 11:18:48.411 DEBUG 38212 --- [http-nio-8080-exec-6] c.d.learnbuddy.service.CourseService     : Python输出:          ^^
2025-11-24 11:18:48.411 DEBUG 38212 --- [http-nio-8080-exec-6] c.d.learnbuddy.service.CourseService     : Python输出: SyntaxError: invalid syntax
2025-11-24 11:18:48.411  INFO 38212 --- [http-nio-8080-exec-6] c.d.learnbuddy.service.CourseService     : Python进程退出码: 1
2025-11-24 11:18:48.412  WARN 38212 --- [http-nio-8080-exec-6] c.d.learnbuddy.service.CourseService     : Python脚本执行失败，退出码: 1
2025-11-24 11:18:48.412  INFO 38212 --- [http-nio-8080-exec-6] c.d.learnbuddy.service.CourseService     : 使用Java爬虫尝试抓取icourse163课程
2025-11-24 11:18:48.568  INFO 38212 --- [http-nio-8080-exec-6] c.d.learnbuddy.service.CourseService     : 选择器 'a[href*='/course/']' 找到 0 个链接
2025-11-24 11:18:48.570  INFO 38212 --- [http-nio-8080-exec-6] c.d.learnbuddy.service.CourseService     : 选择器 'div.course-card a' 找到 0 个链接
2025-11-24 11:18:48.570  INFO 38212 --- [http-nio-8080-exec-6] c.d.learnbuddy.service.CourseService     : 选择器 '.g-box a' 找到 0 个链接
2025-11-24 11:18:48.570  INFO 38212 --- [http-nio-8080-exec-6] c.d.learnbuddy.service.CourseService     : 选择器 'a.course-link' 找到 0 个链接
2025-11-24 11:18:48.571  INFO 38212 --- [http-nio-8080-exec-6] c.d.learnbuddy.service.CourseService     : Java爬虫找到 0 门课程
2025-11-24 11:18:48.571  INFO 38212 --- [http-nio-8080-exec-6] c.d.learnbuddy.service.CourseService     : 使用模拟数据
2025-11-24 11:18:48.572  INFO 38212 --- [http-nio-8080-exec-6] c.d.learnbuddy.service.CourseService     : 生成 12 门模拟课程
2025-11-24 11:18:48.572  INFO 38212 --- [http-nio-8080-exec-6] c.d.learnbuddy.service.CourseService     : 搜索结果: 10 门课程
2025-11-24 11:18:48.572  INFO 38212 --- [http-nio-8080-exec-6] c.d.l.controller.CourseController        : 搜索结果数量: 10
2025-11-24 11:18:54.182  INFO 38212 --- [http-nio-8080-exec-9] c.d.l.controller.CourseController        : 收到搜索课程请求 - keyword: null, category: 数学, difficulty: null
2025-11-24 11:18:54.183  INFO 38212 --- [http-nio-8080-exec-9] c.d.learnbuddy.service.CourseService     : 找到Python脚本: D:\001_ZJNUThird\ai-learning-partner\ai-learning-partner\learn-buddy-backend\python-crawler\run_scraper.py
2025-11-24 11:18:54.215  INFO 38212 --- [http-nio-8080-exec-9] c.d.learnbuddy.service.CourseService     : 检测到Python命令: python
2025-11-24 11:18:54.215  INFO 38212 --- [http-nio-8080-exec-9] c.d.learnbuddy.service.CourseService     : 使用Python命令: python, 脚本: D:\001_ZJNUThird\ai-learning-partner\ai-learning-partner\learn-buddy-backend\python-crawler\run_scraper.py
2025-11-24 11:18:54.359 DEBUG 38212 --- [http-nio-8080-exec-9] c.d.learnbuddy.service.CourseService     : Python输出:   File "D:\001_ZJNUThird\ai-learning-partner\ai-learning-partner\learn-buddy-backend\python-crawler\run_scraper.py", line 112
2025-11-24 11:18:54.359 DEBUG 38212 --- [http-nio-8080-exec-9] c.d.learnbuddy.service.CourseService     : Python输出:     http://localhost:3004/
2025-11-24 11:18:54.359 DEBUG 38212 --- [http-nio-8080-exec-9] c.d.learnbuddy.service.CourseService     : Python输出:          ^^
2025-11-24 11:18:54.361 DEBUG 38212 --- [http-nio-8080-exec-9] c.d.learnbuddy.service.CourseService     : Python输出: SyntaxError: invalid syntax
2025-11-24 11:18:54.369  INFO 38212 --- [http-nio-8080-exec-9] c.d.learnbuddy.service.CourseService     : Python进程退出码: 1
2025-11-24 11:18:54.370  WARN 38212 --- [http-nio-8080-exec-9] c.d.learnbuddy.service.CourseService     : Python脚本执行失败，退出码: 1
2025-11-24 11:18:54.370  INFO 38212 --- [http-nio-8080-exec-9] c.d.learnbuddy.service.CourseService     : 使用Java爬虫尝试抓取icourse163课程
2025-11-24 11:18:54.513  INFO 38212 --- [http-nio-8080-exec-9] c.d.learnbuddy.service.CourseService     : 选择器 'a[href*='/course/']' 找到 0 个链接
2025-11-24 11:18:54.514  INFO 38212 --- [http-nio-8080-exec-9] c.d.learnbuddy.service.CourseService     : 选择器 'div.course-card a' 找到 0 个链接
2025-11-24 11:18:54.515  INFO 38212 --- [http-nio-8080-exec-9] c.d.learnbuddy.service.CourseService     : 选择器 '.g-box a' 找到 0 个链接
2025-11-24 11:18:54.516  INFO 38212 --- [http-nio-8080-exec-9] c.d.learnbuddy.service.CourseService     : 选择器 'a.course-link' 找到 0 个链接
2025-11-24 11:18:54.517  INFO 38212 --- [http-nio-8080-exec-9] c.d.learnbuddy.service.CourseService     : Java爬虫找到 0 门课程
2025-11-24 11:18:54.518  INFO 38212 --- [http-nio-8080-exec-9] c.d.learnbuddy.service.CourseService     : 使用模拟数据
2025-11-24 11:18:54.520  INFO 38212 --- [http-nio-8080-exec-9] c.d.learnbuddy.service.CourseService     : 生成 12 门模拟课程
2025-11-24 11:18:54.520  INFO 38212 --- [http-nio-8080-exec-9] c.d.learnbuddy.service.CourseService     : 搜索结果: 2 门课程
2025-11-24 11:18:54.522  INFO 38212 --- [http-nio-8080-exec-9] c.d.l.controller.CourseController        : 搜索结果数量: 2
2025-11-24 11:18:58.400  INFO 38212 --- [http-nio-8080-exec-10] c.d.l.controller.CourseController        : 收到搜索课程请求 - keyword: null, category: 语言, difficulty: null
2025-11-24 11:18:58.401  INFO 38212 --- [http-nio-8080-exec-10] c.d.learnbuddy.service.CourseService     : 找到Python脚本: D:\001_ZJNUThird\ai-learning-partner\ai-learning-partner\learn-buddy-backend\python-crawler\run_scraper.py
2025-11-24 11:18:58.484  INFO 38212 --- [http-nio-8080-exec-10] c.d.learnbuddy.service.CourseService     : 检测到Python命令: python
2025-11-24 11:18:58.484  INFO 38212 --- [http-nio-8080-exec-10] c.d.learnbuddy.service.CourseService     : 使用Python命令: python, 脚本: D:\001_ZJNUThird\ai-learning-partner\ai-learning-partner\learn-buddy-backend\python-crawler\run_scraper.py
2025-11-24 11:18:58.617 DEBUG 38212 --- [http-nio-8080-exec-10] c.d.learnbuddy.service.CourseService     : Python输出:   File "D:\001_ZJNUThird\ai-learning-partner\ai-learning-partner\learn-buddy-backend\python-crawler\run_scraper.py", line 112
2025-11-24 11:18:58.618 DEBUG 38212 --- [http-nio-8080-exec-10] c.d.learnbuddy.service.CourseService     : Python输出:     http://localhost:3004/
2025-11-24 11:18:58.621 DEBUG 38212 --- [http-nio-8080-exec-10] c.d.learnbuddy.service.CourseService     : Python输出:          ^^
2025-11-24 11:18:58.621 DEBUG 38212 --- [http-nio-8080-exec-10] c.d.learnbuddy.service.CourseService     : Python输出: SyntaxError: invalid syntax
2025-11-24 11:18:58.623  INFO 38212 --- [http-nio-8080-exec-10] c.d.learnbuddy.service.CourseService     : Python进程退出码: 1
2025-11-24 11:18:58.623  WARN 38212 --- [http-nio-8080-exec-10] c.d.learnbuddy.service.CourseService     : Python脚本执行失败，退出码: 1
2025-11-24 11:18:58.623  INFO 38212 --- [http-nio-8080-exec-10] c.d.learnbuddy.service.CourseService     : 使用Java爬虫尝试抓取icourse163课程
2025-11-24 11:18:58.739  INFO 38212 --- [http-nio-8080-exec-10] c.d.learnbuddy.service.CourseService     : 选择器 'a[href*='/course/']' 找到 0 个链接
2025-11-24 11:18:58.740  INFO 38212 --- [http-nio-8080-exec-10] c.d.learnbuddy.service.CourseService     : 选择器 'div.course-card a' 找到 0 个链接
2025-11-24 11:18:58.741  INFO 38212 --- [http-nio-8080-exec-10] c.d.learnbuddy.service.CourseService     : 选择器 '.g-box a' 找到 0 个链接
2025-11-24 11:18:58.742  INFO 38212 --- [http-nio-8080-exec-10] c.d.learnbuddy.service.CourseService     : 选择器 'a.course-link' 找到 0 个链接
2025-11-24 11:18:58.742  INFO 38212 --- [http-nio-8080-exec-10] c.d.learnbuddy.service.CourseService     : Java爬虫找到 0 门课程
2025-11-24 11:18:58.742  INFO 38212 --- [http-nio-8080-exec-10] c.d.learnbuddy.service.CourseService     : 使用模拟数据
2025-11-24 11:18:58.742  INFO 38212 --- [http-nio-8080-exec-10] c.d.learnbuddy.service.CourseService     : 生成 12 门模拟课程
2025-11-24 11:18:58.743  INFO 38212 --- [http-nio-8080-exec-10] c.d.learnbuddy.service.CourseService     : 搜索结果: 0 门课程
2025-11-24 11:18:58.743  INFO 38212 --- [http-nio-8080-exec-10] c.d.l.controller.CourseController        : 搜索结果数量: 0
2025-11-24 11:19:02.117  INFO 38212 --- [http-nio-8080-exec-1] c.d.l.controller.CourseController        : 收到搜索课程请求 - keyword: null, category: 计算机, difficulty: null
2025-11-24 11:19:02.119  INFO 38212 --- [http-nio-8080-exec-1] c.d.learnbuddy.service.CourseService     : 找到Python脚本: D:\001_ZJNUThird\ai-learning-partner\ai-learning-partner\learn-buddy-backend\python-crawler\run_scraper.py
2025-11-24 11:19:02.170  INFO 38212 --- [http-nio-8080-exec-1] c.d.learnbuddy.service.CourseService     : 检测到Python命令: python
2025-11-24 11:19:02.174  INFO 38212 --- [http-nio-8080-exec-1] c.d.learnbuddy.service.CourseService     : 使用Python命令: python, 脚本: D:\001_ZJNUThird\ai-learning-partner\ai-learning-partner\learn-buddy-backend\python-crawler\run_scraper.py
2025-11-24 11:19:02.266 DEBUG 38212 --- [http-nio-8080-exec-1] c.d.learnbuddy.service.CourseService     : Python输出:   File "D:\001_ZJNUThird\ai-learning-partner\ai-learning-partner\learn-buddy-backend\python-crawler\run_scraper.py", line 112
2025-11-24 11:19:02.267 DEBUG 38212 --- [http-nio-8080-exec-1] c.d.learnbuddy.service.CourseService     : Python输出:     http://localhost:3004/
2025-11-24 11:19:02.267 DEBUG 38212 --- [http-nio-8080-exec-1] c.d.learnbuddy.service.CourseService     : Python输出:          ^^
2025-11-24 11:19:02.267 DEBUG 38212 --- [http-nio-8080-exec-1] c.d.learnbuddy.service.CourseService     : Python输出: SyntaxError: invalid syntax
2025-11-24 11:19:02.272  INFO 38212 --- [http-nio-8080-exec-1] c.d.learnbuddy.service.CourseService     : Python进程退出码: 1
2025-11-24 11:19:02.274  WARN 38212 --- [http-nio-8080-exec-1] c.d.learnbuddy.service.CourseService     : Python脚本执行失败，退出码: 1
2025-11-24 11:19:02.274  INFO 38212 --- [http-nio-8080-exec-1] c.d.learnbuddy.service.CourseService     : 使用Java爬虫尝试抓取icourse163课程
2025-11-24 11:19:02.402  INFO 38212 --- [http-nio-8080-exec-1] c.d.learnbuddy.service.CourseService     : 选择器 'a[href*='/course/']' 找到 0 个链接
2025-11-24 11:19:02.403  INFO 38212 --- [http-nio-8080-exec-1] c.d.learnbuddy.service.CourseService     : 选择器 'div.course-card a' 找到 0 个链接
2025-11-24 11:19:02.404  INFO 38212 --- [http-nio-8080-exec-1] c.d.learnbuddy.service.CourseService     : 选择器 '.g-box a' 找到 0 个链接
2025-11-24 11:19:02.404  INFO 38212 --- [http-nio-8080-exec-1] c.d.learnbuddy.service.CourseService     : 选择器 'a.course-link' 找到 0 个链接
2025-11-24 11:19:02.404  INFO 38212 --- [http-nio-8080-exec-1] c.d.learnbuddy.service.CourseService     : Java爬虫找到 0 门课程
2025-11-24 11:19:02.406  INFO 38212 --- [http-nio-8080-exec-1] c.d.learnbuddy.service.CourseService     : 使用模拟数据
2025-11-24 11:19:02.406  INFO 38212 --- [http-nio-8080-exec-1] c.d.learnbuddy.service.CourseService     : 生成 12 门模拟课程
2025-11-24 11:19:02.406  INFO 38212 --- [http-nio-8080-exec-1] c.d.learnbuddy.service.CourseService     : 搜索结果: 10 门课程
2025-11-24 11:19:02.406  INFO 38212 --- [http-nio-8080-exec-1] c.d.l.controller.CourseController        : 搜索结果数量: 10
2025-11-24 11:19:08.005  INFO 38212 --- [http-nio-8080-exec-8] c.d.l.controller.CourseController        : 收到搜索课程请求 - keyword: null, category: null, difficulty: null
2025-11-24 11:19:08.006  INFO 38212 --- [http-nio-8080-exec-8] c.d.learnbuddy.service.CourseService     : 找到Python脚本: D:\001_ZJNUThird\ai-learning-partner\ai-learning-partner\learn-buddy-backend\python-crawler\run_scraper.py
2025-11-24 11:19:08.065  INFO 38212 --- [http-nio-8080-exec-8] c.d.learnbuddy.service.CourseService     : 检测到Python命令: python
2025-11-24 11:19:08.066  INFO 38212 --- [http-nio-8080-exec-8] c.d.learnbuddy.service.CourseService     : 使用Python命令: python, 脚本: D:\001_ZJNUThird\ai-learning-partner\ai-learning-partner\learn-buddy-backend\python-crawler\run_scraper.py
2025-11-24 11:19:08.175 DEBUG 38212 --- [http-nio-8080-exec-8] c.d.learnbuddy.service.CourseService     : Python输出:   File "D:\001_ZJNUThird\ai-learning-partner\ai-learning-partner\learn-buddy-backend\python-crawler\run_scraper.py", line 112
2025-11-24 11:19:08.175 DEBUG 38212 --- [http-nio-8080-exec-8] c.d.learnbuddy.service.CourseService     : Python输出:     http://localhost:3004/
2025-11-24 11:19:08.176 DEBUG 38212 --- [http-nio-8080-exec-8] c.d.learnbuddy.service.CourseService     : Python输出:          ^^
2025-11-24 11:19:08.176 DEBUG 38212 --- [http-nio-8080-exec-8] c.d.learnbuddy.service.CourseService     : Python输出: SyntaxError: invalid syntax
2025-11-24 11:19:08.182  INFO 38212 --- [http-nio-8080-exec-8] c.d.learnbuddy.service.CourseService     : Python进程退出码: 1
2025-11-24 11:19:08.183  WARN 38212 --- [http-nio-8080-exec-8] c.d.learnbuddy.service.CourseService     : Python脚本执行失败，退出码: 1
2025-11-24 11:19:08.183  INFO 38212 --- [http-nio-8080-exec-8] c.d.learnbuddy.service.CourseService     : 使用Java爬虫尝试抓取icourse163课程
2025-11-24 11:19:08.333  INFO 38212 --- [http-nio-8080-exec-8] c.d.learnbuddy.service.CourseService     : 选择器 'a[href*='/course/']' 找到 0 个链接
2025-11-24 11:19:08.333  INFO 38212 --- [http-nio-8080-exec-8] c.d.learnbuddy.service.CourseService     : 选择器 'div.course-card a' 找到 0 个链接
2025-11-24 11:19:08.334  INFO 38212 --- [http-nio-8080-exec-8] c.d.learnbuddy.service.CourseService     : 选择器 '.g-box a' 找到 0 个链接
2025-11-24 11:19:08.336  INFO 38212 --- [http-nio-8080-exec-8] c.d.learnbuddy.service.CourseService     : 选择器 'a.course-link' 找到 0 个链接
2025-11-24 11:19:08.337  INFO 38212 --- [http-nio-8080-exec-8] c.d.learnbuddy.service.CourseService     : Java爬虫找到 0 门课程
2025-11-24 11:19:08.337  INFO 38212 --- [http-nio-8080-exec-8] c.d.learnbuddy.service.CourseService     : 使用模拟数据
2025-11-24 11:19:08.337  INFO 38212 --- [http-nio-8080-exec-8] c.d.learnbuddy.service.CourseService     : 生成 12 门模拟课程
2025-11-24 11:19:08.338  INFO 38212 --- [http-nio-8080-exec-8] c.d.learnbuddy.service.CourseService     : 搜索结果: 12 门课程
2025-11-24 11:19:08.338  INFO 38212 --- [http-nio-8080-exec-8] c.d.l.controller.CourseController        : 搜索结果数量: 12
2025-11-24 11:19:15.743  INFO 38212 --- [http-nio-8080-exec-4] c.d.l.controller.CourseController        : 收到搜索课程请求 - keyword: null, category: 计算机, difficulty: null
2025-11-24 11:19:15.746  INFO 38212 --- [http-nio-8080-exec-4] c.d.learnbuddy.service.CourseService     : 找到Python脚本: D:\001_ZJNUThird\ai-learning-partner\ai-learning-partner\learn-buddy-backend\python-crawler\run_scraper.py
2025-11-24 11:19:15.836  INFO 38212 --- [http-nio-8080-exec-4] c.d.learnbuddy.service.CourseService     : 检测到Python命令: python
2025-11-24 11:19:15.838  INFO 38212 --- [http-nio-8080-exec-4] c.d.learnbuddy.service.CourseService     : 使用Python命令: python, 脚本: D:\001_ZJNUThird\ai-learning-partner\ai-learning-partner\learn-buddy-backend\python-crawler\run_scraper.py
2025-11-24 11:19:16.023 DEBUG 38212 --- [http-nio-8080-exec-4] c.d.learnbuddy.service.CourseService     : Python输出:   File "D:\001_ZJNUThird\ai-learning-partner\ai-learning-partner\learn-buddy-backend\python-crawler\run_scraper.py", line 112
2025-11-24 11:19:16.024 DEBUG 38212 --- [http-nio-8080-exec-4] c.d.learnbuddy.service.CourseService     : Python输出:     http://localhost:3004/
2025-11-24 11:19:16.025 DEBUG 38212 --- [http-nio-8080-exec-4] c.d.learnbuddy.service.CourseService     : Python输出:          ^^
2025-11-24 11:19:16.026 DEBUG 38212 --- [http-nio-8080-exec-4] c.d.learnbuddy.service.CourseService     : Python输出: SyntaxError: invalid syntax
2025-11-24 11:19:16.033  INFO 38212 --- [http-nio-8080-exec-4] c.d.learnbuddy.service.CourseService     : Python进程退出码: 1
2025-11-24 11:19:16.033  WARN 38212 --- [http-nio-8080-exec-4] c.d.learnbuddy.service.CourseService     : Python脚本执行失败，退出码: 1
2025-11-24 11:19:16.033  INFO 38212 --- [http-nio-8080-exec-4] c.d.learnbuddy.service.CourseService     : 使用Java爬虫尝试抓取icourse163课程
2025-11-24 11:19:16.198  INFO 38212 --- [http-nio-8080-exec-4] c.d.learnbuddy.service.CourseService     : 选择器 'a[href*='/course/']' 找到 0 个链接
2025-11-24 11:19:16.200  INFO 38212 --- [http-nio-8080-exec-4] c.d.learnbuddy.service.CourseService     : 选择器 'div.course-card a' 找到 0 个链接
2025-11-24 11:19:16.201  INFO 38212 --- [http-nio-8080-exec-4] c.d.learnbuddy.service.CourseService     : 选择器 '.g-box a' 找到 0 个链接
2025-11-24 11:19:16.202  INFO 38212 --- [http-nio-8080-exec-4] c.d.learnbuddy.service.CourseService     : 选择器 'a.course-link' 找到 0 个链接
2025-11-24 11:19:16.204  INFO 38212 --- [http-nio-8080-exec-4] c.d.learnbuddy.service.CourseService     : Java爬虫找到 0 门课程
2025-11-24 11:19:16.205  INFO 38212 --- [http-nio-8080-exec-4] c.d.learnbuddy.service.CourseService     : 使用模拟数据
2025-11-24 11:19:16.205  INFO 38212 --- [http-nio-8080-exec-4] c.d.learnbuddy.service.CourseService     : 生成 12 门模拟课程
2025-11-24 11:19:16.206  INFO 38212 --- [http-nio-8080-exec-4] c.d.learnbuddy.service.CourseService     : 搜索结果: 10 门课程
2025-11-24 11:19:16.207  INFO 38212 --- [http-nio-8080-exec-4] c.d.l.controller.CourseController        : 搜索结果数量: 10
2025-11-24 11:19:20.014  INFO 38212 --- [http-nio-8080-exec-5] c.d.l.controller.CourseController        : 收到搜索课程请求 - keyword: null, category: 数学, difficulty: null
2025-11-24 11:19:20.015  INFO 38212 --- [http-nio-8080-exec-5] c.d.learnbuddy.service.CourseService     : 找到Python脚本: D:\001_ZJNUThird\ai-learning-partner\ai-learning-partner\learn-buddy-backend\python-crawler\run_scraper.py
2025-11-24 11:19:20.067  INFO 38212 --- [http-nio-8080-exec-5] c.d.learnbuddy.service.CourseService     : 检测到Python命令: python
2025-11-24 11:19:20.069  INFO 38212 --- [http-nio-8080-exec-5] c.d.learnbuddy.service.CourseService     : 使用Python命令: python, 脚本: D:\001_ZJNUThird\ai-learning-partner\ai-learning-partner\learn-buddy-backend\python-crawler\run_scraper.py
2025-11-24 11:19:20.254 DEBUG 38212 --- [http-nio-8080-exec-5] c.d.learnbuddy.service.CourseService     : Python输出:   File "D:\001_ZJNUThird\ai-learning-partner\ai-learning-partner\learn-buddy-backend\python-crawler\run_scraper.py", line 112
2025-11-24 11:19:20.256 DEBUG 38212 --- [http-nio-8080-exec-5] c.d.learnbuddy.service.CourseService     : Python输出:     http://localhost:3004/
2025-11-24 11:19:20.257 DEBUG 38212 --- [http-nio-8080-exec-5] c.d.learnbuddy.service.CourseService     : Python输出:          ^^
2025-11-24 11:19:20.258 DEBUG 38212 --- [http-nio-8080-exec-5] c.d.learnbuddy.service.CourseService     : Python输出: SyntaxError: invalid syntax
2025-11-24 11:19:20.262  INFO 38212 --- [http-nio-8080-exec-5] c.d.learnbuddy.service.CourseService     : Python进程退出码: 1
2025-11-24 11:19:20.264  WARN 38212 --- [http-nio-8080-exec-5] c.d.learnbuddy.service.CourseService     : Python脚本执行失败，退出码: 1
2025-11-24 11:19:20.264  INFO 38212 --- [http-nio-8080-exec-5] c.d.learnbuddy.service.CourseService     : 使用Java爬虫尝试抓取icourse163课程
2025-11-24 11:19:20.416  INFO 38212 --- [http-nio-8080-exec-5] c.d.learnbuddy.service.CourseService     : 选择器 'a[href*='/course/']' 找到 0 个链接
2025-11-24 11:19:20.417  INFO 38212 --- [http-nio-8080-exec-5] c.d.learnbuddy.service.CourseService     : 选择器 'div.course-card a' 找到 0 个链接
2025-11-24 11:19:20.418  INFO 38212 --- [http-nio-8080-exec-5] c.d.learnbuddy.service.CourseService     : 选择器 '.g-box a' 找到 0 个链接
2025-11-24 11:19:20.419  INFO 38212 --- [http-nio-8080-exec-5] c.d.learnbuddy.service.CourseService     : 选择器 'a.course-link' 找到 0 个链接
2025-11-24 11:19:20.419  INFO 38212 --- [http-nio-8080-exec-5] c.d.learnbuddy.service.CourseService     : Java爬虫找到 0 门课程
2025-11-24 11:19:20.420  INFO 38212 --- [http-nio-8080-exec-5] c.d.learnbuddy.service.CourseService     : 使用模拟数据
2025-11-24 11:19:20.421  INFO 38212 --- [http-nio-8080-exec-5] c.d.learnbuddy.service.CourseService     : 生成 12 门模拟课程
2025-11-24 11:19:20.421  INFO 38212 --- [http-nio-8080-exec-5] c.d.learnbuddy.service.CourseService     : 搜索结果: 2 门课程
2025-11-24 11:19:20.422  INFO 38212 --- [http-nio-8080-exec-5] c.d.l.controller.CourseController        : 搜索结果数量: 2
2025-11-24 11:19:23.285  INFO 38212 --- [http-nio-8080-exec-6] c.d.l.controller.CourseController        : 收到搜索课程请求 - keyword: null, category: 语言, difficulty: null
2025-11-24 11:19:23.287  INFO 38212 --- [http-nio-8080-exec-6] c.d.learnbuddy.service.CourseService     : 找到Python脚本: D:\001_ZJNUThird\ai-learning-partner\ai-learning-partner\learn-buddy-backend\python-crawler\run_scraper.py
2025-11-24 11:19:23.342  INFO 38212 --- [http-nio-8080-exec-6] c.d.learnbuddy.service.CourseService     : 检测到Python命令: python
2025-11-24 11:19:23.347  INFO 38212 --- [http-nio-8080-exec-6] c.d.learnbuddy.service.CourseService     : 使用Python命令: python, 脚本: D:\001_ZJNUThird\ai-learning-partner\ai-learning-partner\learn-buddy-backend\python-crawler\run_scraper.py
2025-11-24 11:19:23.534 DEBUG 38212 --- [http-nio-8080-exec-6] c.d.learnbuddy.service.CourseService     : Python输出:   File "D:\001_ZJNUThird\ai-learning-partner\ai-learning-partner\learn-buddy-backend\python-crawler\run_scraper.py", line 112
2025-11-24 11:19:23.535 DEBUG 38212 --- [http-nio-8080-exec-6] c.d.learnbuddy.service.CourseService     : Python输出:     http://localhost:3004/
2025-11-24 11:19:23.535 DEBUG 38212 --- [http-nio-8080-exec-6] c.d.learnbuddy.service.CourseService     : Python输出:          ^^
2025-11-24 11:19:23.535 DEBUG 38212 --- [http-nio-8080-exec-6] c.d.learnbuddy.service.CourseService     : Python输出: SyntaxError: invalid syntax
2025-11-24 11:19:23.540  INFO 38212 --- [http-nio-8080-exec-6] c.d.learnbuddy.service.CourseService     : Python进程退出码: 1
2025-11-24 11:19:23.540  WARN 38212 --- [http-nio-8080-exec-6] c.d.learnbuddy.service.CourseService     : Python脚本执行失败，退出码: 1
2025-11-24 11:19:23.541  INFO 38212 --- [http-nio-8080-exec-6] c.d.learnbuddy.service.CourseService     : 使用Java爬虫尝试抓取icourse163课程
2025-11-24 11:19:23.738  INFO 38212 --- [http-nio-8080-exec-6] c.d.learnbuddy.service.CourseService     : 选择器 'a[href*='/course/']' 找到 0 个链接
2025-11-24 11:19:23.738  INFO 38212 --- [http-nio-8080-exec-6] c.d.learnbuddy.service.CourseService     : 选择器 'div.course-card a' 找到 0 个链接
2025-11-24 11:19:23.739  INFO 38212 --- [http-nio-8080-exec-6] c.d.learnbuddy.service.CourseService     : 选择器 '.g-box a' 找到 0 个链接
2025-11-24 11:19:23.739  INFO 38212 --- [http-nio-8080-exec-6] c.d.learnbuddy.service.CourseService     : 选择器 'a.course-link' 找到 0 个链接
2025-11-24 11:19:23.739  INFO 38212 --- [http-nio-8080-exec-6] c.d.learnbuddy.service.CourseService     : Java爬虫找到 0 门课程
2025-11-24 11:19:23.739  INFO 38212 --- [http-nio-8080-exec-6] c.d.learnbuddy.service.CourseService     : 使用模拟数据
2025-11-24 11:19:23.739  INFO 38212 --- [http-nio-8080-exec-6] c.d.learnbuddy.service.CourseService     : 生成 12 门模拟课程
2025-11-24 11:19:23.739  INFO 38212 --- [http-nio-8080-exec-6] c.d.learnbuddy.service.CourseService     : 搜索结果: 0 门课程
2025-11-24 11:19:23.739  INFO 38212 --- [http-nio-8080-exec-6] c.d.l.controller.CourseController        : 搜索结果数量: 0
2025-11-24 11:19:26.429  INFO 38212 --- [http-nio-8080-exec-7] c.d.l.controller.CourseController        : 收到搜索课程请求 - keyword: null, category: null, difficulty: null
2025-11-24 11:19:26.433  INFO 38212 --- [http-nio-8080-exec-7] c.d.learnbuddy.service.CourseService     : 找到Python脚本: D:\001_ZJNUThird\ai-learning-partner\ai-learning-partner\learn-buddy-backend\python-crawler\run_scraper.py
2025-11-24 11:19:26.497  INFO 38212 --- [http-nio-8080-exec-7] c.d.learnbuddy.service.CourseService     : 检测到Python命令: python
2025-11-24 11:19:26.499  INFO 38212 --- [http-nio-8080-exec-7] c.d.learnbuddy.service.CourseService     : 使用Python命令: python, 脚本: D:\001_ZJNUThird\ai-learning-partner\ai-learning-partner\learn-buddy-backend\python-crawler\run_scraper.py
2025-11-24 11:19:26.669 DEBUG 38212 --- [http-nio-8080-exec-7] c.d.learnbuddy.service.CourseService     : Python输出:   File "D:\001_ZJNUThird\ai-learning-partner\ai-learning-partner\learn-buddy-backend\python-crawler\run_scraper.py", line 112
2025-11-24 11:19:26.671 DEBUG 38212 --- [http-nio-8080-exec-7] c.d.learnbuddy.service.CourseService     : Python输出:     http://localhost:3004/
2025-11-24 11:19:26.671 DEBUG 38212 --- [http-nio-8080-exec-7] c.d.learnbuddy.service.CourseService     : Python输出:          ^^
2025-11-24 11:19:26.671 DEBUG 38212 --- [http-nio-8080-exec-7] c.d.learnbuddy.service.CourseService     : Python输出: SyntaxError: invalid syntax
2025-11-24 11:19:26.678  INFO 38212 --- [http-nio-8080-exec-7] c.d.learnbuddy.service.CourseService     : Python进程退出码: 1
2025-11-24 11:19:26.678  WARN 38212 --- [http-nio-8080-exec-7] c.d.learnbuddy.service.CourseService     : Python脚本执行失败，退出码: 1
2025-11-24 11:19:26.678  INFO 38212 --- [http-nio-8080-exec-7] c.d.learnbuddy.service.CourseService     : 使用Java爬虫尝试抓取icourse163课程
2025-11-24 11:19:26.809  INFO 38212 --- [http-nio-8080-exec-7] c.d.learnbuddy.service.CourseService     : 选择器 'a[href*='/course/']' 找到 0 个链接
2025-11-24 11:19:26.811  INFO 38212 --- [http-nio-8080-exec-7] c.d.learnbuddy.service.CourseService     : 选择器 'div.course-card a' 找到 0 个链接
2025-11-24 11:19:26.814  INFO 38212 --- [http-nio-8080-exec-7] c.d.learnbuddy.service.CourseService     : 选择器 '.g-box a' 找到 0 个链接
2025-11-24 11:19:26.816  INFO 38212 --- [http-nio-8080-exec-7] c.d.learnbuddy.service.CourseService     : 选择器 'a.course-link' 找到 0 个链接
2025-11-24 11:19:26.816  INFO 38212 --- [http-nio-8080-exec-7] c.d.learnbuddy.service.CourseService     : Java爬虫找到 0 门课程
2025-11-24 11:19:26.817  INFO 38212 --- [http-nio-8080-exec-7] c.d.learnbuddy.service.CourseService     : 使用模拟数据
2025-11-24 11:19:26.821  INFO 38212 --- [http-nio-8080-exec-7] c.d.learnbuddy.service.CourseService     : 生成 12 门模拟课程
2025-11-24 11:19:26.823  INFO 38212 --- [http-nio-8080-exec-7] c.d.learnbuddy.service.CourseService     : 搜索结果: 12 门课程
2025-11-24 11:19:26.823  INFO 38212 --- [http-nio-8080-exec-7] c.d.l.controller.CourseController        : 搜索结果数量: 12
2025-11-24 11:19:47.527  INFO 38212 --- [http-nio-8080-exec-9] c.d.l.controller.CourseController        : 收到搜索课程请求 - keyword: null, category: 计算机, difficulty: null
2025-11-24 11:19:47.529  INFO 38212 --- [http-nio-8080-exec-9] c.d.learnbuddy.service.CourseService     : 找到Python脚本: D:\001_ZJNUThird\ai-learning-partner\ai-learning-partner\learn-buddy-backend\python-crawler\run_scraper.py
2025-11-24 11:19:47.577  INFO 38212 --- [http-nio-8080-exec-9] c.d.learnbuddy.service.CourseService     : 检测到Python命令: python
2025-11-24 11:19:47.578  INFO 38212 --- [http-nio-8080-exec-9] c.d.learnbuddy.service.CourseService     : 使用Python命令: python, 脚本: D:\001_ZJNUThird\ai-learning-partner\ai-learning-partner\learn-buddy-backend\python-crawler\run_scraper.py
2025-11-24 11:19:47.811 DEBUG 38212 --- [http-nio-8080-exec-9] c.d.learnbuddy.service.CourseService     : Python输出:   File "D:\001_ZJNUThird\ai-learning-partner\ai-learning-partner\learn-buddy-backend\python-crawler\run_scraper.py", line 112
2025-11-24 11:19:47.814 DEBUG 38212 --- [http-nio-8080-exec-9] c.d.learnbuddy.service.CourseService     : Python输出:     http://localhost:3004/
2025-11-24 11:19:47.815 DEBUG 38212 --- [http-nio-8080-exec-9] c.d.learnbuddy.service.CourseService     : Python输出:          ^^
2025-11-24 11:19:47.815 DEBUG 38212 --- [http-nio-8080-exec-9] c.d.learnbuddy.service.CourseService     : Python输出: SyntaxError: invalid syntax
2025-11-24 11:19:47.823  INFO 38212 --- [http-nio-8080-exec-9] c.d.learnbuddy.service.CourseService     : Python进程退出码: 1
2025-11-24 11:19:47.825  WARN 38212 --- [http-nio-8080-exec-9] c.d.learnbuddy.service.CourseService     : Python脚本执行失败，退出码: 1
2025-11-24 11:19:47.825  INFO 38212 --- [http-nio-8080-exec-9] c.d.learnbuddy.service.CourseService     : 使用Java爬虫尝试抓取icourse163课程
2025-11-24 11:19:47.979  INFO 38212 --- [http-nio-8080-exec-9] c.d.learnbuddy.service.CourseService     : 选择器 'a[href*='/course/']' 找到 0 个链接
2025-11-24 11:19:47.981  INFO 38212 --- [http-nio-8080-exec-9] c.d.learnbuddy.service.CourseService     : 选择器 'div.course-card a' 找到 0 个链接
2025-11-24 11:19:47.983  INFO 38212 --- [http-nio-8080-exec-9] c.d.learnbuddy.service.CourseService     : 选择器 '.g-box a' 找到 0 个链接
2025-11-24 11:19:47.985  INFO 38212 --- [http-nio-8080-exec-9] c.d.learnbuddy.service.CourseService     : 选择器 'a.course-link' 找到 0 个链接
2025-11-24 11:19:47.988  INFO 38212 --- [http-nio-8080-exec-9] c.d.learnbuddy.service.CourseService     : Java爬虫找到 0 门课程
2025-11-24 11:19:47.989  INFO 38212 --- [http-nio-8080-exec-9] c.d.learnbuddy.service.CourseService     : 使用模拟数据
2025-11-24 11:19:47.993  INFO 38212 --- [http-nio-8080-exec-9] c.d.learnbuddy.service.CourseService     : 生成 12 门模拟课程
2025-11-24 11:19:47.994  INFO 38212 --- [http-nio-8080-exec-9] c.d.learnbuddy.service.CourseService     : 搜索结果: 10 门课程
2025-11-24 11:19:48.002  INFO 38212 --- [http-nio-8080-exec-9] c.d.l.controller.CourseController        : 搜索结果数量: 10
2025-11-24 11:19:52.562  INFO 38212 --- [http-nio-8080-exec-3] c.d.l.controller.CourseController        : 收到搜索课程请求 - keyword: null, category: 数学, difficulty: null
2025-11-24 11:19:52.565  INFO 38212 --- [http-nio-8080-exec-3] c.d.learnbuddy.service.CourseService     : 找到Python脚本: D:\001_ZJNUThird\ai-learning-partner\ai-learning-partner\learn-buddy-backend\python-crawler\run_scraper.py
2025-11-24 11:19:52.630  INFO 38212 --- [http-nio-8080-exec-3] c.d.learnbuddy.service.CourseService     : 检测到Python命令: python
2025-11-24 11:19:52.631  INFO 38212 --- [http-nio-8080-exec-3] c.d.learnbuddy.service.CourseService     : 使用Python命令: python, 脚本: D:\001_ZJNUThird\ai-learning-partner\ai-learning-partner\learn-buddy-backend\python-crawler\run_scraper.py
2025-11-24 11:19:52.799 DEBUG 38212 --- [http-nio-8080-exec-3] c.d.learnbuddy.service.CourseService     : Python输出:   File "D:\001_ZJNUThird\ai-learning-partner\ai-learning-partner\learn-buddy-backend\python-crawler\run_scraper.py", line 112
2025-11-24 11:19:52.801 DEBUG 38212 --- [http-nio-8080-exec-3] c.d.learnbuddy.service.CourseService     : Python输出:     http://localhost:3004/
2025-11-24 11:19:52.801 DEBUG 38212 --- [http-nio-8080-exec-3] c.d.learnbuddy.service.CourseService     : Python输出:          ^^
2025-11-24 11:19:52.801 DEBUG 38212 --- [http-nio-8080-exec-3] c.d.learnbuddy.service.CourseService     : Python输出: SyntaxError: invalid syntax
2025-11-24 11:19:52.804  INFO 38212 --- [http-nio-8080-exec-3] c.d.learnbuddy.service.CourseService     : Python进程退出码: 1
2025-11-24 11:19:52.805  WARN 38212 --- [http-nio-8080-exec-3] c.d.learnbuddy.service.CourseService     : Python脚本执行失败，退出码: 1
2025-11-24 11:19:52.805  INFO 38212 --- [http-nio-8080-exec-3] c.d.learnbuddy.service.CourseService     : 使用Java爬虫尝试抓取icourse163课程
2025-11-24 11:19:52.976  INFO 38212 --- [http-nio-8080-exec-3] c.d.learnbuddy.service.CourseService     : 选择器 'a[href*='/course/']' 找到 0 个链接
2025-11-24 11:19:52.977  INFO 38212 --- [http-nio-8080-exec-3] c.d.learnbuddy.service.CourseService     : 选择器 'div.course-card a' 找到 0 个链接
2025-11-24 11:19:52.980  INFO 38212 --- [http-nio-8080-exec-3] c.d.learnbuddy.service.CourseService     : 选择器 '.g-box a' 找到 0 个链接
2025-11-24 11:19:52.981  INFO 38212 --- [http-nio-8080-exec-3] c.d.learnbuddy.service.CourseService     : 选择器 'a.course-link' 找到 0 个链接
2025-11-24 11:19:52.983  INFO 38212 --- [http-nio-8080-exec-3] c.d.learnbuddy.service.CourseService     : Java爬虫找到 0 门课程
2025-11-24 11:19:52.985  INFO 38212 --- [http-nio-8080-exec-3] c.d.learnbuddy.service.CourseService     : 使用模拟数据
2025-11-24 11:19:52.985  INFO 38212 --- [http-nio-8080-exec-3] c.d.learnbuddy.service.CourseService     : 生成 12 门模拟课程
2025-11-24 11:19:52.986  INFO 38212 --- [http-nio-8080-exec-3] c.d.learnbuddy.service.CourseService     : 搜索结果: 2 门课程
2025-11-24 11:19:52.988  INFO 38212 --- [http-nio-8080-exec-3] c.d.l.controller.CourseController        : 搜索结果数量: 2
2025-11-24 11:19:58.136  INFO 38212 --- [http-nio-8080-exec-1] c.d.l.controller.CourseController        : 收到搜索课程请求 - keyword: 浙江大学, category: 数学, difficulty: null
2025-11-24 11:19:58.137  INFO 38212 --- [http-nio-8080-exec-1] c.d.learnbuddy.service.CourseService     : 找到Python脚本: D:\001_ZJNUThird\ai-learning-partner\ai-learning-partner\learn-buddy-backend\python-crawler\run_scraper.py
2025-11-24 11:19:58.205  INFO 38212 --- [http-nio-8080-exec-1] c.d.learnbuddy.service.CourseService     : 检测到Python命令: python
2025-11-24 11:19:58.206  INFO 38212 --- [http-nio-8080-exec-1] c.d.learnbuddy.service.CourseService     : 使用Python命令: python, 脚本: D:\001_ZJNUThird\ai-learning-partner\ai-learning-partner\learn-buddy-backend\python-crawler\run_scraper.py
2025-11-24 11:19:58.378 DEBUG 38212 --- [http-nio-8080-exec-1] c.d.learnbuddy.service.CourseService     : Python输出:   File "D:\001_ZJNUThird\ai-learning-partner\ai-learning-partner\learn-buddy-backend\python-crawler\run_scraper.py", line 112
2025-11-24 11:19:58.379 DEBUG 38212 --- [http-nio-8080-exec-1] c.d.learnbuddy.service.CourseService     : Python输出:     http://localhost:3004/
2025-11-24 11:19:58.379 DEBUG 38212 --- [http-nio-8080-exec-1] c.d.learnbuddy.service.CourseService     : Python输出:          ^^
2025-11-24 11:19:58.379 DEBUG 38212 --- [http-nio-8080-exec-1] c.d.learnbuddy.service.CourseService     : Python输出: SyntaxError: invalid syntax
2025-11-24 11:19:58.394  INFO 38212 --- [http-nio-8080-exec-1] c.d.learnbuddy.service.CourseService     : Python进程退出码: 1
2025-11-24 11:19:58.394  WARN 38212 --- [http-nio-8080-exec-1] c.d.learnbuddy.service.CourseService     : Python脚本执行失败，退出码: 1
2025-11-24 11:19:58.395  INFO 38212 --- [http-nio-8080-exec-1] c.d.learnbuddy.service.CourseService     : 使用Java爬虫尝试抓取icourse163课程
2025-11-24 11:19:58.512  INFO 38212 --- [http-nio-8080-exec-1] c.d.learnbuddy.service.CourseService     : 选择器 'a[href*='/course/']' 找到 0 个链接
2025-11-24 11:19:58.515  INFO 38212 --- [http-nio-8080-exec-1] c.d.learnbuddy.service.CourseService     : 选择器 'div.course-card a' 找到 0 个链接
2025-11-24 11:19:58.517  INFO 38212 --- [http-nio-8080-exec-1] c.d.learnbuddy.service.CourseService     : 选择器 '.g-box a' 找到 0 个链接
2025-11-24 11:19:58.520  INFO 38212 --- [http-nio-8080-exec-1] c.d.learnbuddy.service.CourseService     : 选择器 'a.course-link' 找到 0 个链接
2025-11-24 11:19:58.522  INFO 38212 --- [http-nio-8080-exec-1] c.d.learnbuddy.service.CourseService     : Java爬虫找到 0 门课程
2025-11-24 11:19:58.523  INFO 38212 --- [http-nio-8080-exec-1] c.d.learnbuddy.service.CourseService     : 使用模拟数据
2025-11-24 11:19:58.524  INFO 38212 --- [http-nio-8080-exec-1] c.d.learnbuddy.service.CourseService     : 生成 12 门模拟课程
2025-11-24 11:19:58.525  INFO 38212 --- [http-nio-8080-exec-1] c.d.learnbuddy.service.CourseService     : 搜索结果: 0 门课程
2025-11-24 11:19:58.526  INFO 38212 --- [http-nio-8080-exec-1] c.d.l.controller.CourseController        : 搜索结果数量: 0
2025-11-24 11:20:02.704  INFO 38212 --- [http-nio-8080-exec-8] c.d.l.controller.CourseController        : 收到手动抓取课程请求
2025-11-24 11:20:02.707  INFO 38212 --- [http-nio-8080-exec-8] c.d.learnbuddy.service.CourseService     : 找到Python脚本: D:\001_ZJNUThird\ai-learning-partner\ai-learning-partner\learn-buddy-backend\python-crawler\run_scraper.py
2025-11-24 11:20:02.782  INFO 38212 --- [http-nio-8080-exec-8] c.d.learnbuddy.service.CourseService     : 检测到Python命令: python
2025-11-24 11:20:02.783  INFO 38212 --- [http-nio-8080-exec-8] c.d.learnbuddy.service.CourseService     : 使用Python命令: python, 脚本: D:\001_ZJNUThird\ai-learning-partner\ai-learning-partner\learn-buddy-backend\python-crawler\run_scraper.py
2025-11-24 11:20:02.956 DEBUG 38212 --- [http-nio-8080-exec-8] c.d.learnbuddy.service.CourseService     : Python输出:   File "D:\001_ZJNUThird\ai-learning-partner\ai-learning-partner\learn-buddy-backend\python-crawler\run_scraper.py", line 112
2025-11-24 11:20:02.957 DEBUG 38212 --- [http-nio-8080-exec-8] c.d.learnbuddy.service.CourseService     : Python输出:     http://localhost:3004/
2025-11-24 11:20:02.958 DEBUG 38212 --- [http-nio-8080-exec-8] c.d.learnbuddy.service.CourseService     : Python输出:          ^^
2025-11-24 11:20:02.959 DEBUG 38212 --- [http-nio-8080-exec-8] c.d.learnbuddy.service.CourseService     : Python输出: SyntaxError: invalid syntax
2025-11-24 11:20:02.964  INFO 38212 --- [http-nio-8080-exec-8] c.d.learnbuddy.service.CourseService     : Python进程退出码: 1
2025-11-24 11:20:02.965  WARN 38212 --- [http-nio-8080-exec-8] c.d.learnbuddy.service.CourseService     : Python脚本执行失败，退出码: 1
2025-11-24 11:20:02.966  INFO 38212 --- [http-nio-8080-exec-8] c.d.learnbuddy.service.CourseService     : 使用Java爬虫尝试抓取icourse163课程
2025-11-24 11:20:03.114  INFO 38212 --- [http-nio-8080-exec-8] c.d.learnbuddy.service.CourseService     : 选择器 'a[href*='/course/']' 找到 0 个链接
2025-11-24 11:20:03.118  INFO 38212 --- [http-nio-8080-exec-8] c.d.learnbuddy.service.CourseService     : 选择器 'div.course-card a' 找到 0 个链接
2025-11-24 11:20:03.122  INFO 38212 --- [http-nio-8080-exec-8] c.d.learnbuddy.service.CourseService     : 选择器 '.g-box a' 找到 0 个链接
2025-11-24 11:20:03.124  INFO 38212 --- [http-nio-8080-exec-8] c.d.learnbuddy.service.CourseService     : 选择器 'a.course-link' 找到 0 个链接
2025-11-24 11:20:03.125  INFO 38212 --- [http-nio-8080-exec-8] c.d.learnbuddy.service.CourseService     : Java爬虫找到 0 门课程
2025-11-24 11:20:03.125  INFO 38212 --- [http-nio-8080-exec-8] c.d.learnbuddy.service.CourseService     : 使用模拟数据
2025-11-24 11:20:03.126  INFO 38212 --- [http-nio-8080-exec-8] c.d.learnbuddy.service.CourseService     : 生成 12 门模拟课程
2025-11-24 11:20:03.127  INFO 38212 --- [http-nio-8080-exec-8] c.d.l.controller.CourseController        : 抓取课程返回数量: 12
2025-11-24 11:20:23.209  INFO 38212 --- [http-nio-8080-exec-4] c.d.l.controller.CourseController        : 收到搜索课程请求 - keyword: 浙江大学, category: 数学, difficulty: null
2025-11-24 11:20:23.211  INFO 38212 --- [http-nio-8080-exec-4] c.d.learnbuddy.service.CourseService     : 找到Python脚本: D:\001_ZJNUThird\ai-learning-partner\ai-learning-partner\learn-buddy-backend\python-crawler\run_scraper.py
2025-11-24 11:20:23.276  INFO 38212 --- [http-nio-8080-exec-4] c.d.learnbuddy.service.CourseService     : 检测到Python命令: python
2025-11-24 11:20:23.276  INFO 38212 --- [http-nio-8080-exec-4] c.d.learnbuddy.service.CourseService     : 使用Python命令: python, 脚本: D:\001_ZJNUThird\ai-learning-partner\ai-learning-partner\learn-buddy-backend\python-crawler\run_scraper.py
2025-11-24 11:20:23.383 DEBUG 38212 --- [http-nio-8080-exec-4] c.d.learnbuddy.service.CourseService     : Python输出:   File "D:\001_ZJNUThird\ai-learning-partner\ai-learning-partner\learn-buddy-backend\python-crawler\run_scraper.py", line 112
2025-11-24 11:20:23.383 DEBUG 38212 --- [http-nio-8080-exec-4] c.d.learnbuddy.service.CourseService     : Python输出:     http://localhost:3004/
2025-11-24 11:20:23.383 DEBUG 38212 --- [http-nio-8080-exec-4] c.d.learnbuddy.service.CourseService     : Python输出:          ^^
2025-11-24 11:20:23.383 DEBUG 38212 --- [http-nio-8080-exec-4] c.d.learnbuddy.service.CourseService     : Python输出: SyntaxError: invalid syntax
2025-11-24 11:20:23.390  INFO 38212 --- [http-nio-8080-exec-4] c.d.learnbuddy.service.CourseService     : Python进程退出码: 1
2025-11-24 11:20:23.390  WARN 38212 --- [http-nio-8080-exec-4] c.d.learnbuddy.service.CourseService     : Python脚本执行失败，退出码: 1
2025-11-24 11:20:23.391  INFO 38212 --- [http-nio-8080-exec-4] c.d.learnbuddy.service.CourseService     : 使用Java爬虫尝试抓取icourse163课程
2025-11-24 11:20:23.522  INFO 38212 --- [http-nio-8080-exec-4] c.d.learnbuddy.service.CourseService     : 选择器 'a[href*='/course/']' 找到 0 个链接
2025-11-24 11:20:23.523  INFO 38212 --- [http-nio-8080-exec-4] c.d.learnbuddy.service.CourseService     : 选择器 'div.course-card a' 找到 0 个链接
2025-11-24 11:20:23.524  INFO 38212 --- [http-nio-8080-exec-4] c.d.learnbuddy.service.CourseService     : 选择器 '.g-box a' 找到 0 个链接
2025-11-24 11:20:23.525  INFO 38212 --- [http-nio-8080-exec-4] c.d.learnbuddy.service.CourseService     : 选择器 'a.course-link' 找到 0 个链接
2025-11-24 11:20:23.526  INFO 38212 --- [http-nio-8080-exec-4] c.d.learnbuddy.service.CourseService     : Java爬虫找到 0 门课程
2025-11-24 11:20:23.526  INFO 38212 --- [http-nio-8080-exec-4] c.d.learnbuddy.service.CourseService     : 使用模拟数据
2025-11-24 11:20:23.526  INFO 38212 --- [http-nio-8080-exec-4] c.d.learnbuddy.service.CourseService     : 生成 12 门模拟课程
2025-11-24 11:20:23.527  INFO 38212 --- [http-nio-8080-exec-4] c.d.learnbuddy.service.CourseService     : 搜索结果: 0 门课程
2025-11-24 11:20:23.527  INFO 38212 --- [http-nio-8080-exec-4] c.d.l.controller.CourseController        : 搜索结果数量: 0
2025-11-24 11:20:25.448  INFO 38212 --- [http-nio-8080-exec-5] c.d.l.controller.CourseController        : 收到手动抓取课程请求
2025-11-24 11:20:25.451  INFO 38212 --- [http-nio-8080-exec-5] c.d.learnbuddy.service.CourseService     : 找到Python脚本: D:\001_ZJNUThird\ai-learning-partner\ai-learning-partner\learn-buddy-backend\python-crawler\run_scraper.py
2025-11-24 11:20:25.513  INFO 38212 --- [http-nio-8080-exec-5] c.d.learnbuddy.service.CourseService     : 检测到Python命令: python
2025-11-24 11:20:25.514  INFO 38212 --- [http-nio-8080-exec-5] c.d.learnbuddy.service.CourseService     : 使用Python命令: python, 脚本: D:\001_ZJNUThird\ai-learning-partner\ai-learning-partner\learn-buddy-backend\python-crawler\run_scraper.py
2025-11-24 11:20:25.634 DEBUG 38212 --- [http-nio-8080-exec-5] c.d.learnbuddy.service.CourseService     : Python输出:   File "D:\001_ZJNUThird\ai-learning-partner\ai-learning-partner\learn-buddy-backend\python-crawler\run_scraper.py", line 112
2025-11-24 11:20:25.637 DEBUG 38212 --- [http-nio-8080-exec-5] c.d.learnbuddy.service.CourseService     : Python输出:     http://localhost:3004/
2025-11-24 11:20:25.637 DEBUG 38212 --- [http-nio-8080-exec-5] c.d.learnbuddy.service.CourseService     : Python输出:          ^^
2025-11-24 11:20:25.637 DEBUG 38212 --- [http-nio-8080-exec-5] c.d.learnbuddy.service.CourseService     : Python输出: SyntaxError: invalid syntax
2025-11-24 11:20:25.641  INFO 38212 --- [http-nio-8080-exec-5] c.d.learnbuddy.service.CourseService     : Python进程退出码: 1
2025-11-24 11:20:25.641  WARN 38212 --- [http-nio-8080-exec-5] c.d.learnbuddy.service.CourseService     : Python脚本执行失败，退出码: 1
2025-11-24 11:20:25.642  INFO 38212 --- [http-nio-8080-exec-5] c.d.learnbuddy.service.CourseService     : 使用Java爬虫尝试抓取icourse163课程
2025-11-24 11:20:25.773  INFO 38212 --- [http-nio-8080-exec-5] c.d.learnbuddy.service.CourseService     : 选择器 'a[href*='/course/']' 找到 0 个链接
2025-11-24 11:20:25.777  INFO 38212 --- [http-nio-8080-exec-5] c.d.learnbuddy.service.CourseService     : 选择器 'div.course-card a' 找到 0 个链接
2025-11-24 11:20:25.779  INFO 38212 --- [http-nio-8080-exec-5] c.d.learnbuddy.service.CourseService     : 选择器 '.g-box a' 找到 0 个链接
2025-11-24 11:20:25.780  INFO 38212 --- [http-nio-8080-exec-5] c.d.learnbuddy.service.CourseService     : 选择器 'a.course-link' 找到 0 个链接
2025-11-24 11:20:25.782  INFO 38212 --- [http-nio-8080-exec-5] c.d.learnbuddy.service.CourseService     : Java爬虫找到 0 门课程
2025-11-24 11:20:25.783  INFO 38212 --- [http-nio-8080-exec-5] c.d.learnbuddy.service.CourseService     : 使用模拟数据
2025-11-24 11:20:25.783  INFO 38212 --- [http-nio-8080-exec-5] c.d.learnbuddy.service.CourseService     : 生成 12 门模拟课程
2025-11-24 11:20:25.786  INFO 38212 --- [http-nio-8080-exec-5] c.d.l.controller.CourseController        : 抓取课程返回数量: 12
2025-11-24 11:20:45.433  INFO 38212 --- [http-nio-8080-exec-7] c.d.l.controller.CourseController        : 收到搜索课程请求 - keyword: 王珊, category: 数学, difficulty: null
2025-11-24 11:20:45.433  INFO 38212 --- [http-nio-8080-exec-7] c.d.learnbuddy.service.CourseService     : 找到Python脚本: D:\001_ZJNUThird\ai-learning-partner\ai-learning-partner\learn-buddy-backend\python-crawler\run_scraper.py
2025-11-24 11:20:45.516  INFO 38212 --- [http-nio-8080-exec-7] c.d.learnbuddy.service.CourseService     : 检测到Python命令: python
2025-11-24 11:20:45.517  INFO 38212 --- [http-nio-8080-exec-7] c.d.learnbuddy.service.CourseService     : 使用Python命令: python, 脚本: D:\001_ZJNUThird\ai-learning-partner\ai-learning-partner\learn-buddy-backend\python-crawler\run_scraper.py
2025-11-24 11:20:45.639 DEBUG 38212 --- [http-nio-8080-exec-7] c.d.learnbuddy.service.CourseService     : Python输出:   File "D:\001_ZJNUThird\ai-learning-partner\ai-learning-partner\learn-buddy-backend\python-crawler\run_scraper.py", line 112
2025-11-24 11:20:45.639 DEBUG 38212 --- [http-nio-8080-exec-7] c.d.learnbuddy.service.CourseService     : Python输出:     http://localhost:3004/
2025-11-24 11:20:45.639 DEBUG 38212 --- [http-nio-8080-exec-7] c.d.learnbuddy.service.CourseService     : Python输出:          ^^
2025-11-24 11:20:45.639 DEBUG 38212 --- [http-nio-8080-exec-7] c.d.learnbuddy.service.CourseService     : Python输出: SyntaxError: invalid syntax
2025-11-24 11:20:45.644  INFO 38212 --- [http-nio-8080-exec-7] c.d.learnbuddy.service.CourseService     : Python进程退出码: 1
2025-11-24 11:20:45.644  WARN 38212 --- [http-nio-8080-exec-7] c.d.learnbuddy.service.CourseService     : Python脚本执行失败，退出码: 1
2025-11-24 11:20:45.644  INFO 38212 --- [http-nio-8080-exec-7] c.d.learnbuddy.service.CourseService     : 使用Java爬虫尝试抓取icourse163课程
2025-11-24 11:20:45.779  INFO 38212 --- [http-nio-8080-exec-7] c.d.learnbuddy.service.CourseService     : 选择器 'a[href*='/course/']' 找到 0 个链接
2025-11-24 11:20:45.780  INFO 38212 --- [http-nio-8080-exec-7] c.d.learnbuddy.service.CourseService     : 选择器 'div.course-card a' 找到 0 个链接
2025-11-24 11:20:45.781  INFO 38212 --- [http-nio-8080-exec-7] c.d.learnbuddy.service.CourseService     : 选择器 '.g-box a' 找到 0 个链接
2025-11-24 11:20:45.781  INFO 38212 --- [http-nio-8080-exec-7] c.d.learnbuddy.service.CourseService     : 选择器 'a.course-link' 找到 0 个链接
2025-11-24 11:20:45.782  INFO 38212 --- [http-nio-8080-exec-7] c.d.learnbuddy.service.CourseService     : Java爬虫找到 0 门课程
2025-11-24 11:20:45.783  INFO 38212 --- [http-nio-8080-exec-7] c.d.learnbuddy.service.CourseService     : 使用模拟数据
2025-11-24 11:20:45.785  INFO 38212 --- [http-nio-8080-exec-7] c.d.learnbuddy.service.CourseService     : 生成 12 门模拟课程
2025-11-24 11:20:45.786  INFO 38212 --- [http-nio-8080-exec-7] c.d.learnbuddy.service.CourseService     : 搜索结果: 0 门课程
2025-11-24 11:20:45.787  INFO 38212 --- [http-nio-8080-exec-7] c.d.l.controller.CourseController        : 搜索结果数量: 0
2025-11-24 11:20:47.589  INFO 38212 --- [http-nio-8080-exec-9] c.d.l.controller.CourseController        : 收到手动抓取课程请求
2025-11-24 11:20:47.590  INFO 38212 --- [http-nio-8080-exec-9] c.d.learnbuddy.service.CourseService     : 找到Python脚本: D:\001_ZJNUThird\ai-learning-partner\ai-learning-partner\learn-buddy-backend\python-crawler\run_scraper.py
2025-11-24 11:20:47.648  INFO 38212 --- [http-nio-8080-exec-9] c.d.learnbuddy.service.CourseService     : 检测到Python命令: python
2025-11-24 11:20:47.649  INFO 38212 --- [http-nio-8080-exec-9] c.d.learnbuddy.service.CourseService     : 使用Python命令: python, 脚本: D:\001_ZJNUThird\ai-learning-partner\ai-learning-partner\learn-buddy-backend\python-crawler\run_scraper.py
2025-11-24 11:20:47.820 DEBUG 38212 --- [http-nio-8080-exec-9] c.d.learnbuddy.service.CourseService     : Python输出:   File "D:\001_ZJNUThird\ai-learning-partner\ai-learning-partner\learn-buddy-backend\python-crawler\run_scraper.py", line 112
2025-11-24 11:20:47.821 DEBUG 38212 --- [http-nio-8080-exec-9] c.d.learnbuddy.service.CourseService     : Python输出:     http://localhost:3004/
2025-11-24 11:20:47.821 DEBUG 38212 --- [http-nio-8080-exec-9] c.d.learnbuddy.service.CourseService     : Python输出:          ^^
2025-11-24 11:20:47.821 DEBUG 38212 --- [http-nio-8080-exec-9] c.d.learnbuddy.service.CourseService     : Python输出: SyntaxError: invalid syntax
2025-11-24 11:20:47.829  INFO 38212 --- [http-nio-8080-exec-9] c.d.learnbuddy.service.CourseService     : Python进程退出码: 1
2025-11-24 11:20:47.829  WARN 38212 --- [http-nio-8080-exec-9] c.d.learnbuddy.service.CourseService     : Python脚本执行失败，退出码: 1
2025-11-24 11:20:47.829  INFO 38212 --- [http-nio-8080-exec-9] c.d.learnbuddy.service.CourseService     : 使用Java爬虫尝试抓取icourse163课程
2025-11-24 11:20:47.973  INFO 38212 --- [http-nio-8080-exec-9] c.d.learnbuddy.service.CourseService     : 选择器 'a[href*='/course/']' 找到 0 个链接
2025-11-24 11:20:47.975  INFO 38212 --- [http-nio-8080-exec-9] c.d.learnbuddy.service.CourseService     : 选择器 'div.course-card a' 找到 0 个链接
2025-11-24 11:20:47.976  INFO 38212 --- [http-nio-8080-exec-9] c.d.learnbuddy.service.CourseService     : 选择器 '.g-box a' 找到 0 个链接
2025-11-24 11:20:47.977  INFO 38212 --- [http-nio-8080-exec-9] c.d.learnbuddy.service.CourseService     : 选择器 'a.course-link' 找到 0 个链接
2025-11-24 11:20:47.978  INFO 38212 --- [http-nio-8080-exec-9] c.d.learnbuddy.service.CourseService     : Java爬虫找到 0 门课程
2025-11-24 11:20:47.979  INFO 38212 --- [http-nio-8080-exec-9] c.d.learnbuddy.service.CourseService     : 使用模拟数据
2025-11-24 11:20:47.979  INFO 38212 --- [http-nio-8080-exec-9] c.d.learnbuddy.service.CourseService     : 生成 12 门模拟课程
2025-11-24 11:20:47.980  INFO 38212 --- [http-nio-8080-exec-9] c.d.l.controller.CourseController        : 抓取课程返回数量: 12
2025-11-24 11:20:57.248  INFO 38212 --- [http-nio-8080-exec-10] c.d.l.controller.CourseController        : 收到搜索课程请求 - keyword: 王珊, category: null, difficulty: null
2025-11-24 11:20:57.252  INFO 38212 --- [http-nio-8080-exec-10] c.d.learnbuddy.service.CourseService     : 找到Python脚本: D:\001_ZJNUThird\ai-learning-partner\ai-learning-partner\learn-buddy-backend\python-crawler\run_scraper.py
2025-11-24 11:20:57.313  INFO 38212 --- [http-nio-8080-exec-10] c.d.learnbuddy.service.CourseService     : 检测到Python命令: python
2025-11-24 11:20:57.314  INFO 38212 --- [http-nio-8080-exec-10] c.d.learnbuddy.service.CourseService     : 使用Python命令: python, 脚本: D:\001_ZJNUThird\ai-learning-partner\ai-learning-partner\learn-buddy-backend\python-crawler\run_scraper.py
2025-11-24 11:20:57.483 DEBUG 38212 --- [http-nio-8080-exec-10] c.d.learnbuddy.service.CourseService     : Python输出:   File "D:\001_ZJNUThird\ai-learning-partner\ai-learning-partner\learn-buddy-backend\python-crawler\run_scraper.py", line 112
2025-11-24 11:20:57.484 DEBUG 38212 --- [http-nio-8080-exec-10] c.d.learnbuddy.service.CourseService     : Python输出:     http://localhost:3004/
2025-11-24 11:20:57.485 DEBUG 38212 --- [http-nio-8080-exec-10] c.d.learnbuddy.service.CourseService     : Python输出:          ^^
2025-11-24 11:20:57.485 DEBUG 38212 --- [http-nio-8080-exec-10] c.d.learnbuddy.service.CourseService     : Python输出: SyntaxError: invalid syntax
2025-11-24 11:20:57.489  INFO 38212 --- [http-nio-8080-exec-10] c.d.learnbuddy.service.CourseService     : Python进程退出码: 1
2025-11-24 11:20:57.490  WARN 38212 --- [http-nio-8080-exec-10] c.d.learnbuddy.service.CourseService     : Python脚本执行失败，退出码: 1
2025-11-24 11:20:57.490  INFO 38212 --- [http-nio-8080-exec-10] c.d.learnbuddy.service.CourseService     : 使用Java爬虫尝试抓取icourse163课程
2025-11-24 11:20:57.653  INFO 38212 --- [http-nio-8080-exec-10] c.d.learnbuddy.service.CourseService     : 选择器 'a[href*='/course/']' 找到 0 个链接
2025-11-24 11:20:57.658  INFO 38212 --- [http-nio-8080-exec-10] c.d.learnbuddy.service.CourseService     : 选择器 'div.course-card a' 找到 0 个链接
2025-11-24 11:20:57.659  INFO 38212 --- [http-nio-8080-exec-10] c.d.learnbuddy.service.CourseService     : 选择器 '.g-box a' 找到 0 个链接
2025-11-24 11:20:57.661  INFO 38212 --- [http-nio-8080-exec-10] c.d.learnbuddy.service.CourseService     : 选择器 'a.course-link' 找到 0 个链接
2025-11-24 11:20:57.661  INFO 38212 --- [http-nio-8080-exec-10] c.d.learnbuddy.service.CourseService     : Java爬虫找到 0 门课程
2025-11-24 11:20:57.662  INFO 38212 --- [http-nio-8080-exec-10] c.d.learnbuddy.service.CourseService     : 使用模拟数据
2025-11-24 11:20:57.662  INFO 38212 --- [http-nio-8080-exec-10] c.d.learnbuddy.service.CourseService     : 生成 12 门模拟课程
2025-11-24 11:20:57.662  INFO 38212 --- [http-nio-8080-exec-10] c.d.learnbuddy.service.CourseService     : 搜索结果: 1 门课程
2025-11-24 11:20:57.662  INFO 38212 --- [http-nio-8080-exec-10] c.d.l.controller.CourseController        : 搜索结果数量: 1
2025-11-24 11:21:07.581  INFO 38212 --- [http-nio-8080-exec-1] c.d.l.controller.CourseController        : 收到搜索课程请求 - keyword: null, category: null, difficulty: null
2025-11-24 11:21:07.583  INFO 38212 --- [http-nio-8080-exec-1] c.d.learnbuddy.service.CourseService     : 找到Python脚本: D:\001_ZJNUThird\ai-learning-partner\ai-learning-partner\learn-buddy-backend\python-crawler\run_scraper.py
2025-11-24 11:21:07.657  INFO 38212 --- [http-nio-8080-exec-1] c.d.learnbuddy.service.CourseService     : 检测到Python命令: python
2025-11-24 11:21:07.659  INFO 38212 --- [http-nio-8080-exec-1] c.d.learnbuddy.service.CourseService     : 使用Python命令: python, 脚本: D:\001_ZJNUThird\ai-learning-partner\ai-learning-partner\learn-buddy-backend\python-crawler\run_scraper.py
2025-11-24 11:21:07.817 DEBUG 38212 --- [http-nio-8080-exec-1] c.d.learnbuddy.service.CourseService     : Python输出:   File "D:\001_ZJNUThird\ai-learning-partner\ai-learning-partner\learn-buddy-backend\python-crawler\run_scraper.py", line 112
2025-11-24 11:21:07.817 DEBUG 38212 --- [http-nio-8080-exec-1] c.d.learnbuddy.service.CourseService     : Python输出:     http://localhost:3004/
2025-11-24 11:21:07.817 DEBUG 38212 --- [http-nio-8080-exec-1] c.d.learnbuddy.service.CourseService     : Python输出:          ^^
2025-11-24 11:21:07.817 DEBUG 38212 --- [http-nio-8080-exec-1] c.d.learnbuddy.service.CourseService     : Python输出: SyntaxError: invalid syntax
2025-11-24 11:21:07.826  INFO 38212 --- [http-nio-8080-exec-1] c.d.learnbuddy.service.CourseService     : Python进程退出码: 1
2025-11-24 11:21:07.826  WARN 38212 --- [http-nio-8080-exec-1] c.d.learnbuddy.service.CourseService     : Python脚本执行失败，退出码: 1
2025-11-24 11:21:07.827  INFO 38212 --- [http-nio-8080-exec-1] c.d.learnbuddy.service.CourseService     : 使用Java爬虫尝试抓取icourse163课程
2025-11-24 11:21:07.961  INFO 38212 --- [http-nio-8080-exec-1] c.d.learnbuddy.service.CourseService     : 选择器 'a[href*='/course/']' 找到 0 个链接
2025-11-24 11:21:07.962  INFO 38212 --- [http-nio-8080-exec-1] c.d.learnbuddy.service.CourseService     : 选择器 'div.course-card a' 找到 0 个链接
2025-11-24 11:21:07.964  INFO 38212 --- [http-nio-8080-exec-1] c.d.learnbuddy.service.CourseService     : 选择器 '.g-box a' 找到 0 个链接
2025-11-24 11:21:07.964  INFO 38212 --- [http-nio-8080-exec-1] c.d.learnbuddy.service.CourseService     : 选择器 'a.course-link' 找到 0 个链接
2025-11-24 11:21:07.965  INFO 38212 --- [http-nio-8080-exec-1] c.d.learnbuddy.service.CourseService     : Java爬虫找到 0 门课程
2025-11-24 11:21:07.966  INFO 38212 --- [http-nio-8080-exec-1] c.d.learnbuddy.service.CourseService     : 使用模拟数据
2025-11-24 11:21:07.967  INFO 38212 --- [http-nio-8080-exec-1] c.d.learnbuddy.service.CourseService     : 生成 12 门模拟课程
2025-11-24 11:21:07.968  INFO 38212 --- [http-nio-8080-exec-1] c.d.learnbuddy.service.CourseService     : 搜索结果: 12 门课程
2025-11-24 11:21:07.968  INFO 38212 --- [http-nio-8080-exec-1] c.d.l.controller.CourseController        : 搜索结果数量: 12
2025-11-24 11:32:33.594  INFO 38212 --- [http-nio-8080-exec-8] c.d.l.controller.CourseController        : 收到获取推荐课程请求
2025-11-24 11:32:33.594  INFO 38212 --- [http-nio-8080-exec-8] c.d.learnbuddy.service.CourseService     : 找到Python脚本: D:\001_ZJNUThird\ai-learning-partner\ai-learning-partner\learn-buddy-backend\python-crawler\run_scraper.py
2025-11-24 11:32:33.637  INFO 38212 --- [http-nio-8080-exec-8] c.d.learnbuddy.service.CourseService     : 检测到Python命令: python
2025-11-24 11:32:33.637  INFO 38212 --- [http-nio-8080-exec-8] c.d.learnbuddy.service.CourseService     : 使用Python命令: python, 脚本: D:\001_ZJNUThird\ai-learning-partner\ai-learning-partner\learn-buddy-backend\python-crawler\run_scraper.py
2025-11-24 11:32:33.720 DEBUG 38212 --- [http-nio-8080-exec-8] c.d.learnbuddy.service.CourseService     : Python输出:   File "D:\001_ZJNUThird\ai-learning-partner\ai-learning-partner\learn-buddy-backend\python-crawler\run_scraper.py", line 112
2025-11-24 11:32:33.721 DEBUG 38212 --- [http-nio-8080-exec-8] c.d.learnbuddy.service.CourseService     : Python输出:     http://localhost:3004/
2025-11-24 11:32:33.721 DEBUG 38212 --- [http-nio-8080-exec-8] c.d.learnbuddy.service.CourseService     : Python输出:          ^^
2025-11-24 11:32:33.721 DEBUG 38212 --- [http-nio-8080-exec-8] c.d.learnbuddy.service.CourseService     : Python输出: SyntaxError: invalid syntax
2025-11-24 11:32:33.724  INFO 38212 --- [http-nio-8080-exec-8] c.d.learnbuddy.service.CourseService     : Python进程退出码: 1
2025-11-24 11:32:33.724  WARN 38212 --- [http-nio-8080-exec-8] c.d.learnbuddy.service.CourseService     : Python脚本执行失败，退出码: 1
2025-11-24 11:32:33.724  INFO 38212 --- [http-nio-8080-exec-8] c.d.learnbuddy.service.CourseService     : 使用Java爬虫尝试抓取icourse163课程
2025-11-24 11:32:33.855  INFO 38212 --- [http-nio-8080-exec-8] c.d.learnbuddy.service.CourseService     : 选择器 'a[href*='/course/']' 找到 0 个链接
2025-11-24 11:32:33.855  INFO 38212 --- [http-nio-8080-exec-8] c.d.learnbuddy.service.CourseService     : 选择器 'div.course-card a' 找到 0 个链接
2025-11-24 11:32:33.855  INFO 38212 --- [http-nio-8080-exec-8] c.d.learnbuddy.service.CourseService     : 选择器 '.g-box a' 找到 0 个链接
2025-11-24 11:32:33.855  INFO 38212 --- [http-nio-8080-exec-8] c.d.learnbuddy.service.CourseService     : 选择器 'a.course-link' 找到 0 个链接
2025-11-24 11:32:33.856  INFO 38212 --- [http-nio-8080-exec-8] c.d.learnbuddy.service.CourseService     : Java爬虫找到 0 门课程
2025-11-24 11:32:33.856  INFO 38212 --- [http-nio-8080-exec-8] c.d.learnbuddy.service.CourseService     : 使用模拟数据
2025-11-24 11:32:33.856  INFO 38212 --- [http-nio-8080-exec-8] c.d.learnbuddy.service.CourseService     : 生成 12 门模拟课程
2025-11-24 11:32:33.857  INFO 38212 --- [http-nio-8080-exec-8] c.d.l.controller.CourseController        : 返回推荐课程数量: 12
2025-11-24 11:33:58.994  INFO 38212 --- [http-nio-8080-exec-6] c.d.l.controller.CourseController        : 收到搜索课程请求 - keyword: null, category: null, difficulty: beginner
2025-11-24 11:33:58.999  INFO 38212 --- [http-nio-8080-exec-6] c.d.learnbuddy.service.CourseService     : 找到Python脚本: D:\001_ZJNUThird\ai-learning-partner\ai-learning-partner\learn-buddy-backend\python-crawler\run_scraper.py
2025-11-24 11:33:59.093  INFO 38212 --- [http-nio-8080-exec-6] c.d.learnbuddy.service.CourseService     : 检测到Python命令: python
2025-11-24 11:33:59.094  INFO 38212 --- [http-nio-8080-exec-6] c.d.learnbuddy.service.CourseService     : 使用Python命令: python, 脚本: D:\001_ZJNUThird\ai-learning-partner\ai-learning-partner\learn-buddy-backend\python-crawler\run_scraper.py
2025-11-24 11:33:59.242 DEBUG 38212 --- [http-nio-8080-exec-6] c.d.learnbuddy.service.CourseService     : Python输出:   File "D:\001_ZJNUThird\ai-learning-partner\ai-learning-partner\learn-buddy-backend\python-crawler\run_scraper.py", line 112
2025-11-24 11:33:59.243 DEBUG 38212 --- [http-nio-8080-exec-6] c.d.learnbuddy.service.CourseService     : Python输出:     http://localhost:3004/
2025-11-24 11:33:59.244 DEBUG 38212 --- [http-nio-8080-exec-6] c.d.learnbuddy.service.CourseService     : Python输出:          ^^
2025-11-24 11:33:59.244 DEBUG 38212 --- [http-nio-8080-exec-6] c.d.learnbuddy.service.CourseService     : Python输出: SyntaxError: invalid syntax
2025-11-24 11:33:59.254  INFO 38212 --- [http-nio-8080-exec-6] c.d.learnbuddy.service.CourseService     : Python进程退出码: 1
2025-11-24 11:33:59.255  WARN 38212 --- [http-nio-8080-exec-6] c.d.learnbuddy.service.CourseService     : Python脚本执行失败，退出码: 1
2025-11-24 11:33:59.256  INFO 38212 --- [http-nio-8080-exec-6] c.d.learnbuddy.service.CourseService     : 使用Java爬虫尝试抓取icourse163课程
2025-11-24 11:33:59.406  INFO 38212 --- [http-nio-8080-exec-6] c.d.learnbuddy.service.CourseService     : 选择器 'a[href*='/course/']' 找到 0 个链接
2025-11-24 11:33:59.408  INFO 38212 --- [http-nio-8080-exec-6] c.d.learnbuddy.service.CourseService     : 选择器 'div.course-card a' 找到 0 个链接
2025-11-24 11:33:59.427  INFO 38212 --- [http-nio-8080-exec-6] c.d.learnbuddy.service.CourseService     : 选择器 '.g-box a' 找到 0 个链接
2025-11-24 11:33:59.429  INFO 38212 --- [http-nio-8080-exec-6] c.d.learnbuddy.service.CourseService     : 选择器 'a.course-link' 找到 0 个链接
2025-11-24 11:33:59.429  INFO 38212 --- [http-nio-8080-exec-6] c.d.learnbuddy.service.CourseService     : Java爬虫找到 0 门课程
2025-11-24 11:33:59.429  INFO 38212 --- [http-nio-8080-exec-6] c.d.learnbuddy.service.CourseService     : 使用模拟数据
2025-11-24 11:33:59.429  INFO 38212 --- [http-nio-8080-exec-6] c.d.learnbuddy.service.CourseService     : 生成 12 门模拟课程
2025-11-24 11:33:59.430  INFO 38212 --- [http-nio-8080-exec-6] c.d.learnbuddy.service.CourseService     : 搜索结果: 3 门课程
2025-11-24 11:33:59.430  INFO 38212 --- [http-nio-8080-exec-6] c.d.l.controller.CourseController        : 搜索结果数量: 3
2025-11-24 11:34:02.923  INFO 38212 --- [http-nio-8080-exec-9] c.d.l.controller.CourseController        : 收到搜索课程请求 - keyword: null, category: null, difficulty: advanced
2025-11-24 11:34:02.924  INFO 38212 --- [http-nio-8080-exec-9] c.d.learnbuddy.service.CourseService     : 找到Python脚本: D:\001_ZJNUThird\ai-learning-partner\ai-learning-partner\learn-buddy-backend\python-crawler\run_scraper.py
2025-11-24 11:34:02.977  INFO 38212 --- [http-nio-8080-exec-9] c.d.learnbuddy.service.CourseService     : 检测到Python命令: python
2025-11-24 11:34:02.977  INFO 38212 --- [http-nio-8080-exec-9] c.d.learnbuddy.service.CourseService     : 使用Python命令: python, 脚本: D:\001_ZJNUThird\ai-learning-partner\ai-learning-partner\learn-buddy-backend\python-crawler\run_scraper.py
2025-11-24 11:34:03.079 DEBUG 38212 --- [http-nio-8080-exec-9] c.d.learnbuddy.service.CourseService     : Python输出:   File "D:\001_ZJNUThird\ai-learning-partner\ai-learning-partner\learn-buddy-backend\python-crawler\run_scraper.py", line 112
2025-11-24 11:34:03.079 DEBUG 38212 --- [http-nio-8080-exec-9] c.d.learnbuddy.service.CourseService     : Python输出:     http://localhost:3004/
2025-11-24 11:34:03.079 DEBUG 38212 --- [http-nio-8080-exec-9] c.d.learnbuddy.service.CourseService     : Python输出:          ^^
2025-11-24 11:34:03.079 DEBUG 38212 --- [http-nio-8080-exec-9] c.d.learnbuddy.service.CourseService     : Python输出: SyntaxError: invalid syntax
2025-11-24 11:34:03.084  INFO 38212 --- [http-nio-8080-exec-9] c.d.learnbuddy.service.CourseService     : Python进程退出码: 1
2025-11-24 11:34:03.084  WARN 38212 --- [http-nio-8080-exec-9] c.d.learnbuddy.service.CourseService     : Python脚本执行失败，退出码: 1
2025-11-24 11:34:03.084  INFO 38212 --- [http-nio-8080-exec-9] c.d.learnbuddy.service.CourseService     : 使用Java爬虫尝试抓取icourse163课程
2025-11-24 11:34:03.209  INFO 38212 --- [http-nio-8080-exec-9] c.d.learnbuddy.service.CourseService     : 选择器 'a[href*='/course/']' 找到 0 个链接
2025-11-24 11:34:03.212  INFO 38212 --- [http-nio-8080-exec-9] c.d.learnbuddy.service.CourseService     : 选择器 'div.course-card a' 找到 0 个链接
2025-11-24 11:34:03.214  INFO 38212 --- [http-nio-8080-exec-9] c.d.learnbuddy.service.CourseService     : 选择器 '.g-box a' 找到 0 个链接
2025-11-24 11:34:03.214  INFO 38212 --- [http-nio-8080-exec-9] c.d.learnbuddy.service.CourseService     : 选择器 'a.course-link' 找到 0 个链接
2025-11-24 11:34:03.215  INFO 38212 --- [http-nio-8080-exec-9] c.d.learnbuddy.service.CourseService     : Java爬虫找到 0 门课程
2025-11-24 11:34:03.215  INFO 38212 --- [http-nio-8080-exec-9] c.d.learnbuddy.service.CourseService     : 使用模拟数据
2025-11-24 11:34:03.216  INFO 38212 --- [http-nio-8080-exec-9] c.d.learnbuddy.service.CourseService     : 生成 12 门模拟课程
2025-11-24 11:34:03.216  INFO 38212 --- [http-nio-8080-exec-9] c.d.learnbuddy.service.CourseService     : 搜索结果: 4 门课程
2025-11-24 11:34:03.216  INFO 38212 --- [http-nio-8080-exec-9] c.d.l.controller.CourseController        : 搜索结果数量: 4
2025-11-24 11:34:07.267  INFO 38212 --- [http-nio-8080-exec-10] c.d.l.controller.CourseController        : 收到搜索课程请求 - keyword: null, category: 计算机, difficulty: advanced
2025-11-24 11:34:07.267  INFO 38212 --- [http-nio-8080-exec-10] c.d.learnbuddy.service.CourseService     : 找到Python脚本: D:\001_ZJNUThird\ai-learning-partner\ai-learning-partner\learn-buddy-backend\python-crawler\run_scraper.py
2025-11-24 11:34:07.342  INFO 38212 --- [http-nio-8080-exec-10] c.d.learnbuddy.service.CourseService     : 检测到Python命令: python
2025-11-24 11:34:07.345  INFO 38212 --- [http-nio-8080-exec-10] c.d.learnbuddy.service.CourseService     : 使用Python命令: python, 脚本: D:\001_ZJNUThird\ai-learning-partner\ai-learning-partner\learn-buddy-backend\python-crawler\run_scraper.py
2025-11-24 11:34:07.480 DEBUG 38212 --- [http-nio-8080-exec-10] c.d.learnbuddy.service.CourseService     : Python输出:   File "D:\001_ZJNUThird\ai-learning-partner\ai-learning-partner\learn-buddy-backend\python-crawler\run_scraper.py", line 112
2025-11-24 11:34:07.480 DEBUG 38212 --- [http-nio-8080-exec-10] c.d.learnbuddy.service.CourseService     : Python输出:     http://localhost:3004/
2025-11-24 11:34:07.482 DEBUG 38212 --- [http-nio-8080-exec-10] c.d.learnbuddy.service.CourseService     : Python输出:          ^^
2025-11-24 11:34:07.482 DEBUG 38212 --- [http-nio-8080-exec-10] c.d.learnbuddy.service.CourseService     : Python输出: SyntaxError: invalid syntax
2025-11-24 11:34:07.486  INFO 38212 --- [http-nio-8080-exec-10] c.d.learnbuddy.service.CourseService     : Python进程退出码: 1
2025-11-24 11:34:07.486  WARN 38212 --- [http-nio-8080-exec-10] c.d.learnbuddy.service.CourseService     : Python脚本执行失败，退出码: 1
2025-11-24 11:34:07.487  INFO 38212 --- [http-nio-8080-exec-10] c.d.learnbuddy.service.CourseService     : 使用Java爬虫尝试抓取icourse163课程
2025-11-24 11:34:07.624  INFO 38212 --- [http-nio-8080-exec-10] c.d.learnbuddy.service.CourseService     : 选择器 'a[href*='/course/']' 找到 0 个链接
2025-11-24 11:34:07.625  INFO 38212 --- [http-nio-8080-exec-10] c.d.learnbuddy.service.CourseService     : 选择器 'div.course-card a' 找到 0 个链接
2025-11-24 11:34:07.629  INFO 38212 --- [http-nio-8080-exec-10] c.d.learnbuddy.service.CourseService     : 选择器 '.g-box a' 找到 0 个链接
2025-11-24 11:34:07.638  INFO 38212 --- [http-nio-8080-exec-10] c.d.learnbuddy.service.CourseService     : 选择器 'a.course-link' 找到 0 个链接
2025-11-24 11:34:07.640  INFO 38212 --- [http-nio-8080-exec-10] c.d.learnbuddy.service.CourseService     : Java爬虫找到 0 门课程
2025-11-24 11:34:07.641  INFO 38212 --- [http-nio-8080-exec-10] c.d.learnbuddy.service.CourseService     : 使用模拟数据
2025-11-24 11:34:07.641  INFO 38212 --- [http-nio-8080-exec-10] c.d.learnbuddy.service.CourseService     : 生成 12 门模拟课程
2025-11-24 11:34:07.642  INFO 38212 --- [http-nio-8080-exec-10] c.d.learnbuddy.service.CourseService     : 搜索结果: 4 门课程
2025-11-24 11:34:07.643  INFO 38212 --- [http-nio-8080-exec-10] c.d.l.controller.CourseController        : 搜索结果数量: 4
2025-11-24 11:34:10.467  INFO 38212 --- [http-nio-8080-exec-2] c.d.l.controller.CourseController        : 收到搜索课程请求 - keyword: null, category: 数学, difficulty: advanced
2025-11-24 11:34:10.469  INFO 38212 --- [http-nio-8080-exec-2] c.d.learnbuddy.service.CourseService     : 找到Python脚本: D:\001_ZJNUThird\ai-learning-partner\ai-learning-partner\learn-buddy-backend\python-crawler\run_scraper.py
2025-11-24 11:34:10.539  INFO 38212 --- [http-nio-8080-exec-2] c.d.learnbuddy.service.CourseService     : 检测到Python命令: python
2025-11-24 11:34:10.539  INFO 38212 --- [http-nio-8080-exec-2] c.d.learnbuddy.service.CourseService     : 使用Python命令: python, 脚本: D:\001_ZJNUThird\ai-learning-partner\ai-learning-partner\learn-buddy-backend\python-crawler\run_scraper.py
2025-11-24 11:34:10.709 DEBUG 38212 --- [http-nio-8080-exec-2] c.d.learnbuddy.service.CourseService     : Python输出:   File "D:\001_ZJNUThird\ai-learning-partner\ai-learning-partner\learn-buddy-backend\python-crawler\run_scraper.py", line 112
2025-11-24 11:34:10.710 DEBUG 38212 --- [http-nio-8080-exec-2] c.d.learnbuddy.service.CourseService     : Python输出:     http://localhost:3004/
2025-11-24 11:34:10.710 DEBUG 38212 --- [http-nio-8080-exec-2] c.d.learnbuddy.service.CourseService     : Python输出:          ^^
2025-11-24 11:34:10.711 DEBUG 38212 --- [http-nio-8080-exec-2] c.d.learnbuddy.service.CourseService     : Python输出: SyntaxError: invalid syntax
2025-11-24 11:34:10.724  INFO 38212 --- [http-nio-8080-exec-2] c.d.learnbuddy.service.CourseService     : Python进程退出码: 1
2025-11-24 11:34:10.725  WARN 38212 --- [http-nio-8080-exec-2] c.d.learnbuddy.service.CourseService     : Python脚本执行失败，退出码: 1
2025-11-24 11:34:10.725  INFO 38212 --- [http-nio-8080-exec-2] c.d.learnbuddy.service.CourseService     : 使用Java爬虫尝试抓取icourse163课程
2025-11-24 11:34:10.841  INFO 38212 --- [http-nio-8080-exec-2] c.d.learnbuddy.service.CourseService     : 选择器 'a[href*='/course/']' 找到 0 个链接
2025-11-24 11:34:10.842  INFO 38212 --- [http-nio-8080-exec-2] c.d.learnbuddy.service.CourseService     : 选择器 'div.course-card a' 找到 0 个链接
2025-11-24 11:34:10.843  INFO 38212 --- [http-nio-8080-exec-2] c.d.learnbuddy.service.CourseService     : 选择器 '.g-box a' 找到 0 个链接
2025-11-24 11:34:10.844  INFO 38212 --- [http-nio-8080-exec-2] c.d.learnbuddy.service.CourseService     : 选择器 'a.course-link' 找到 0 个链接
2025-11-24 11:34:10.844  INFO 38212 --- [http-nio-8080-exec-2] c.d.learnbuddy.service.CourseService     : Java爬虫找到 0 门课程
2025-11-24 11:34:10.844  INFO 38212 --- [http-nio-8080-exec-2] c.d.learnbuddy.service.CourseService     : 使用模拟数据
2025-11-24 11:34:10.846  INFO 38212 --- [http-nio-8080-exec-2] c.d.learnbuddy.service.CourseService     : 生成 12 门模拟课程
2025-11-24 11:34:10.847  INFO 38212 --- [http-nio-8080-exec-2] c.d.learnbuddy.service.CourseService     : 搜索结果: 0 门课程
2025-11-24 11:34:10.849  INFO 38212 --- [http-nio-8080-exec-2] c.d.l.controller.CourseController        : 搜索结果数量: 0
2025-11-24 11:34:12.769  INFO 38212 --- [http-nio-8080-exec-8] c.d.l.controller.CourseController        : 收到手动抓取课程请求
2025-11-24 11:34:12.775  INFO 38212 --- [http-nio-8080-exec-8] c.d.learnbuddy.service.CourseService     : 找到Python脚本: D:\001_ZJNUThird\ai-learning-partner\ai-learning-partner\learn-buddy-backend\python-crawler\run_scraper.py
2025-11-24 11:34:12.892  INFO 38212 --- [http-nio-8080-exec-8] c.d.learnbuddy.service.CourseService     : 检测到Python命令: python
2025-11-24 11:34:12.892  INFO 38212 --- [http-nio-8080-exec-8] c.d.learnbuddy.service.CourseService     : 使用Python命令: python, 脚本: D:\001_ZJNUThird\ai-learning-partner\ai-learning-partner\learn-buddy-backend\python-crawler\run_scraper.py
2025-11-24 11:34:13.114 DEBUG 38212 --- [http-nio-8080-exec-8] c.d.learnbuddy.service.CourseService     : Python输出:   File "D:\001_ZJNUThird\ai-learning-partner\ai-learning-partner\learn-buddy-backend\python-crawler\run_scraper.py", line 112
2025-11-24 11:34:13.115 DEBUG 38212 --- [http-nio-8080-exec-8] c.d.learnbuddy.service.CourseService     : Python输出:     http://localhost:3004/
2025-11-24 11:34:13.115 DEBUG 38212 --- [http-nio-8080-exec-8] c.d.learnbuddy.service.CourseService     : Python输出:          ^^
2025-11-24 11:34:13.115 DEBUG 38212 --- [http-nio-8080-exec-8] c.d.learnbuddy.service.CourseService     : Python输出: SyntaxError: invalid syntax
2025-11-24 11:34:13.129  INFO 38212 --- [http-nio-8080-exec-8] c.d.learnbuddy.service.CourseService     : Python进程退出码: 1
2025-11-24 11:34:13.131  WARN 38212 --- [http-nio-8080-exec-8] c.d.learnbuddy.service.CourseService     : Python脚本执行失败，退出码: 1
2025-11-24 11:34:13.131  INFO 38212 --- [http-nio-8080-exec-8] c.d.learnbuddy.service.CourseService     : 使用Java爬虫尝试抓取icourse163课程
2025-11-24 11:34:13.264  INFO 38212 --- [http-nio-8080-exec-8] c.d.learnbuddy.service.CourseService     : 选择器 'a[href*='/course/']' 找到 0 个链接
2025-11-24 11:34:13.265  INFO 38212 --- [http-nio-8080-exec-8] c.d.learnbuddy.service.CourseService     : 选择器 'div.course-card a' 找到 0 个链接
2025-11-24 11:34:13.268  INFO 38212 --- [http-nio-8080-exec-8] c.d.learnbuddy.service.CourseService     : 选择器 '.g-box a' 找到 0 个链接
2025-11-24 11:34:13.268  INFO 38212 --- [http-nio-8080-exec-8] c.d.learnbuddy.service.CourseService     : 选择器 'a.course-link' 找到 0 个链接
2025-11-24 11:34:13.269  INFO 38212 --- [http-nio-8080-exec-8] c.d.learnbuddy.service.CourseService     : Java爬虫找到 0 门课程
2025-11-24 11:34:13.269  INFO 38212 --- [http-nio-8080-exec-8] c.d.learnbuddy.service.CourseService     : 使用模拟数据
2025-11-24 11:34:13.271  INFO 38212 --- [http-nio-8080-exec-8] c.d.learnbuddy.service.CourseService     : 生成 12 门模拟课程
2025-11-24 11:34:13.273  INFO 38212 --- [http-nio-8080-exec-8] c.d.l.controller.CourseController        : 抓取课程返回数量: 12
2025-11-24 11:36:34.492  INFO 38212 --- [http-nio-8080-exec-5] c.d.l.controller.CourseController        : 收到获取推荐课程请求
2025-11-24 11:36:34.492  INFO 38212 --- [http-nio-8080-exec-5] c.d.learnbuddy.service.CourseService     : 找到Python脚本: D:\001_ZJNUThird\ai-learning-partner\ai-learning-partner\learn-buddy-backend\python-crawler\run_scraper.py
2025-11-24 11:36:34.577  INFO 38212 --- [http-nio-8080-exec-5] c.d.learnbuddy.service.CourseService     : 检测到Python命令: python
2025-11-24 11:36:34.577  INFO 38212 --- [http-nio-8080-exec-5] c.d.learnbuddy.service.CourseService     : 使用Python命令: python, 脚本: D:\001_ZJNUThird\ai-learning-partner\ai-learning-partner\learn-buddy-backend\python-crawler\run_scraper.py
2025-11-24 11:36:34.719 DEBUG 38212 --- [http-nio-8080-exec-5] c.d.learnbuddy.service.CourseService     : Python输出:   File "D:\001_ZJNUThird\ai-learning-partner\ai-learning-partner\learn-buddy-backend\python-crawler\run_scraper.py", line 112
2025-11-24 11:36:34.721 DEBUG 38212 --- [http-nio-8080-exec-5] c.d.learnbuddy.service.CourseService     : Python输出:     http://localhost:3004/
2025-11-24 11:36:34.721 DEBUG 38212 --- [http-nio-8080-exec-5] c.d.learnbuddy.service.CourseService     : Python输出:          ^^
2025-11-24 11:36:34.722 DEBUG 38212 --- [http-nio-8080-exec-5] c.d.learnbuddy.service.CourseService     : Python输出: SyntaxError: invalid syntax
2025-11-24 11:36:34.730  INFO 38212 --- [http-nio-8080-exec-5] c.d.learnbuddy.service.CourseService     : Python进程退出码: 1
2025-11-24 11:36:34.732  WARN 38212 --- [http-nio-8080-exec-5] c.d.learnbuddy.service.CourseService     : Python脚本执行失败，退出码: 1
2025-11-24 11:36:34.733  INFO 38212 --- [http-nio-8080-exec-5] c.d.learnbuddy.service.CourseService     : 使用Java爬虫尝试抓取icourse163课程
2025-11-24 11:36:34.899  INFO 38212 --- [http-nio-8080-exec-5] c.d.learnbuddy.service.CourseService     : 选择器 'a[href*='/course/']' 找到 0 个链接
2025-11-24 11:36:34.900  INFO 38212 --- [http-nio-8080-exec-5] c.d.learnbuddy.service.CourseService     : 选择器 'div.course-card a' 找到 0 个链接
2025-11-24 11:36:34.902  INFO 38212 --- [http-nio-8080-exec-5] c.d.learnbuddy.service.CourseService     : 选择器 '.g-box a' 找到 0 个链接
2025-11-24 11:36:34.902  INFO 38212 --- [http-nio-8080-exec-5] c.d.learnbuddy.service.CourseService     : 选择器 'a.course-link' 找到 0 个链接
2025-11-24 11:36:34.903  INFO 38212 --- [http-nio-8080-exec-5] c.d.learnbuddy.service.CourseService     : Java爬虫找到 0 门课程
2025-11-24 11:36:34.905  INFO 38212 --- [http-nio-8080-exec-5] c.d.learnbuddy.service.CourseService     : 使用模拟数据
2025-11-24 11:36:34.906  INFO 38212 --- [http-nio-8080-exec-5] c.d.learnbuddy.service.CourseService     : 生成 12 门模拟课程
2025-11-24 11:36:34.906  INFO 38212 --- [http-nio-8080-exec-5] c.d.l.controller.CourseController        : 返回推荐课程数量: 12
2025-11-24 11:38:37.033  INFO 35320 --- [main] c.d.l.LearnBuddyBackendApplication       : Starting LearnBuddyBackendApplication using Java 21.0.7 on LAPTOP-2IOG7FMP with PID 35320 (D:\001_ZJNUThird\ai-learning-partner\ai-learning-partner\learn-buddy-backend\target\classes started by jasmine in D:\001_ZJNUThird\ai-learning-partner\ai-learning-partner\learn-buddy-backend)
2025-11-24 11:38:37.034 DEBUG 35320 --- [main] c.d.l.LearnBuddyBackendApplication       : Running with Spring Boot v2.7.18, Spring v5.3.31
2025-11-24 11:38:37.035  INFO 35320 --- [main] c.d.l.LearnBuddyBackendApplication       : No active profile set, falling back to 1 default profile: "default"
2025-11-24 11:38:37.341  INFO 35320 --- [main] .s.d.r.c.RepositoryConfigurationDelegate : Bootstrapping Spring Data JPA repositories in DEFAULT mode.
2025-11-24 11:38:37.374  INFO 35320 --- [main] .s.d.r.c.RepositoryConfigurationDelegate : Finished Spring Data repository scanning in 30 ms. Found 9 JPA repository interfaces.
2025-11-24 11:38:37.651  INFO 35320 --- [main] o.s.b.w.embedded.tomcat.TomcatWebServer  : Tomcat initialized with port(s): 8080 (http)
2025-11-24 11:38:37.652  INFO 35320 --- [main] o.a.catalina.core.AprLifecycleListener   : Loaded Apache Tomcat Native library [2.0.8] using APR version [1.7.4].
2025-11-24 11:38:37.652  INFO 35320 --- [main] o.a.catalina.core.AprLifecycleListener   : APR capabilities: IPv6 [true], sendfile [true], accept filters [false], random [true], UDS [true].
2025-11-24 11:38:37.652  INFO 35320 --- [main] o.a.catalina.core.AprLifecycleListener   : APR/OpenSSL configuration: useAprConnector [false], useOpenSSL [true]
2025-11-24 11:38:37.663  INFO 35320 --- [main] o.a.catalina.core.AprLifecycleListener   : OpenSSL successfully initialized [OpenSSL 3.0.14 4 Jun 2024]
2025-11-24 11:38:37.668  INFO 35320 --- [main] o.apache.catalina.core.StandardService   : Starting service [Tomcat]
2025-11-24 11:38:37.669  INFO 35320 --- [main] org.apache.catalina.core.StandardEngine  : Starting Servlet engine: [Apache Tomcat/9.0.83]
2025-11-24 11:38:37.744  INFO 35320 --- [main] o.a.c.c.C.[Tomcat].[localhost].[/]       : Initializing Spring embedded WebApplicationContext
2025-11-24 11:38:37.744  INFO 35320 --- [main] w.s.c.ServletWebServerApplicationContext : Root WebApplicationContext: initialization completed in 682 ms
2025-11-24 11:38:37.818  INFO 35320 --- [main] o.hibernate.jpa.internal.util.LogHelper  : HHH000204: Processing PersistenceUnitInfo [name: default]
2025-11-24 11:38:37.849  INFO 35320 --- [main] org.hibernate.Version                    : HHH000412: Hibernate ORM core version 5.6.15.Final
2025-11-24 11:38:37.952  INFO 35320 --- [main] o.hibernate.annotations.common.Version   : HCANN000001: Hibernate Commons Annotations {5.1.2.Final}
2025-11-24 11:38:38.013  INFO 35320 --- [main] com.zaxxer.hikari.HikariDataSource       : HikariPool-1 - Starting...
2025-11-24 11:38:38.147  INFO 35320 --- [main] com.zaxxer.hikari.HikariDataSource       : HikariPool-1 - Start completed.
2025-11-24 11:38:38.157  INFO 35320 --- [main] org.hibernate.dialect.Dialect            : HHH000400: Using dialect: org.hibernate.dialect.MySQL8Dialect
2025-11-24 11:38:38.563  INFO 35320 --- [main] o.h.e.t.j.p.i.JtaPlatformInitiator       : HHH000490: Using JtaPlatform implementation: [org.hibernate.engine.transaction.jta.platform.internal.NoJtaPlatform]
2025-11-24 11:38:38.568  INFO 35320 --- [main] j.LocalContainerEntityManagerFactoryBean : Initialized JPA EntityManagerFactory for persistence unit 'default'
2025-11-24 11:38:38.963  WARN 35320 --- [main] JpaBaseConfiguration$JpaWebConfiguration : spring.jpa.open-in-view is enabled by default. Therefore, database queries may be performed during view rendering. Explicitly configure spring.jpa.open-in-view to disable this warning
2025-11-24 11:38:39.267  INFO 35320 --- [main] o.s.b.w.embedded.tomcat.TomcatWebServer  : Tomcat started on port(s): 8080 (http) with context path ''
2025-11-24 11:38:39.275  INFO 35320 --- [main] c.d.l.LearnBuddyBackendApplication       : Started LearnBuddyBackendApplication in 2.433 seconds (JVM running for 2.668)
2025-11-24 11:39:02.991  INFO 35320 --- [http-nio-8080-exec-2] o.a.c.c.C.[Tomcat].[localhost].[/]       : Initializing Spring DispatcherServlet 'dispatcherServlet'
2025-11-24 11:39:02.995  INFO 35320 --- [http-nio-8080-exec-2] o.s.web.servlet.DispatcherServlet        : Initializing Servlet 'dispatcherServlet'
2025-11-24 11:39:03.002  INFO 35320 --- [http-nio-8080-exec-2] o.s.web.servlet.DispatcherServlet        : Completed initialization in 6 ms
2025-11-24 11:39:03.104  INFO 35320 --- [http-nio-8080-exec-3] c.d.l.controller.UserController          : 获取所有用户列表
2025-11-24 11:39:03.549  INFO 35320 --- [http-nio-8080-exec-4] c.d.l.controller.UserController          : 用户登录尝试: 202301110
2025-11-24 11:39:03.682  INFO 35320 --- [http-nio-8080-exec-4] c.d.l.controller.UserController          : 用户登录成功: 202301110
2025-11-24 11:39:07.063  INFO 35320 --- [http-nio-8080-exec-6] c.d.l.controller.CourseController        : 收到获取推荐课程请求
2025-11-24 11:39:07.068  INFO 35320 --- [http-nio-8080-exec-6] c.d.learnbuddy.service.CourseService     : 找到Python脚本: D:\001_ZJNUThird\ai-learning-partner\ai-learning-partner\learn-buddy-backend\python-crawler\run_scraper.py
2025-11-24 11:39:07.143  INFO 35320 --- [http-nio-8080-exec-6] c.d.learnbuddy.service.CourseService     : 检测到Python命令: python
2025-11-24 11:39:07.144  INFO 35320 --- [http-nio-8080-exec-6] c.d.learnbuddy.service.CourseService     : 使用Python命令: python, 脚本: D:\001_ZJNUThird\ai-learning-partner\ai-learning-partner\learn-buddy-backend\python-crawler\run_scraper.py
2025-11-24 11:39:07.537 DEBUG 35320 --- [http-nio-8080-exec-6] c.d.learnbuddy.service.CourseService     : Python输出:   File "D:\001_ZJNUThird\ai-learning-partner\ai-learning-partner\learn-buddy-backend\python-crawler\run_scraper.py", line 112
2025-11-24 11:39:07.538 DEBUG 35320 --- [http-nio-8080-exec-6] c.d.learnbuddy.service.CourseService     : Python输出:     http://localhost:3004/
2025-11-24 11:39:07.540 DEBUG 35320 --- [http-nio-8080-exec-6] c.d.learnbuddy.service.CourseService     : Python输出:          ^^
2025-11-24 11:39:07.542 DEBUG 35320 --- [http-nio-8080-exec-6] c.d.learnbuddy.service.CourseService     : Python输出: SyntaxError: invalid syntax
2025-11-24 11:39:07.553  INFO 35320 --- [http-nio-8080-exec-6] c.d.learnbuddy.service.CourseService     : Python进程退出码: 1
2025-11-24 11:39:07.553  WARN 35320 --- [http-nio-8080-exec-6] c.d.learnbuddy.service.CourseService     : Python脚本执行失败，退出码: 1
2025-11-24 11:39:07.555  INFO 35320 --- [http-nio-8080-exec-6] c.d.learnbuddy.service.CourseService     : 使用Java爬虫尝试抓取icourse163课程
2025-11-24 11:39:08.805  INFO 35320 --- [http-nio-8080-exec-6] c.d.learnbuddy.service.CourseService     : 选择器 'a[href*='/course/']' 找到 0 个链接
2025-11-24 11:39:08.810  INFO 35320 --- [http-nio-8080-exec-6] c.d.learnbuddy.service.CourseService     : 选择器 'div.course-card a' 找到 0 个链接
2025-11-24 11:39:08.812  INFO 35320 --- [http-nio-8080-exec-6] c.d.learnbuddy.service.CourseService     : 选择器 '.g-box a' 找到 0 个链接
2025-11-24 11:39:08.815  INFO 35320 --- [http-nio-8080-exec-6] c.d.learnbuddy.service.CourseService     : 选择器 'a.course-link' 找到 0 个链接
2025-11-24 11:39:08.815  INFO 35320 --- [http-nio-8080-exec-6] c.d.learnbuddy.service.CourseService     : Java爬虫找到 0 门课程
2025-11-24 11:39:08.816  INFO 35320 --- [http-nio-8080-exec-6] c.d.learnbuddy.service.CourseService     : 使用模拟数据
2025-11-24 11:39:08.817  INFO 35320 --- [http-nio-8080-exec-6] c.d.learnbuddy.service.CourseService     : 生成 80 门高质量模拟课程
2025-11-24 11:39:08.817  INFO 35320 --- [http-nio-8080-exec-6] c.d.l.controller.CourseController        : 返回推荐课程数量: 80
2025-11-24 11:39:19.155  INFO 35320 --- [http-nio-8080-exec-8] c.d.l.controller.CourseController        : 收到搜索课程请求 - keyword: null, category: 语言, difficulty: null
2025-11-24 11:39:19.156  INFO 35320 --- [http-nio-8080-exec-8] c.d.learnbuddy.service.CourseService     : 找到Python脚本: D:\001_ZJNUThird\ai-learning-partner\ai-learning-partner\learn-buddy-backend\python-crawler\run_scraper.py
2025-11-24 11:39:19.220  INFO 35320 --- [http-nio-8080-exec-8] c.d.learnbuddy.service.CourseService     : 检测到Python命令: python
2025-11-24 11:39:19.223  INFO 35320 --- [http-nio-8080-exec-8] c.d.learnbuddy.service.CourseService     : 使用Python命令: python, 脚本: D:\001_ZJNUThird\ai-learning-partner\ai-learning-partner\learn-buddy-backend\python-crawler\run_scraper.py
2025-11-24 11:39:19.563 DEBUG 35320 --- [http-nio-8080-exec-8] c.d.learnbuddy.service.CourseService     : Python输出:   File "D:\001_ZJNUThird\ai-learning-partner\ai-learning-partner\learn-buddy-backend\python-crawler\run_scraper.py", line 112
2025-11-24 11:39:19.567 DEBUG 35320 --- [http-nio-8080-exec-8] c.d.learnbuddy.service.CourseService     : Python输出:     http://localhost:3004/
2025-11-24 11:39:19.567 DEBUG 35320 --- [http-nio-8080-exec-8] c.d.learnbuddy.service.CourseService     : Python输出:          ^^
2025-11-24 11:39:19.567 DEBUG 35320 --- [http-nio-8080-exec-8] c.d.learnbuddy.service.CourseService     : Python输出: SyntaxError: invalid syntax
2025-11-24 11:39:19.584  INFO 35320 --- [http-nio-8080-exec-8] c.d.learnbuddy.service.CourseService     : Python进程退出码: 1
2025-11-24 11:39:19.586  WARN 35320 --- [http-nio-8080-exec-8] c.d.learnbuddy.service.CourseService     : Python脚本执行失败，退出码: 1
2025-11-24 11:39:19.587  INFO 35320 --- [http-nio-8080-exec-8] c.d.learnbuddy.service.CourseService     : 使用Java爬虫尝试抓取icourse163课程
2025-11-24 11:39:19.767  INFO 35320 --- [http-nio-8080-exec-8] c.d.learnbuddy.service.CourseService     : 选择器 'a[href*='/course/']' 找到 0 个链接
2025-11-24 11:39:19.770  INFO 35320 --- [http-nio-8080-exec-8] c.d.learnbuddy.service.CourseService     : 选择器 'div.course-card a' 找到 0 个链接
2025-11-24 11:39:19.771  INFO 35320 --- [http-nio-8080-exec-8] c.d.learnbuddy.service.CourseService     : 选择器 '.g-box a' 找到 0 个链接
2025-11-24 11:39:19.774  INFO 35320 --- [http-nio-8080-exec-8] c.d.learnbuddy.service.CourseService     : 选择器 'a.course-link' 找到 0 个链接
2025-11-24 11:39:19.775  INFO 35320 --- [http-nio-8080-exec-8] c.d.learnbuddy.service.CourseService     : Java爬虫找到 0 门课程
2025-11-24 11:39:19.775  INFO 35320 --- [http-nio-8080-exec-8] c.d.learnbuddy.service.CourseService     : 使用模拟数据
2025-11-24 11:39:19.779  INFO 35320 --- [http-nio-8080-exec-8] c.d.learnbuddy.service.CourseService     : 生成 80 门高质量模拟课程
2025-11-24 11:39:19.782  INFO 35320 --- [http-nio-8080-exec-8] c.d.learnbuddy.service.CourseService     : 搜索结果: 15 门课程
2025-11-24 11:39:19.784  INFO 35320 --- [http-nio-8080-exec-8] c.d.l.controller.CourseController        : 搜索结果数量: 15
2025-11-24 11:39:25.610  INFO 35320 --- [http-nio-8080-exec-10] c.d.l.controller.CourseController        : 收到搜索课程请求 - keyword: null, category: 数学, difficulty: null
2025-11-24 11:39:25.611  INFO 35320 --- [http-nio-8080-exec-10] c.d.learnbuddy.service.CourseService     : 找到Python脚本: D:\001_ZJNUThird\ai-learning-partner\ai-learning-partner\learn-buddy-backend\python-crawler\run_scraper.py
2025-11-24 11:39:25.646  INFO 35320 --- [http-nio-8080-exec-10] c.d.learnbuddy.service.CourseService     : 检测到Python命令: python
2025-11-24 11:39:25.647  INFO 35320 --- [http-nio-8080-exec-10] c.d.learnbuddy.service.CourseService     : 使用Python命令: python, 脚本: D:\001_ZJNUThird\ai-learning-partner\ai-learning-partner\learn-buddy-backend\python-crawler\run_scraper.py
2025-11-24 11:39:25.823 DEBUG 35320 --- [http-nio-8080-exec-10] c.d.learnbuddy.service.CourseService     : Python输出:   File "D:\001_ZJNUThird\ai-learning-partner\ai-learning-partner\learn-buddy-backend\python-crawler\run_scraper.py", line 112
2025-11-24 11:39:25.824 DEBUG 35320 --- [http-nio-8080-exec-10] c.d.learnbuddy.service.CourseService     : Python输出:     http://localhost:3004/
2025-11-24 11:39:25.825 DEBUG 35320 --- [http-nio-8080-exec-10] c.d.learnbuddy.service.CourseService     : Python输出:          ^^
2025-11-24 11:39:25.826 DEBUG 35320 --- [http-nio-8080-exec-10] c.d.learnbuddy.service.CourseService     : Python输出: SyntaxError: invalid syntax
2025-11-24 11:39:25.834  INFO 35320 --- [http-nio-8080-exec-10] c.d.learnbuddy.service.CourseService     : Python进程退出码: 1
2025-11-24 11:39:25.834  WARN 35320 --- [http-nio-8080-exec-10] c.d.learnbuddy.service.CourseService     : Python脚本执行失败，退出码: 1
2025-11-24 11:39:25.835  INFO 35320 --- [http-nio-8080-exec-10] c.d.learnbuddy.service.CourseService     : 使用Java爬虫尝试抓取icourse163课程
2025-11-24 11:39:25.980  INFO 35320 --- [http-nio-8080-exec-10] c.d.learnbuddy.service.CourseService     : 选择器 'a[href*='/course/']' 找到 0 个链接
2025-11-24 11:39:25.983  INFO 35320 --- [http-nio-8080-exec-10] c.d.learnbuddy.service.CourseService     : 选择器 'div.course-card a' 找到 0 个链接
2025-11-24 11:39:25.983  INFO 35320 --- [http-nio-8080-exec-10] c.d.learnbuddy.service.CourseService     : 选择器 '.g-box a' 找到 0 个链接
2025-11-24 11:39:25.984  INFO 35320 --- [http-nio-8080-exec-10] c.d.learnbuddy.service.CourseService     : 选择器 'a.course-link' 找到 0 个链接
2025-11-24 11:39:25.987  INFO 35320 --- [http-nio-8080-exec-10] c.d.learnbuddy.service.CourseService     : Java爬虫找到 0 门课程
2025-11-24 11:39:25.987  INFO 35320 --- [http-nio-8080-exec-10] c.d.learnbuddy.service.CourseService     : 使用模拟数据
2025-11-24 11:39:25.991  INFO 35320 --- [http-nio-8080-exec-10] c.d.learnbuddy.service.CourseService     : 生成 80 门高质量模拟课程
2025-11-24 11:39:25.992  INFO 35320 --- [http-nio-8080-exec-10] c.d.learnbuddy.service.CourseService     : 搜索结果: 15 门课程
2025-11-24 11:39:25.993  INFO 35320 --- [http-nio-8080-exec-10] c.d.l.controller.CourseController        : 搜索结果数量: 15
2025-11-24 11:39:32.943  INFO 35320 --- [http-nio-8080-exec-3] c.d.l.controller.CourseController        : 收到搜索课程请求 - keyword: null, category: 数学, difficulty: beginner
2025-11-24 11:39:32.944  INFO 35320 --- [http-nio-8080-exec-3] c.d.learnbuddy.service.CourseService     : 找到Python脚本: D:\001_ZJNUThird\ai-learning-partner\ai-learning-partner\learn-buddy-backend\python-crawler\run_scraper.py
2025-11-24 11:39:32.989  INFO 35320 --- [http-nio-8080-exec-3] c.d.learnbuddy.service.CourseService     : 检测到Python命令: python
2025-11-24 11:39:32.990  INFO 35320 --- [http-nio-8080-exec-3] c.d.learnbuddy.service.CourseService     : 使用Python命令: python, 脚本: D:\001_ZJNUThird\ai-learning-partner\ai-learning-partner\learn-buddy-backend\python-crawler\run_scraper.py
2025-11-24 11:39:33.228 DEBUG 35320 --- [http-nio-8080-exec-3] c.d.learnbuddy.service.CourseService     : Python输出:   File "D:\001_ZJNUThird\ai-learning-partner\ai-learning-partner\learn-buddy-backend\python-crawler\run_scraper.py", line 112
2025-11-24 11:39:33.228 DEBUG 35320 --- [http-nio-8080-exec-3] c.d.learnbuddy.service.CourseService     : Python输出:     http://localhost:3004/
2025-11-24 11:39:33.228 DEBUG 35320 --- [http-nio-8080-exec-3] c.d.learnbuddy.service.CourseService     : Python输出:          ^^
2025-11-24 11:39:33.228 DEBUG 35320 --- [http-nio-8080-exec-3] c.d.learnbuddy.service.CourseService     : Python输出: SyntaxError: invalid syntax
2025-11-24 11:39:33.241  INFO 35320 --- [http-nio-8080-exec-3] c.d.learnbuddy.service.CourseService     : Python进程退出码: 1
2025-11-24 11:39:33.242  WARN 35320 --- [http-nio-8080-exec-3] c.d.learnbuddy.service.CourseService     : Python脚本执行失败，退出码: 1
2025-11-24 11:39:33.243  INFO 35320 --- [http-nio-8080-exec-3] c.d.learnbuddy.service.CourseService     : 使用Java爬虫尝试抓取icourse163课程
2025-11-24 11:39:33.388  INFO 35320 --- [http-nio-8080-exec-3] c.d.learnbuddy.service.CourseService     : 选择器 'a[href*='/course/']' 找到 0 个链接
2025-11-24 11:39:33.391  INFO 35320 --- [http-nio-8080-exec-3] c.d.learnbuddy.service.CourseService     : 选择器 'div.course-card a' 找到 0 个链接
2025-11-24 11:39:33.397  INFO 35320 --- [http-nio-8080-exec-3] c.d.learnbuddy.service.CourseService     : 选择器 '.g-box a' 找到 0 个链接
2025-11-24 11:39:33.399  INFO 35320 --- [http-nio-8080-exec-3] c.d.learnbuddy.service.CourseService     : 选择器 'a.course-link' 找到 0 个链接
2025-11-24 11:39:33.401  INFO 35320 --- [http-nio-8080-exec-3] c.d.learnbuddy.service.CourseService     : Java爬虫找到 0 门课程
2025-11-24 11:39:33.403  INFO 35320 --- [http-nio-8080-exec-3] c.d.learnbuddy.service.CourseService     : 使用模拟数据
2025-11-24 11:39:33.405  INFO 35320 --- [http-nio-8080-exec-3] c.d.learnbuddy.service.CourseService     : 生成 80 门高质量模拟课程
2025-11-24 11:39:33.410  INFO 35320 --- [http-nio-8080-exec-3] c.d.learnbuddy.service.CourseService     : 搜索结果: 1 门课程
2025-11-24 11:39:33.412  INFO 35320 --- [http-nio-8080-exec-3] c.d.l.controller.CourseController        : 搜索结果数量: 1
2025-11-24 11:39:36.689  INFO 35320 --- [http-nio-8080-exec-4] c.d.l.controller.CourseController        : 收到搜索课程请求 - keyword: null, category: 数学, difficulty: advanced
2025-11-24 11:39:36.690  INFO 35320 --- [http-nio-8080-exec-4] c.d.learnbuddy.service.CourseService     : 找到Python脚本: D:\001_ZJNUThird\ai-learning-partner\ai-learning-partner\learn-buddy-backend\python-crawler\run_scraper.py
2025-11-24 11:39:36.785  INFO 35320 --- [http-nio-8080-exec-4] c.d.learnbuddy.service.CourseService     : 检测到Python命令: python
2025-11-24 11:39:36.787  INFO 35320 --- [http-nio-8080-exec-4] c.d.learnbuddy.service.CourseService     : 使用Python命令: python, 脚本: D:\001_ZJNUThird\ai-learning-partner\ai-learning-partner\learn-buddy-backend\python-crawler\run_scraper.py
2025-11-24 11:39:37.038 DEBUG 35320 --- [http-nio-8080-exec-4] c.d.learnbuddy.service.CourseService     : Python输出:   File "D:\001_ZJNUThird\ai-learning-partner\ai-learning-partner\learn-buddy-backend\python-crawler\run_scraper.py", line 112
2025-11-24 11:39:37.039 DEBUG 35320 --- [http-nio-8080-exec-4] c.d.learnbuddy.service.CourseService     : Python输出:     http://localhost:3004/
2025-11-24 11:39:37.039 DEBUG 35320 --- [http-nio-8080-exec-4] c.d.learnbuddy.service.CourseService     : Python输出:          ^^
2025-11-24 11:39:37.039 DEBUG 35320 --- [http-nio-8080-exec-4] c.d.learnbuddy.service.CourseService     : Python输出: SyntaxError: invalid syntax
2025-11-24 11:39:37.051  INFO 35320 --- [http-nio-8080-exec-4] c.d.learnbuddy.service.CourseService     : Python进程退出码: 1
2025-11-24 11:39:37.052  WARN 35320 --- [http-nio-8080-exec-4] c.d.learnbuddy.service.CourseService     : Python脚本执行失败，退出码: 1
2025-11-24 11:39:37.052  INFO 35320 --- [http-nio-8080-exec-4] c.d.learnbuddy.service.CourseService     : 使用Java爬虫尝试抓取icourse163课程
2025-11-24 11:39:37.232  INFO 35320 --- [http-nio-8080-exec-4] c.d.learnbuddy.service.CourseService     : 选择器 'a[href*='/course/']' 找到 0 个链接
2025-11-24 11:39:37.233  INFO 35320 --- [http-nio-8080-exec-4] c.d.learnbuddy.service.CourseService     : 选择器 'div.course-card a' 找到 0 个链接
2025-11-24 11:39:37.233  INFO 35320 --- [http-nio-8080-exec-4] c.d.learnbuddy.service.CourseService     : 选择器 '.g-box a' 找到 0 个链接
2025-11-24 11:39:37.235  INFO 35320 --- [http-nio-8080-exec-4] c.d.learnbuddy.service.CourseService     : 选择器 'a.course-link' 找到 0 个链接
2025-11-24 11:39:37.236  INFO 35320 --- [http-nio-8080-exec-4] c.d.learnbuddy.service.CourseService     : Java爬虫找到 0 门课程
2025-11-24 11:39:37.236  INFO 35320 --- [http-nio-8080-exec-4] c.d.learnbuddy.service.CourseService     : 使用模拟数据
2025-11-24 11:39:37.238  INFO 35320 --- [http-nio-8080-exec-4] c.d.learnbuddy.service.CourseService     : 生成 80 门高质量模拟课程
2025-11-24 11:39:37.239  INFO 35320 --- [http-nio-8080-exec-4] c.d.learnbuddy.service.CourseService     : 搜索结果: 8 门课程
2025-11-24 11:39:37.240  INFO 35320 --- [http-nio-8080-exec-4] c.d.l.controller.CourseController        : 搜索结果数量: 8
2025-11-24 11:39:40.896  INFO 35320 --- [http-nio-8080-exec-6] c.d.l.controller.CourseController        : 收到搜索课程请求 - keyword: null, category: null, difficulty: advanced
2025-11-24 11:39:40.897  INFO 35320 --- [http-nio-8080-exec-6] c.d.learnbuddy.service.CourseService     : 找到Python脚本: D:\001_ZJNUThird\ai-learning-partner\ai-learning-partner\learn-buddy-backend\python-crawler\run_scraper.py
2025-11-24 11:39:40.939  INFO 35320 --- [http-nio-8080-exec-6] c.d.learnbuddy.service.CourseService     : 检测到Python命令: python
2025-11-24 11:39:40.944  INFO 35320 --- [http-nio-8080-exec-6] c.d.learnbuddy.service.CourseService     : 使用Python命令: python, 脚本: D:\001_ZJNUThird\ai-learning-partner\ai-learning-partner\learn-buddy-backend\python-crawler\run_scraper.py
2025-11-24 11:39:41.046 DEBUG 35320 --- [http-nio-8080-exec-6] c.d.learnbuddy.service.CourseService     : Python输出:   File "D:\001_ZJNUThird\ai-learning-partner\ai-learning-partner\learn-buddy-backend\python-crawler\run_scraper.py", line 112
2025-11-24 11:39:41.046 DEBUG 35320 --- [http-nio-8080-exec-6] c.d.learnbuddy.service.CourseService     : Python输出:     http://localhost:3004/
2025-11-24 11:39:41.047 DEBUG 35320 --- [http-nio-8080-exec-6] c.d.learnbuddy.service.CourseService     : Python输出:          ^^
2025-11-24 11:39:41.047 DEBUG 35320 --- [http-nio-8080-exec-6] c.d.learnbuddy.service.CourseService     : Python输出: SyntaxError: invalid syntax
2025-11-24 11:39:41.052  INFO 35320 --- [http-nio-8080-exec-6] c.d.learnbuddy.service.CourseService     : Python进程退出码: 1
2025-11-24 11:39:41.053  WARN 35320 --- [http-nio-8080-exec-6] c.d.learnbuddy.service.CourseService     : Python脚本执行失败，退出码: 1
2025-11-24 11:39:41.053  INFO 35320 --- [http-nio-8080-exec-6] c.d.learnbuddy.service.CourseService     : 使用Java爬虫尝试抓取icourse163课程
2025-11-24 11:39:41.160  INFO 35320 --- [http-nio-8080-exec-6] c.d.learnbuddy.service.CourseService     : 选择器 'a[href*='/course/']' 找到 0 个链接
2025-11-24 11:39:41.164  INFO 35320 --- [http-nio-8080-exec-6] c.d.learnbuddy.service.CourseService     : 选择器 'div.course-card a' 找到 0 个链接
2025-11-24 11:39:41.165  INFO 35320 --- [http-nio-8080-exec-6] c.d.learnbuddy.service.CourseService     : 选择器 '.g-box a' 找到 0 个链接
2025-11-24 11:39:41.166  INFO 35320 --- [http-nio-8080-exec-6] c.d.learnbuddy.service.CourseService     : 选择器 'a.course-link' 找到 0 个链接
2025-11-24 11:39:41.166  INFO 35320 --- [http-nio-8080-exec-6] c.d.learnbuddy.service.CourseService     : Java爬虫找到 0 门课程
2025-11-24 11:39:41.167  INFO 35320 --- [http-nio-8080-exec-6] c.d.learnbuddy.service.CourseService     : 使用模拟数据
2025-11-24 11:39:41.167  INFO 35320 --- [http-nio-8080-exec-6] c.d.learnbuddy.service.CourseService     : 生成 80 门高质量模拟课程
2025-11-24 11:39:41.167  INFO 35320 --- [http-nio-8080-exec-6] c.d.learnbuddy.service.CourseService     : 搜索结果: 23 门课程
2025-11-24 11:39:41.167  INFO 35320 --- [http-nio-8080-exec-6] c.d.l.controller.CourseController        : 搜索结果数量: 23
2025-11-24 11:39:43.239  INFO 35320 --- [http-nio-8080-exec-8] c.d.l.controller.CourseController        : 收到搜索课程请求 - keyword: null, category: null, difficulty: null
2025-11-24 11:39:43.241  INFO 35320 --- [http-nio-8080-exec-8] c.d.learnbuddy.service.CourseService     : 找到Python脚本: D:\001_ZJNUThird\ai-learning-partner\ai-learning-partner\learn-buddy-backend\python-crawler\run_scraper.py
2025-11-24 11:39:43.289  INFO 35320 --- [http-nio-8080-exec-8] c.d.learnbuddy.service.CourseService     : 检测到Python命令: python
2025-11-24 11:39:43.289  INFO 35320 --- [http-nio-8080-exec-8] c.d.learnbuddy.service.CourseService     : 使用Python命令: python, 脚本: D:\001_ZJNUThird\ai-learning-partner\ai-learning-partner\learn-buddy-backend\python-crawler\run_scraper.py
2025-11-24 11:39:43.591 DEBUG 35320 --- [http-nio-8080-exec-8] c.d.learnbuddy.service.CourseService     : Python输出:   File "D:\001_ZJNUThird\ai-learning-partner\ai-learning-partner\learn-buddy-backend\python-crawler\run_scraper.py", line 112
2025-11-24 11:39:43.592 DEBUG 35320 --- [http-nio-8080-exec-8] c.d.learnbuddy.service.CourseService     : Python输出:     http://localhost:3004/
2025-11-24 11:39:43.594 DEBUG 35320 --- [http-nio-8080-exec-8] c.d.learnbuddy.service.CourseService     : Python输出:          ^^
2025-11-24 11:39:43.594 DEBUG 35320 --- [http-nio-8080-exec-8] c.d.learnbuddy.service.CourseService     : Python输出: SyntaxError: invalid syntax
2025-11-24 11:39:43.611  INFO 35320 --- [http-nio-8080-exec-8] c.d.learnbuddy.service.CourseService     : Python进程退出码: 1
2025-11-24 11:39:43.612  WARN 35320 --- [http-nio-8080-exec-8] c.d.learnbuddy.service.CourseService     : Python脚本执行失败，退出码: 1
2025-11-24 11:39:43.613  INFO 35320 --- [http-nio-8080-exec-8] c.d.learnbuddy.service.CourseService     : 使用Java爬虫尝试抓取icourse163课程
2025-11-24 11:39:43.779  INFO 35320 --- [http-nio-8080-exec-8] c.d.learnbuddy.service.CourseService     : 选择器 'a[href*='/course/']' 找到 0 个链接
2025-11-24 11:39:43.780  INFO 35320 --- [http-nio-8080-exec-8] c.d.learnbuddy.service.CourseService     : 选择器 'div.course-card a' 找到 0 个链接
2025-11-24 11:39:43.781  INFO 35320 --- [http-nio-8080-exec-8] c.d.learnbuddy.service.CourseService     : 选择器 '.g-box a' 找到 0 个链接
2025-11-24 11:39:43.783  INFO 35320 --- [http-nio-8080-exec-8] c.d.learnbuddy.service.CourseService     : 选择器 'a.course-link' 找到 0 个链接
2025-11-24 11:39:43.784  INFO 35320 --- [http-nio-8080-exec-8] c.d.learnbuddy.service.CourseService     : Java爬虫找到 0 门课程
2025-11-24 11:39:43.784  INFO 35320 --- [http-nio-8080-exec-8] c.d.learnbuddy.service.CourseService     : 使用模拟数据
2025-11-24 11:39:43.785  INFO 35320 --- [http-nio-8080-exec-8] c.d.learnbuddy.service.CourseService     : 生成 80 门高质量模拟课程
2025-11-24 11:39:43.786  INFO 35320 --- [http-nio-8080-exec-8] c.d.learnbuddy.service.CourseService     : 搜索结果: 80 门课程
2025-11-24 11:39:43.786  INFO 35320 --- [http-nio-8080-exec-8] c.d.l.controller.CourseController        : 搜索结果数量: 80
2025-11-24 11:39:58.029  INFO 35320 --- [http-nio-8080-exec-10] c.d.l.controller.CourseController        : 收到搜索课程请求 - keyword: 浙江大学, category: null, difficulty: null
2025-11-24 11:39:58.030  INFO 35320 --- [http-nio-8080-exec-10] c.d.learnbuddy.service.CourseService     : 找到Python脚本: D:\001_ZJNUThird\ai-learning-partner\ai-learning-partner\learn-buddy-backend\python-crawler\run_scraper.py
2025-11-24 11:39:58.092  INFO 35320 --- [http-nio-8080-exec-10] c.d.learnbuddy.service.CourseService     : 检测到Python命令: python
2025-11-24 11:39:58.093  INFO 35320 --- [http-nio-8080-exec-10] c.d.learnbuddy.service.CourseService     : 使用Python命令: python, 脚本: D:\001_ZJNUThird\ai-learning-partner\ai-learning-partner\learn-buddy-backend\python-crawler\run_scraper.py
2025-11-24 11:39:58.183 DEBUG 35320 --- [http-nio-8080-exec-10] c.d.learnbuddy.service.CourseService     : Python输出:   File "D:\001_ZJNUThird\ai-learning-partner\ai-learning-partner\learn-buddy-backend\python-crawler\run_scraper.py", line 112
2025-11-24 11:39:58.188 DEBUG 35320 --- [http-nio-8080-exec-10] c.d.learnbuddy.service.CourseService     : Python输出:     http://localhost:3004/
2025-11-24 11:39:58.188 DEBUG 35320 --- [http-nio-8080-exec-10] c.d.learnbuddy.service.CourseService     : Python输出:          ^^
2025-11-24 11:39:58.189 DEBUG 35320 --- [http-nio-8080-exec-10] c.d.learnbuddy.service.CourseService     : Python输出: SyntaxError: invalid syntax
2025-11-24 11:39:58.189  INFO 35320 --- [http-nio-8080-exec-10] c.d.learnbuddy.service.CourseService     : Python进程退出码: 1
2025-11-24 11:39:58.190  WARN 35320 --- [http-nio-8080-exec-10] c.d.learnbuddy.service.CourseService     : Python脚本执行失败，退出码: 1
2025-11-24 11:39:58.190  INFO 35320 --- [http-nio-8080-exec-10] c.d.learnbuddy.service.CourseService     : 使用Java爬虫尝试抓取icourse163课程
2025-11-24 11:39:58.328  INFO 35320 --- [http-nio-8080-exec-10] c.d.learnbuddy.service.CourseService     : 选择器 'a[href*='/course/']' 找到 0 个链接
2025-11-24 11:39:58.329  INFO 35320 --- [http-nio-8080-exec-10] c.d.learnbuddy.service.CourseService     : 选择器 'div.course-card a' 找到 0 个链接
2025-11-24 11:39:58.332  INFO 35320 --- [http-nio-8080-exec-10] c.d.learnbuddy.service.CourseService     : 选择器 '.g-box a' 找到 0 个链接
2025-11-24 11:39:58.333  INFO 35320 --- [http-nio-8080-exec-10] c.d.learnbuddy.service.CourseService     : 选择器 'a.course-link' 找到 0 个链接
2025-11-24 11:39:58.334  INFO 35320 --- [http-nio-8080-exec-10] c.d.learnbuddy.service.CourseService     : Java爬虫找到 0 门课程
2025-11-24 11:39:58.341  INFO 35320 --- [http-nio-8080-exec-10] c.d.learnbuddy.service.CourseService     : 使用模拟数据
2025-11-24 11:39:58.342  INFO 35320 --- [http-nio-8080-exec-10] c.d.learnbuddy.service.CourseService     : 生成 80 门高质量模拟课程
2025-11-24 11:39:58.347  INFO 35320 --- [http-nio-8080-exec-10] c.d.learnbuddy.service.CourseService     : 搜索结果: 4 门课程
2025-11-24 11:39:58.347  INFO 35320 --- [http-nio-8080-exec-10] c.d.l.controller.CourseController        : 搜索结果数量: 4
2025-11-24 11:40:08.868  INFO 35320 --- [http-nio-8080-exec-1] c.d.l.controller.CourseController        : 收到搜索课程请求 - keyword: 浙江师范大学, category: null, difficulty: null
2025-11-24 11:40:08.870  INFO 35320 --- [http-nio-8080-exec-1] c.d.learnbuddy.service.CourseService     : 找到Python脚本: D:\001_ZJNUThird\ai-learning-partner\ai-learning-partner\learn-buddy-backend\python-crawler\run_scraper.py
2025-11-24 11:40:08.935  INFO 35320 --- [http-nio-8080-exec-1] c.d.learnbuddy.service.CourseService     : 检测到Python命令: python
2025-11-24 11:40:08.936  INFO 35320 --- [http-nio-8080-exec-1] c.d.learnbuddy.service.CourseService     : 使用Python命令: python, 脚本: D:\001_ZJNUThird\ai-learning-partner\ai-learning-partner\learn-buddy-backend\python-crawler\run_scraper.py
2025-11-24 11:40:09.040 DEBUG 35320 --- [http-nio-8080-exec-1] c.d.learnbuddy.service.CourseService     : Python输出:   File "D:\001_ZJNUThird\ai-learning-partner\ai-learning-partner\learn-buddy-backend\python-crawler\run_scraper.py", line 112
2025-11-24 11:40:09.042 DEBUG 35320 --- [http-nio-8080-exec-1] c.d.learnbuddy.service.CourseService     : Python输出:     http://localhost:3004/
2025-11-24 11:40:09.044 DEBUG 35320 --- [http-nio-8080-exec-1] c.d.learnbuddy.service.CourseService     : Python输出:          ^^
2025-11-24 11:40:09.044 DEBUG 35320 --- [http-nio-8080-exec-1] c.d.learnbuddy.service.CourseService     : Python输出: SyntaxError: invalid syntax
2025-11-24 11:40:09.051  INFO 35320 --- [http-nio-8080-exec-1] c.d.learnbuddy.service.CourseService     : Python进程退出码: 1
2025-11-24 11:40:09.053  WARN 35320 --- [http-nio-8080-exec-1] c.d.learnbuddy.service.CourseService     : Python脚本执行失败，退出码: 1
2025-11-24 11:40:09.053  INFO 35320 --- [http-nio-8080-exec-1] c.d.learnbuddy.service.CourseService     : 使用Java爬虫尝试抓取icourse163课程
2025-11-24 11:40:09.207  INFO 35320 --- [http-nio-8080-exec-1] c.d.learnbuddy.service.CourseService     : 选择器 'a[href*='/course/']' 找到 0 个链接
2025-11-24 11:40:09.210  INFO 35320 --- [http-nio-8080-exec-1] c.d.learnbuddy.service.CourseService     : 选择器 'div.course-card a' 找到 0 个链接
2025-11-24 11:40:09.216  INFO 35320 --- [http-nio-8080-exec-1] c.d.learnbuddy.service.CourseService     : 选择器 '.g-box a' 找到 0 个链接
2025-11-24 11:40:09.224  INFO 35320 --- [http-nio-8080-exec-1] c.d.learnbuddy.service.CourseService     : 选择器 'a.course-link' 找到 0 个链接
2025-11-24 11:40:09.225  INFO 35320 --- [http-nio-8080-exec-1] c.d.learnbuddy.service.CourseService     : Java爬虫找到 0 门课程
2025-11-24 11:40:09.226  INFO 35320 --- [http-nio-8080-exec-1] c.d.learnbuddy.service.CourseService     : 使用模拟数据
2025-11-24 11:40:09.226  INFO 35320 --- [http-nio-8080-exec-1] c.d.learnbuddy.service.CourseService     : 生成 80 门高质量模拟课程
2025-11-24 11:40:09.227  INFO 35320 --- [http-nio-8080-exec-1] c.d.learnbuddy.service.CourseService     : 搜索结果: 0 门课程
2025-11-24 11:40:09.229  INFO 35320 --- [http-nio-8080-exec-1] c.d.l.controller.CourseController        : 搜索结果数量: 0
2025-11-24 11:40:10.783  INFO 35320 --- [http-nio-8080-exec-5] c.d.l.controller.CourseController        : 收到手动抓取课程请求
2025-11-24 11:40:10.784  INFO 35320 --- [http-nio-8080-exec-5] c.d.learnbuddy.service.CourseService     : 找到Python脚本: D:\001_ZJNUThird\ai-learning-partner\ai-learning-partner\learn-buddy-backend\python-crawler\run_scraper.py
2025-11-24 11:40:10.837  INFO 35320 --- [http-nio-8080-exec-5] c.d.learnbuddy.service.CourseService     : 检测到Python命令: python
2025-11-24 11:40:10.838  INFO 35320 --- [http-nio-8080-exec-5] c.d.learnbuddy.service.CourseService     : 使用Python命令: python, 脚本: D:\001_ZJNUThird\ai-learning-partner\ai-learning-partner\learn-buddy-backend\python-crawler\run_scraper.py
2025-11-24 11:40:10.933 DEBUG 35320 --- [http-nio-8080-exec-5] c.d.learnbuddy.service.CourseService     : Python输出:   File "D:\001_ZJNUThird\ai-learning-partner\ai-learning-partner\learn-buddy-backend\python-crawler\run_scraper.py", line 112
2025-11-24 11:40:10.933 DEBUG 35320 --- [http-nio-8080-exec-5] c.d.learnbuddy.service.CourseService     : Python输出:     http://localhost:3004/
2025-11-24 11:40:10.935 DEBUG 35320 --- [http-nio-8080-exec-5] c.d.learnbuddy.service.CourseService     : Python输出:          ^^
2025-11-24 11:40:10.935 DEBUG 35320 --- [http-nio-8080-exec-5] c.d.learnbuddy.service.CourseService     : Python输出: SyntaxError: invalid syntax
2025-11-24 11:40:10.940  INFO 35320 --- [http-nio-8080-exec-5] c.d.learnbuddy.service.CourseService     : Python进程退出码: 1
2025-11-24 11:40:10.940  WARN 35320 --- [http-nio-8080-exec-5] c.d.learnbuddy.service.CourseService     : Python脚本执行失败，退出码: 1
2025-11-24 11:40:10.941  INFO 35320 --- [http-nio-8080-exec-5] c.d.learnbuddy.service.CourseService     : 使用Java爬虫尝试抓取icourse163课程
2025-11-24 11:40:11.060  INFO 35320 --- [http-nio-8080-exec-5] c.d.learnbuddy.service.CourseService     : 选择器 'a[href*='/course/']' 找到 0 个链接
2025-11-24 11:40:11.061  INFO 35320 --- [http-nio-8080-exec-5] c.d.learnbuddy.service.CourseService     : 选择器 'div.course-card a' 找到 0 个链接
2025-11-24 11:40:11.062  INFO 35320 --- [http-nio-8080-exec-5] c.d.learnbuddy.service.CourseService     : 选择器 '.g-box a' 找到 0 个链接
2025-11-24 11:40:11.063  INFO 35320 --- [http-nio-8080-exec-5] c.d.learnbuddy.service.CourseService     : 选择器 'a.course-link' 找到 0 个链接
2025-11-24 11:40:11.063  INFO 35320 --- [http-nio-8080-exec-5] c.d.learnbuddy.service.CourseService     : Java爬虫找到 0 门课程
2025-11-24 11:40:11.064  INFO 35320 --- [http-nio-8080-exec-5] c.d.learnbuddy.service.CourseService     : 使用模拟数据
2025-11-24 11:40:11.065  INFO 35320 --- [http-nio-8080-exec-5] c.d.learnbuddy.service.CourseService     : 生成 80 门高质量模拟课程
2025-11-24 11:40:11.066  INFO 35320 --- [http-nio-8080-exec-5] c.d.l.controller.CourseController        : 抓取课程返回数量: 80
2025-11-24 11:40:26.392  INFO 35320 --- [http-nio-8080-exec-6] c.d.l.controller.CourseController        : 收到搜索课程请求 - keyword: null, category: null, difficulty: null
2025-11-24 11:40:26.393  INFO 35320 --- [http-nio-8080-exec-6] c.d.learnbuddy.service.CourseService     : 找到Python脚本: D:\001_ZJNUThird\ai-learning-partner\ai-learning-partner\learn-buddy-backend\python-crawler\run_scraper.py
2025-11-24 11:40:26.432  INFO 35320 --- [http-nio-8080-exec-6] c.d.learnbuddy.service.CourseService     : 检测到Python命令: python
2025-11-24 11:40:26.432  INFO 35320 --- [http-nio-8080-exec-6] c.d.learnbuddy.service.CourseService     : 使用Python命令: python, 脚本: D:\001_ZJNUThird\ai-learning-partner\ai-learning-partner\learn-buddy-backend\python-crawler\run_scraper.py
2025-11-24 11:40:26.686 DEBUG 35320 --- [http-nio-8080-exec-6] c.d.learnbuddy.service.CourseService     : Python输出:   File "D:\001_ZJNUThird\ai-learning-partner\ai-learning-partner\learn-buddy-backend\python-crawler\run_scraper.py", line 112
2025-11-24 11:40:26.689 DEBUG 35320 --- [http-nio-8080-exec-6] c.d.learnbuddy.service.CourseService     : Python输出:     http://localhost:3004/
2025-11-24 11:40:26.690 DEBUG 35320 --- [http-nio-8080-exec-6] c.d.learnbuddy.service.CourseService     : Python输出:          ^^
2025-11-24 11:40:26.690 DEBUG 35320 --- [http-nio-8080-exec-6] c.d.learnbuddy.service.CourseService     : Python输出: SyntaxError: invalid syntax
2025-11-24 11:40:26.698  INFO 35320 --- [http-nio-8080-exec-6] c.d.learnbuddy.service.CourseService     : Python进程退出码: 1
2025-11-24 11:40:26.699  WARN 35320 --- [http-nio-8080-exec-6] c.d.learnbuddy.service.CourseService     : Python脚本执行失败，退出码: 1
2025-11-24 11:40:26.699  INFO 35320 --- [http-nio-8080-exec-6] c.d.learnbuddy.service.CourseService     : 使用Java爬虫尝试抓取icourse163课程
2025-11-24 11:40:26.858  INFO 35320 --- [http-nio-8080-exec-6] c.d.learnbuddy.service.CourseService     : 选择器 'a[href*='/course/']' 找到 0 个链接
2025-11-24 11:40:26.859  INFO 35320 --- [http-nio-8080-exec-6] c.d.learnbuddy.service.CourseService     : 选择器 'div.course-card a' 找到 0 个链接
2025-11-24 11:40:26.860  INFO 35320 --- [http-nio-8080-exec-6] c.d.learnbuddy.service.CourseService     : 选择器 '.g-box a' 找到 0 个链接
2025-11-24 11:40:26.861  INFO 35320 --- [http-nio-8080-exec-6] c.d.learnbuddy.service.CourseService     : 选择器 'a.course-link' 找到 0 个链接
2025-11-24 11:40:26.861  INFO 35320 --- [http-nio-8080-exec-6] c.d.learnbuddy.service.CourseService     : Java爬虫找到 0 门课程
2025-11-24 11:40:26.861  INFO 35320 --- [http-nio-8080-exec-6] c.d.learnbuddy.service.CourseService     : 使用模拟数据
2025-11-24 11:40:26.862  INFO 35320 --- [http-nio-8080-exec-6] c.d.learnbuddy.service.CourseService     : 生成 80 门高质量模拟课程
2025-11-24 11:40:26.862  INFO 35320 --- [http-nio-8080-exec-6] c.d.learnbuddy.service.CourseService     : 搜索结果: 80 门课程
2025-11-24 11:40:26.863  INFO 35320 --- [http-nio-8080-exec-6] c.d.l.controller.CourseController        : 搜索结果数量: 80
2025-11-24 11:40:30.966  INFO 35320 --- [http-nio-8080-exec-8] c.d.l.controller.CourseController        : 收到搜索课程请求 - keyword: null, category: 计算机, difficulty: null
2025-11-24 11:40:30.967  INFO 35320 --- [http-nio-8080-exec-8] c.d.learnbuddy.service.CourseService     : 找到Python脚本: D:\001_ZJNUThird\ai-learning-partner\ai-learning-partner\learn-buddy-backend\python-crawler\run_scraper.py
2025-11-24 11:40:31.009  INFO 35320 --- [http-nio-8080-exec-8] c.d.learnbuddy.service.CourseService     : 检测到Python命令: python
2025-11-24 11:40:31.009  INFO 35320 --- [http-nio-8080-exec-8] c.d.learnbuddy.service.CourseService     : 使用Python命令: python, 脚本: D:\001_ZJNUThird\ai-learning-partner\ai-learning-partner\learn-buddy-backend\python-crawler\run_scraper.py
2025-11-24 11:40:31.152 DEBUG 35320 --- [http-nio-8080-exec-8] c.d.learnbuddy.service.CourseService     : Python输出:   File "D:\001_ZJNUThird\ai-learning-partner\ai-learning-partner\learn-buddy-backend\python-crawler\run_scraper.py", line 112
2025-11-24 11:40:31.153 DEBUG 35320 --- [http-nio-8080-exec-8] c.d.learnbuddy.service.CourseService     : Python输出:     http://localhost:3004/
2025-11-24 11:40:31.154 DEBUG 35320 --- [http-nio-8080-exec-8] c.d.learnbuddy.service.CourseService     : Python输出:          ^^
2025-11-24 11:40:31.155 DEBUG 35320 --- [http-nio-8080-exec-8] c.d.learnbuddy.service.CourseService     : Python输出: SyntaxError: invalid syntax
2025-11-24 11:40:31.163  INFO 35320 --- [http-nio-8080-exec-8] c.d.learnbuddy.service.CourseService     : Python进程退出码: 1
2025-11-24 11:40:31.164  WARN 35320 --- [http-nio-8080-exec-8] c.d.learnbuddy.service.CourseService     : Python脚本执行失败，退出码: 1
2025-11-24 11:40:31.164  INFO 35320 --- [http-nio-8080-exec-8] c.d.learnbuddy.service.CourseService     : 使用Java爬虫尝试抓取icourse163课程
2025-11-24 11:40:31.308  INFO 35320 --- [http-nio-8080-exec-8] c.d.learnbuddy.service.CourseService     : 选择器 'a[href*='/course/']' 找到 0 个链接
2025-11-24 11:40:31.310  INFO 35320 --- [http-nio-8080-exec-8] c.d.learnbuddy.service.CourseService     : 选择器 'div.course-card a' 找到 0 个链接
2025-11-24 11:40:31.312  INFO 35320 --- [http-nio-8080-exec-8] c.d.learnbuddy.service.CourseService     : 选择器 '.g-box a' 找到 0 个链接
2025-11-24 11:40:31.313  INFO 35320 --- [http-nio-8080-exec-8] c.d.learnbuddy.service.CourseService     : 选择器 'a.course-link' 找到 0 个链接
2025-11-24 11:40:31.314  INFO 35320 --- [http-nio-8080-exec-8] c.d.learnbuddy.service.CourseService     : Java爬虫找到 0 门课程
2025-11-24 11:40:31.314  INFO 35320 --- [http-nio-8080-exec-8] c.d.learnbuddy.service.CourseService     : 使用模拟数据
2025-11-24 11:40:31.315  INFO 35320 --- [http-nio-8080-exec-8] c.d.learnbuddy.service.CourseService     : 生成 80 门高质量模拟课程
2025-11-24 11:40:31.316  INFO 35320 --- [http-nio-8080-exec-8] c.d.learnbuddy.service.CourseService     : 搜索结果: 25 门课程
2025-11-24 11:40:31.316  INFO 35320 --- [http-nio-8080-exec-8] c.d.l.controller.CourseController        : 搜索结果数量: 25
2025-11-24 11:40:33.252  INFO 35320 --- [http-nio-8080-exec-9] c.d.l.controller.CourseController        : 收到搜索课程请求 - keyword: null, category: 数学, difficulty: null
2025-11-24 11:40:33.254  INFO 35320 --- [http-nio-8080-exec-9] c.d.learnbuddy.service.CourseService     : 找到Python脚本: D:\001_ZJNUThird\ai-learning-partner\ai-learning-partner\learn-buddy-backend\python-crawler\run_scraper.py
2025-11-24 11:40:33.305  INFO 35320 --- [http-nio-8080-exec-9] c.d.learnbuddy.service.CourseService     : 检测到Python命令: python
2025-11-24 11:40:33.306  INFO 35320 --- [http-nio-8080-exec-9] c.d.learnbuddy.service.CourseService     : 使用Python命令: python, 脚本: D:\001_ZJNUThird\ai-learning-partner\ai-learning-partner\learn-buddy-backend\python-crawler\run_scraper.py
2025-11-24 11:40:33.551 DEBUG 35320 --- [http-nio-8080-exec-9] c.d.learnbuddy.service.CourseService     : Python输出:   File "D:\001_ZJNUThird\ai-learning-partner\ai-learning-partner\learn-buddy-backend\python-crawler\run_scraper.py", line 112
2025-11-24 11:40:33.552 DEBUG 35320 --- [http-nio-8080-exec-9] c.d.learnbuddy.service.CourseService     : Python输出:     http://localhost:3004/
2025-11-24 11:40:33.552 DEBUG 35320 --- [http-nio-8080-exec-9] c.d.learnbuddy.service.CourseService     : Python输出:          ^^
2025-11-24 11:40:33.552 DEBUG 35320 --- [http-nio-8080-exec-9] c.d.learnbuddy.service.CourseService     : Python输出: SyntaxError: invalid syntax
2025-11-24 11:40:33.562  INFO 35320 --- [http-nio-8080-exec-9] c.d.learnbuddy.service.CourseService     : Python进程退出码: 1
2025-11-24 11:40:33.563  WARN 35320 --- [http-nio-8080-exec-9] c.d.learnbuddy.service.CourseService     : Python脚本执行失败，退出码: 1
2025-11-24 11:40:33.563  INFO 35320 --- [http-nio-8080-exec-9] c.d.learnbuddy.service.CourseService     : 使用Java爬虫尝试抓取icourse163课程
2025-11-24 11:40:33.696  INFO 35320 --- [http-nio-8080-exec-9] c.d.learnbuddy.service.CourseService     : 选择器 'a[href*='/course/']' 找到 0 个链接
2025-11-24 11:40:33.699  INFO 35320 --- [http-nio-8080-exec-9] c.d.learnbuddy.service.CourseService     : 选择器 'div.course-card a' 找到 0 个链接
2025-11-24 11:40:33.701  INFO 35320 --- [http-nio-8080-exec-9] c.d.learnbuddy.service.CourseService     : 选择器 '.g-box a' 找到 0 个链接
2025-11-24 11:40:33.703  INFO 35320 --- [http-nio-8080-exec-9] c.d.learnbuddy.service.CourseService     : 选择器 'a.course-link' 找到 0 个链接
2025-11-24 11:40:33.704  INFO 35320 --- [http-nio-8080-exec-9] c.d.learnbuddy.service.CourseService     : Java爬虫找到 0 门课程
2025-11-24 11:40:33.705  INFO 35320 --- [http-nio-8080-exec-9] c.d.learnbuddy.service.CourseService     : 使用模拟数据
2025-11-24 11:40:33.706  INFO 35320 --- [http-nio-8080-exec-9] c.d.learnbuddy.service.CourseService     : 生成 80 门高质量模拟课程
2025-11-24 11:40:33.707  INFO 35320 --- [http-nio-8080-exec-9] c.d.learnbuddy.service.CourseService     : 搜索结果: 15 门课程
2025-11-24 11:40:33.707  INFO 35320 --- [http-nio-8080-exec-9] c.d.l.controller.CourseController        : 搜索结果数量: 15
2025-11-24 11:40:57.255  INFO 35320 --- [http-nio-8080-exec-10] c.d.l.controller.CourseController        : 收到搜索课程请求 - keyword: null, category: null, difficulty: null
2025-11-24 11:40:57.256  INFO 35320 --- [http-nio-8080-exec-10] c.d.learnbuddy.service.CourseService     : 找到Python脚本: D:\001_ZJNUThird\ai-learning-partner\ai-learning-partner\learn-buddy-backend\python-crawler\run_scraper.py
2025-11-24 11:40:57.301  INFO 35320 --- [http-nio-8080-exec-10] c.d.learnbuddy.service.CourseService     : 检测到Python命令: python
2025-11-24 11:40:57.302  INFO 35320 --- [http-nio-8080-exec-10] c.d.learnbuddy.service.CourseService     : 使用Python命令: python, 脚本: D:\001_ZJNUThird\ai-learning-partner\ai-learning-partner\learn-buddy-backend\python-crawler\run_scraper.py
2025-11-24 11:40:57.462 DEBUG 35320 --- [http-nio-8080-exec-10] c.d.learnbuddy.service.CourseService     : Python输出:   File "D:\001_ZJNUThird\ai-learning-partner\ai-learning-partner\learn-buddy-backend\python-crawler\run_scraper.py", line 112
2025-11-24 11:40:57.463 DEBUG 35320 --- [http-nio-8080-exec-10] c.d.learnbuddy.service.CourseService     : Python输出:     http://localhost:3004/
2025-11-24 11:40:57.464 DEBUG 35320 --- [http-nio-8080-exec-10] c.d.learnbuddy.service.CourseService     : Python输出:          ^^
2025-11-24 11:40:57.464 DEBUG 35320 --- [http-nio-8080-exec-10] c.d.learnbuddy.service.CourseService     : Python输出: SyntaxError: invalid syntax
2025-11-24 11:40:57.471  INFO 35320 --- [http-nio-8080-exec-10] c.d.learnbuddy.service.CourseService     : Python进程退出码: 1
2025-11-24 11:40:57.471  WARN 35320 --- [http-nio-8080-exec-10] c.d.learnbuddy.service.CourseService     : Python脚本执行失败，退出码: 1
2025-11-24 11:40:57.471  INFO 35320 --- [http-nio-8080-exec-10] c.d.learnbuddy.service.CourseService     : 使用Java爬虫尝试抓取icourse163课程
2025-11-24 11:40:57.603  INFO 35320 --- [http-nio-8080-exec-10] c.d.learnbuddy.service.CourseService     : 选择器 'a[href*='/course/']' 找到 0 个链接
2025-11-24 11:40:57.604  INFO 35320 --- [http-nio-8080-exec-10] c.d.learnbuddy.service.CourseService     : 选择器 'div.course-card a' 找到 0 个链接
2025-11-24 11:40:57.607  INFO 35320 --- [http-nio-8080-exec-10] c.d.learnbuddy.service.CourseService     : 选择器 '.g-box a' 找到 0 个链接
2025-11-24 11:40:57.608  INFO 35320 --- [http-nio-8080-exec-10] c.d.learnbuddy.service.CourseService     : 选择器 'a.course-link' 找到 0 个链接
2025-11-24 11:40:57.609  INFO 35320 --- [http-nio-8080-exec-10] c.d.learnbuddy.service.CourseService     : Java爬虫找到 0 门课程
2025-11-24 11:40:57.610  INFO 35320 --- [http-nio-8080-exec-10] c.d.learnbuddy.service.CourseService     : 使用模拟数据
2025-11-24 11:40:57.611  INFO 35320 --- [http-nio-8080-exec-10] c.d.learnbuddy.service.CourseService     : 生成 80 门高质量模拟课程
2025-11-24 11:40:57.612  INFO 35320 --- [http-nio-8080-exec-10] c.d.learnbuddy.service.CourseService     : 搜索结果: 80 门课程
2025-11-24 11:40:57.614  INFO 35320 --- [http-nio-8080-exec-10] c.d.l.controller.CourseController        : 搜索结果数量: 80
2025-11-24 11:47:30.438  INFO 17168 --- [main] c.d.l.LearnBuddyBackendApplication       : Starting LearnBuddyBackendApplication using Java 21.0.7 on LAPTOP-2IOG7FMP with PID 17168 (D:\001_ZJNUThird\ai-learning-partner\ai-learning-partner\learn-buddy-backend\target\classes started by jasmine in D:\001_ZJNUThird\ai-learning-partner\ai-learning-partner\learn-buddy-backend)
2025-11-24 11:47:30.439 DEBUG 17168 --- [main] c.d.l.LearnBuddyBackendApplication       : Running with Spring Boot v2.7.18, Spring v5.3.31
2025-11-24 11:47:30.440  INFO 17168 --- [main] c.d.l.LearnBuddyBackendApplication       : No active profile set, falling back to 1 default profile: "default"
2025-11-24 11:47:30.731  INFO 17168 --- [main] .s.d.r.c.RepositoryConfigurationDelegate : Bootstrapping Spring Data JPA repositories in DEFAULT mode.
2025-11-24 11:47:30.763  INFO 17168 --- [main] .s.d.r.c.RepositoryConfigurationDelegate : Finished Spring Data repository scanning in 29 ms. Found 9 JPA repository interfaces.
2025-11-24 11:47:31.212  INFO 17168 --- [main] o.s.b.w.embedded.tomcat.TomcatWebServer  : Tomcat initialized with port(s): 8080 (http)
2025-11-24 11:47:31.214  INFO 17168 --- [main] o.a.catalina.core.AprLifecycleListener   : Loaded Apache Tomcat Native library [2.0.8] using APR version [1.7.4].
2025-11-24 11:47:31.224  INFO 17168 --- [main] o.a.catalina.core.AprLifecycleListener   : APR capabilities: IPv6 [true], sendfile [true], accept filters [false], random [true], UDS [true].
2025-11-24 11:47:31.225  INFO 17168 --- [main] o.a.catalina.core.AprLifecycleListener   : APR/OpenSSL configuration: useAprConnector [false], useOpenSSL [true]
2025-11-24 11:47:31.239  INFO 17168 --- [main] o.a.catalina.core.AprLifecycleListener   : OpenSSL successfully initialized [OpenSSL 3.0.14 4 Jun 2024]
2025-11-24 11:47:31.259  INFO 17168 --- [main] o.apache.catalina.core.StandardService   : Starting service [Tomcat]
2025-11-24 11:47:31.260  INFO 17168 --- [main] org.apache.catalina.core.StandardEngine  : Starting Servlet engine: [Apache Tomcat/9.0.83]
2025-11-24 11:47:31.438  INFO 17168 --- [main] o.a.c.c.C.[Tomcat].[localhost].[/]       : Initializing Spring embedded WebApplicationContext
2025-11-24 11:47:31.439  INFO 17168 --- [main] w.s.c.ServletWebServerApplicationContext : Root WebApplicationContext: initialization completed in 975 ms
2025-11-24 11:47:31.605  INFO 17168 --- [main] o.hibernate.jpa.internal.util.LogHelper  : HHH000204: Processing PersistenceUnitInfo [name: default]
2025-11-24 11:47:31.650  INFO 17168 --- [main] org.hibernate.Version                    : HHH000412: Hibernate ORM core version 5.6.15.Final
2025-11-24 11:47:31.831  INFO 17168 --- [main] o.hibernate.annotations.common.Version   : HCANN000001: Hibernate Commons Annotations {5.1.2.Final}
2025-11-24 11:47:31.930  INFO 17168 --- [main] com.zaxxer.hikari.HikariDataSource       : HikariPool-1 - Starting...
2025-11-24 11:47:32.160  INFO 17168 --- [main] com.zaxxer.hikari.HikariDataSource       : HikariPool-1 - Start completed.
2025-11-24 11:47:32.178  INFO 17168 --- [main] org.hibernate.dialect.Dialect            : HHH000400: Using dialect: org.hibernate.dialect.MySQL8Dialect
2025-11-24 11:47:33.153  INFO 17168 --- [main] o.h.e.t.j.p.i.JtaPlatformInitiator       : HHH000490: Using JtaPlatform implementation: [org.hibernate.engine.transaction.jta.platform.internal.NoJtaPlatform]
2025-11-24 11:47:33.163  INFO 17168 --- [main] j.LocalContainerEntityManagerFactoryBean : Initialized JPA EntityManagerFactory for persistence unit 'default'
2025-11-24 11:47:34.265  WARN 17168 --- [main] JpaBaseConfiguration$JpaWebConfiguration : spring.jpa.open-in-view is enabled by default. Therefore, database queries may be performed during view rendering. Explicitly configure spring.jpa.open-in-view to disable this warning
2025-11-24 11:47:34.670  INFO 17168 --- [main] o.s.b.w.embedded.tomcat.TomcatWebServer  : Tomcat started on port(s): 8080 (http) with context path ''
2025-11-24 11:47:34.680  INFO 17168 --- [main] c.d.l.LearnBuddyBackendApplication       : Started LearnBuddyBackendApplication in 4.436 seconds (JVM running for 4.691)
2025-11-24 11:47:39.773  INFO 17168 --- [http-nio-8080-exec-1] o.a.c.c.C.[Tomcat].[localhost].[/]       : Initializing Spring DispatcherServlet 'dispatcherServlet'
2025-11-24 11:47:39.774  INFO 17168 --- [http-nio-8080-exec-1] o.s.web.servlet.DispatcherServlet        : Initializing Servlet 'dispatcherServlet'
2025-11-24 11:47:39.775  INFO 17168 --- [http-nio-8080-exec-1] o.s.web.servlet.DispatcherServlet        : Completed initialization in 1 ms
2025-11-24 11:47:39.802  INFO 17168 --- [http-nio-8080-exec-1] c.d.l.controller.CourseController        : 收到获取推荐课程请求
2025-11-24 11:47:39.803  INFO 17168 --- [http-nio-8080-exec-1] c.d.learnbuddy.service.CourseService     : 找到Python脚本: D:\001_ZJNUThird\ai-learning-partner\ai-learning-partner\learn-buddy-backend\python-crawler\run_scraper.py
2025-11-24 11:47:39.864  INFO 17168 --- [http-nio-8080-exec-1] c.d.learnbuddy.service.CourseService     : 检测到Python命令: python
2025-11-24 11:47:39.865  INFO 17168 --- [http-nio-8080-exec-1] c.d.learnbuddy.service.CourseService     : 使用Python命令: python, 脚本: D:\001_ZJNUThird\ai-learning-partner\ai-learning-partner\learn-buddy-backend\python-crawler\run_scraper.py
2025-11-24 11:47:39.960 DEBUG 17168 --- [http-nio-8080-exec-1] c.d.learnbuddy.service.CourseService     : Python输出:   File "D:\001_ZJNUThird\ai-learning-partner\ai-learning-partner\learn-buddy-backend\python-crawler\run_scraper.py", line 112
2025-11-24 11:47:39.961 DEBUG 17168 --- [http-nio-8080-exec-1] c.d.learnbuddy.service.CourseService     : Python输出:     http://localhost:3004/
2025-11-24 11:47:39.961 DEBUG 17168 --- [http-nio-8080-exec-1] c.d.learnbuddy.service.CourseService     : Python输出:          ^^
2025-11-24 11:47:39.962 DEBUG 17168 --- [http-nio-8080-exec-1] c.d.learnbuddy.service.CourseService     : Python输出: SyntaxError: invalid syntax
2025-11-24 11:47:39.965  INFO 17168 --- [http-nio-8080-exec-1] c.d.learnbuddy.service.CourseService     : Python进程退出码: 1
2025-11-24 11:47:39.966  WARN 17168 --- [http-nio-8080-exec-1] c.d.learnbuddy.service.CourseService     : Python脚本执行失败，退出码: 1
2025-11-24 11:47:39.966  INFO 17168 --- [http-nio-8080-exec-1] c.d.learnbuddy.service.CourseService     : 使用Java爬虫尝试抓取icourse163课程
2025-11-24 11:47:40.601  INFO 17168 --- [http-nio-8080-exec-1] c.d.learnbuddy.service.CourseService     : 选择器 'a[href*='/course/']' 找到 0 个链接
2025-11-24 11:47:40.606  INFO 17168 --- [http-nio-8080-exec-1] c.d.learnbuddy.service.CourseService     : 选择器 'div.course-card a' 找到 0 个链接
2025-11-24 11:47:40.607  INFO 17168 --- [http-nio-8080-exec-1] c.d.learnbuddy.service.CourseService     : 选择器 '.g-box a' 找到 0 个链接
2025-11-24 11:47:40.608  INFO 17168 --- [http-nio-8080-exec-1] c.d.learnbuddy.service.CourseService     : 选择器 'a.course-link' 找到 0 个链接
2025-11-24 11:47:40.608  INFO 17168 --- [http-nio-8080-exec-1] c.d.learnbuddy.service.CourseService     : Java爬虫找到 0 门课程
2025-11-24 11:47:40.609  INFO 17168 --- [http-nio-8080-exec-1] c.d.learnbuddy.service.CourseService     : 使用模拟数据
2025-11-24 11:47:40.611  INFO 17168 --- [http-nio-8080-exec-1] c.d.learnbuddy.service.CourseService     : 生成 71 门高质量模拟课程
2025-11-24 11:47:40.612  INFO 17168 --- [http-nio-8080-exec-1] c.d.l.controller.CourseController        : 返回推荐课程数量: 71
2025-11-24 11:59:46.001  INFO 17168 --- [http-nio-8080-exec-4] c.d.l.controller.CourseController        : 收到获取推荐课程请求
2025-11-24 11:59:46.002  INFO 17168 --- [http-nio-8080-exec-4] c.d.learnbuddy.service.CourseService     : 找到Python脚本: D:\001_ZJNUThird\ai-learning-partner\ai-learning-partner\learn-buddy-backend\python-crawler\run_scraper.py
2025-11-24 11:59:46.071  INFO 17168 --- [http-nio-8080-exec-4] c.d.learnbuddy.service.CourseService     : 检测到Python命令: python
2025-11-24 11:59:46.072  INFO 17168 --- [http-nio-8080-exec-4] c.d.learnbuddy.service.CourseService     : 使用Python命令: python, 脚本: D:\001_ZJNUThird\ai-learning-partner\ai-learning-partner\learn-buddy-backend\python-crawler\run_scraper.py
2025-11-24 11:59:46.275 DEBUG 17168 --- [http-nio-8080-exec-4] c.d.learnbuddy.service.CourseService     : Python输出:   File "D:\001_ZJNUThird\ai-learning-partner\ai-learning-partner\learn-buddy-backend\python-crawler\run_scraper.py", line 112
2025-11-24 11:59:46.276 DEBUG 17168 --- [http-nio-8080-exec-4] c.d.learnbuddy.service.CourseService     : Python输出:     http://localhost:3004/
2025-11-24 11:59:46.276 DEBUG 17168 --- [http-nio-8080-exec-4] c.d.learnbuddy.service.CourseService     : Python输出:          ^^
2025-11-24 11:59:46.276 DEBUG 17168 --- [http-nio-8080-exec-4] c.d.learnbuddy.service.CourseService     : Python输出: SyntaxError: invalid syntax
2025-11-24 11:59:46.283  INFO 17168 --- [http-nio-8080-exec-4] c.d.learnbuddy.service.CourseService     : Python进程退出码: 1
2025-11-24 11:59:46.285  WARN 17168 --- [http-nio-8080-exec-4] c.d.learnbuddy.service.CourseService     : Python脚本执行失败，退出码: 1
2025-11-24 11:59:46.285  INFO 17168 --- [http-nio-8080-exec-4] c.d.learnbuddy.service.CourseService     : 使用Java爬虫尝试抓取icourse163课程
2025-11-24 11:59:46.503  INFO 17168 --- [http-nio-8080-exec-4] c.d.learnbuddy.service.CourseService     : 选择器 'a[href*='/course/']' 找到 0 个链接
2025-11-24 11:59:46.503  INFO 17168 --- [http-nio-8080-exec-4] c.d.learnbuddy.service.CourseService     : 选择器 'div.course-card a' 找到 0 个链接
2025-11-24 11:59:46.504  INFO 17168 --- [http-nio-8080-exec-4] c.d.learnbuddy.service.CourseService     : 选择器 '.g-box a' 找到 0 个链接
2025-11-24 11:59:46.504  INFO 17168 --- [http-nio-8080-exec-4] c.d.learnbuddy.service.CourseService     : 选择器 'a.course-link' 找到 0 个链接
2025-11-24 11:59:46.505  INFO 17168 --- [http-nio-8080-exec-4] c.d.learnbuddy.service.CourseService     : Java爬虫找到 0 门课程
2025-11-24 11:59:46.506  INFO 17168 --- [http-nio-8080-exec-4] c.d.learnbuddy.service.CourseService     : 使用模拟数据
2025-11-24 11:59:46.508  INFO 17168 --- [http-nio-8080-exec-4] c.d.learnbuddy.service.CourseService     : 生成 71 门高质量模拟课程
2025-11-24 11:59:46.509  INFO 17168 --- [http-nio-8080-exec-4] c.d.l.controller.CourseController        : 返回推荐课程数量: 71
2025-11-24 12:00:32.220  INFO 21600 --- [main] c.d.l.LearnBuddyBackendApplication       : Starting LearnBuddyBackendApplication using Java 21.0.7 on LAPTOP-2IOG7FMP with PID 21600 (D:\001_ZJNUThird\ai-learning-partner\ai-learning-partner\learn-buddy-backend\target\classes started by jasmine in D:\001_ZJNUThird\ai-learning-partner\ai-learning-partner\learn-buddy-backend)
2025-11-24 12:00:32.222 DEBUG 21600 --- [main] c.d.l.LearnBuddyBackendApplication       : Running with Spring Boot v2.7.18, Spring v5.3.31
2025-11-24 12:00:32.223  INFO 21600 --- [main] c.d.l.LearnBuddyBackendApplication       : No active profile set, falling back to 1 default profile: "default"
2025-11-24 12:00:32.545  INFO 21600 --- [main] .s.d.r.c.RepositoryConfigurationDelegate : Bootstrapping Spring Data JPA repositories in DEFAULT mode.
2025-11-24 12:00:32.578  INFO 21600 --- [main] .s.d.r.c.RepositoryConfigurationDelegate : Finished Spring Data repository scanning in 30 ms. Found 9 JPA repository interfaces.
2025-11-24 12:00:32.839  INFO 21600 --- [main] o.s.b.w.embedded.tomcat.TomcatWebServer  : Tomcat initialized with port(s): 8080 (http)
2025-11-24 12:00:32.840  INFO 21600 --- [main] o.a.catalina.core.AprLifecycleListener   : Loaded Apache Tomcat Native library [2.0.8] using APR version [1.7.4].
2025-11-24 12:00:32.840  INFO 21600 --- [main] o.a.catalina.core.AprLifecycleListener   : APR capabilities: IPv6 [true], sendfile [true], accept filters [false], random [true], UDS [true].
2025-11-24 12:00:32.840  INFO 21600 --- [main] o.a.catalina.core.AprLifecycleListener   : APR/OpenSSL configuration: useAprConnector [false], useOpenSSL [true]
2025-11-24 12:00:32.843  INFO 21600 --- [main] o.a.catalina.core.AprLifecycleListener   : OpenSSL successfully initialized [OpenSSL 3.0.14 4 Jun 2024]
2025-11-24 12:00:32.848  INFO 21600 --- [main] o.apache.catalina.core.StandardService   : Starting service [Tomcat]
2025-11-24 12:00:32.849  INFO 21600 --- [main] org.apache.catalina.core.StandardEngine  : Starting Servlet engine: [Apache Tomcat/9.0.83]
2025-11-24 12:00:32.927  INFO 21600 --- [main] o.a.c.c.C.[Tomcat].[localhost].[/]       : Initializing Spring embedded WebApplicationContext
2025-11-24 12:00:32.927  INFO 21600 --- [main] w.s.c.ServletWebServerApplicationContext : Root WebApplicationContext: initialization completed in 675 ms
2025-11-24 12:00:33.014  INFO 21600 --- [main] o.hibernate.jpa.internal.util.LogHelper  : HHH000204: Processing PersistenceUnitInfo [name: default]
2025-11-24 12:00:33.032  INFO 21600 --- [main] org.hibernate.Version                    : HHH000412: Hibernate ORM core version 5.6.15.Final
2025-11-24 12:00:33.100  INFO 21600 --- [main] o.hibernate.annotations.common.Version   : HCANN000001: Hibernate Commons Annotations {5.1.2.Final}
2025-11-24 12:00:33.138  INFO 21600 --- [main] com.zaxxer.hikari.HikariDataSource       : HikariPool-1 - Starting...
2025-11-24 12:00:33.214  INFO 21600 --- [main] com.zaxxer.hikari.HikariDataSource       : HikariPool-1 - Start completed.
2025-11-24 12:00:33.225  INFO 21600 --- [main] org.hibernate.dialect.Dialect            : HHH000400: Using dialect: org.hibernate.dialect.MySQL8Dialect
2025-11-24 12:00:33.569  INFO 21600 --- [main] o.h.e.t.j.p.i.JtaPlatformInitiator       : HHH000490: Using JtaPlatform implementation: [org.hibernate.engine.transaction.jta.platform.internal.NoJtaPlatform]
2025-11-24 12:00:33.575  INFO 21600 --- [main] j.LocalContainerEntityManagerFactoryBean : Initialized JPA EntityManagerFactory for persistence unit 'default'
2025-11-24 12:00:34.014  WARN 21600 --- [main] JpaBaseConfiguration$JpaWebConfiguration : spring.jpa.open-in-view is enabled by default. Therefore, database queries may be performed during view rendering. Explicitly configure spring.jpa.open-in-view to disable this warning
2025-11-24 12:00:34.181  INFO 21600 --- [main] o.s.b.w.embedded.tomcat.TomcatWebServer  : Tomcat started on port(s): 8080 (http) with context path ''
2025-11-24 12:00:34.184  INFO 21600 --- [main] c.d.l.LearnBuddyBackendApplication       : Started LearnBuddyBackendApplication in 2.204 seconds (JVM running for 2.43)
2025-11-24 12:00:59.040  INFO 21600 --- [http-nio-8080-exec-2] o.a.c.c.C.[Tomcat].[localhost].[/]       : Initializing Spring DispatcherServlet 'dispatcherServlet'
2025-11-24 12:00:59.041  INFO 21600 --- [http-nio-8080-exec-2] o.s.web.servlet.DispatcherServlet        : Initializing Servlet 'dispatcherServlet'
2025-11-24 12:00:59.043  INFO 21600 --- [http-nio-8080-exec-2] o.s.web.servlet.DispatcherServlet        : Completed initialization in 2 ms
2025-11-24 12:00:59.086  INFO 21600 --- [http-nio-8080-exec-2] c.d.l.controller.CourseController        : 收到获取推荐课程请求
2025-11-24 12:00:59.089  INFO 21600 --- [http-nio-8080-exec-2] c.d.learnbuddy.service.CourseService     : 找到Python脚本: D:\001_ZJNUThird\ai-learning-partner\ai-learning-partner\learn-buddy-backend\python-crawler\run_scraper.py
2025-11-24 12:00:59.153  INFO 21600 --- [http-nio-8080-exec-2] c.d.learnbuddy.service.CourseService     : 检测到Python命令: python
2025-11-24 12:00:59.155  INFO 21600 --- [http-nio-8080-exec-2] c.d.learnbuddy.service.CourseService     : 使用Python命令: python, 脚本: D:\001_ZJNUThird\ai-learning-partner\ai-learning-partner\learn-buddy-backend\python-crawler\run_scraper.py
2025-11-24 12:00:59.286 DEBUG 21600 --- [http-nio-8080-exec-2] c.d.learnbuddy.service.CourseService     : Python输出:   File "D:\001_ZJNUThird\ai-learning-partner\ai-learning-partner\learn-buddy-backend\python-crawler\run_scraper.py", line 112
2025-11-24 12:00:59.286 DEBUG 21600 --- [http-nio-8080-exec-2] c.d.learnbuddy.service.CourseService     : Python输出:     http://localhost:3004/
2025-11-24 12:00:59.286 DEBUG 21600 --- [http-nio-8080-exec-2] c.d.learnbuddy.service.CourseService     : Python输出:          ^^
2025-11-24 12:00:59.287 DEBUG 21600 --- [http-nio-8080-exec-2] c.d.learnbuddy.service.CourseService     : Python输出: SyntaxError: invalid syntax
2025-11-24 12:00:59.290  INFO 21600 --- [http-nio-8080-exec-2] c.d.learnbuddy.service.CourseService     : Python进程退出码: 1
2025-11-24 12:00:59.290  WARN 21600 --- [http-nio-8080-exec-2] c.d.learnbuddy.service.CourseService     : Python脚本执行失败，退出码: 1
2025-11-24 12:00:59.291  INFO 21600 --- [http-nio-8080-exec-2] c.d.learnbuddy.service.CourseService     : 使用Java爬虫尝试抓取icourse163课程
2025-11-24 12:01:00.338  INFO 21600 --- [http-nio-8080-exec-2] c.d.learnbuddy.service.CourseService     : 选择器 'a[href*='/course/']' 找到 0 个链接
2025-11-24 12:01:00.343  INFO 21600 --- [http-nio-8080-exec-2] c.d.learnbuddy.service.CourseService     : 选择器 'div.course-card a' 找到 0 个链接
2025-11-24 12:01:00.347  INFO 21600 --- [http-nio-8080-exec-2] c.d.learnbuddy.service.CourseService     : 选择器 '.g-box a' 找到 0 个链接
2025-11-24 12:01:00.348  INFO 21600 --- [http-nio-8080-exec-2] c.d.learnbuddy.service.CourseService     : 选择器 'a.course-link' 找到 0 个链接
2025-11-24 12:01:00.349  INFO 21600 --- [http-nio-8080-exec-2] c.d.learnbuddy.service.CourseService     : Java爬虫找到 0 门课程
2025-11-24 12:01:00.350  INFO 21600 --- [http-nio-8080-exec-2] c.d.learnbuddy.service.CourseService     : 使用模拟数据
2025-11-24 12:01:00.352  INFO 21600 --- [http-nio-8080-exec-2] c.d.learnbuddy.service.CourseService     : 生成 70 门高质量模拟课程
2025-11-24 12:01:00.353  INFO 21600 --- [http-nio-8080-exec-2] c.d.l.controller.CourseController        : 返回推荐课程数量: 70
2025-11-24 12:01:10.575  INFO 21600 --- [http-nio-8080-exec-1] c.d.l.controller.CourseController        : 收到搜索课程请求 - keyword: null, category: 数学, difficulty: null
2025-11-24 12:01:10.576  INFO 21600 --- [http-nio-8080-exec-1] c.d.learnbuddy.service.CourseService     : 找到Python脚本: D:\001_ZJNUThird\ai-learning-partner\ai-learning-partner\learn-buddy-backend\python-crawler\run_scraper.py
2025-11-24 12:01:10.603  INFO 21600 --- [http-nio-8080-exec-1] c.d.learnbuddy.service.CourseService     : 检测到Python命令: python
2025-11-24 12:01:10.603  INFO 21600 --- [http-nio-8080-exec-1] c.d.learnbuddy.service.CourseService     : 使用Python命令: python, 脚本: D:\001_ZJNUThird\ai-learning-partner\ai-learning-partner\learn-buddy-backend\python-crawler\run_scraper.py
2025-11-24 12:01:10.734 DEBUG 21600 --- [http-nio-8080-exec-1] c.d.learnbuddy.service.CourseService     : Python输出:   File "D:\001_ZJNUThird\ai-learning-partner\ai-learning-partner\learn-buddy-backend\python-crawler\run_scraper.py", line 112
2025-11-24 12:01:10.736 DEBUG 21600 --- [http-nio-8080-exec-1] c.d.learnbuddy.service.CourseService     : Python输出:     http://localhost:3004/
2025-11-24 12:01:10.736 DEBUG 21600 --- [http-nio-8080-exec-1] c.d.learnbuddy.service.CourseService     : Python输出:          ^^
2025-11-24 12:01:10.738 DEBUG 21600 --- [http-nio-8080-exec-1] c.d.learnbuddy.service.CourseService     : Python输出: SyntaxError: invalid syntax
2025-11-24 12:01:10.745  INFO 21600 --- [http-nio-8080-exec-1] c.d.learnbuddy.service.CourseService     : Python进程退出码: 1
2025-11-24 12:01:10.745  WARN 21600 --- [http-nio-8080-exec-1] c.d.learnbuddy.service.CourseService     : Python脚本执行失败，退出码: 1
2025-11-24 12:01:10.747  INFO 21600 --- [http-nio-8080-exec-1] c.d.learnbuddy.service.CourseService     : 使用Java爬虫尝试抓取icourse163课程
2025-11-24 12:01:10.914  INFO 21600 --- [http-nio-8080-exec-1] c.d.learnbuddy.service.CourseService     : 选择器 'a[href*='/course/']' 找到 0 个链接
2025-11-24 12:01:10.920  INFO 21600 --- [http-nio-8080-exec-1] c.d.learnbuddy.service.CourseService     : 选择器 'div.course-card a' 找到 0 个链接
2025-11-24 12:01:10.924  INFO 21600 --- [http-nio-8080-exec-1] c.d.learnbuddy.service.CourseService     : 选择器 '.g-box a' 找到 0 个链接
2025-11-24 12:01:10.925  INFO 21600 --- [http-nio-8080-exec-1] c.d.learnbuddy.service.CourseService     : 选择器 'a.course-link' 找到 0 个链接
2025-11-24 12:01:10.926  INFO 21600 --- [http-nio-8080-exec-1] c.d.learnbuddy.service.CourseService     : Java爬虫找到 0 门课程
2025-11-24 12:01:10.935  INFO 21600 --- [http-nio-8080-exec-1] c.d.learnbuddy.service.CourseService     : 使用模拟数据
2025-11-24 12:01:10.939  INFO 21600 --- [http-nio-8080-exec-1] c.d.learnbuddy.service.CourseService     : 生成 70 门高质量模拟课程
2025-11-24 12:01:10.941  INFO 21600 --- [http-nio-8080-exec-1] c.d.learnbuddy.service.CourseService     : 搜索结果: 20 门课程
2025-11-24 12:01:10.942  INFO 21600 --- [http-nio-8080-exec-1] c.d.l.controller.CourseController        : 搜索结果数量: 20
2025-11-24 12:01:20.818  INFO 21600 --- [http-nio-8080-exec-9] c.d.l.controller.CourseController        : 收到搜索课程请求 - keyword: null, category: 语言, difficulty: null
2025-11-24 12:01:20.821  INFO 21600 --- [http-nio-8080-exec-9] c.d.learnbuddy.service.CourseService     : 找到Python脚本: D:\001_ZJNUThird\ai-learning-partner\ai-learning-partner\learn-buddy-backend\python-crawler\run_scraper.py
2025-11-24 12:01:20.887  INFO 21600 --- [http-nio-8080-exec-9] c.d.learnbuddy.service.CourseService     : 检测到Python命令: python
2025-11-24 12:01:20.888  INFO 21600 --- [http-nio-8080-exec-9] c.d.learnbuddy.service.CourseService     : 使用Python命令: python, 脚本: D:\001_ZJNUThird\ai-learning-partner\ai-learning-partner\learn-buddy-backend\python-crawler\run_scraper.py
2025-11-24 12:01:21.022 DEBUG 21600 --- [http-nio-8080-exec-9] c.d.learnbuddy.service.CourseService     : Python输出:   File "D:\001_ZJNUThird\ai-learning-partner\ai-learning-partner\learn-buddy-backend\python-crawler\run_scraper.py", line 112
2025-11-24 12:01:21.022 DEBUG 21600 --- [http-nio-8080-exec-9] c.d.learnbuddy.service.CourseService     : Python输出:     http://localhost:3004/
2025-11-24 12:01:21.023 DEBUG 21600 --- [http-nio-8080-exec-9] c.d.learnbuddy.service.CourseService     : Python输出:          ^^
2025-11-24 12:01:21.023 DEBUG 21600 --- [http-nio-8080-exec-9] c.d.learnbuddy.service.CourseService     : Python输出: SyntaxError: invalid syntax
2025-11-24 12:01:21.027  INFO 21600 --- [http-nio-8080-exec-9] c.d.learnbuddy.service.CourseService     : Python进程退出码: 1
2025-11-24 12:01:21.028  WARN 21600 --- [http-nio-8080-exec-9] c.d.learnbuddy.service.CourseService     : Python脚本执行失败，退出码: 1
2025-11-24 12:01:21.028  INFO 21600 --- [http-nio-8080-exec-9] c.d.learnbuddy.service.CourseService     : 使用Java爬虫尝试抓取icourse163课程
2025-11-24 12:01:21.144  INFO 21600 --- [http-nio-8080-exec-9] c.d.learnbuddy.service.CourseService     : 选择器 'a[href*='/course/']' 找到 0 个链接
2025-11-24 12:01:21.145  INFO 21600 --- [http-nio-8080-exec-9] c.d.learnbuddy.service.CourseService     : 选择器 'div.course-card a' 找到 0 个链接
2025-11-24 12:01:21.146  INFO 21600 --- [http-nio-8080-exec-9] c.d.learnbuddy.service.CourseService     : 选择器 '.g-box a' 找到 0 个链接
2025-11-24 12:01:21.147  INFO 21600 --- [http-nio-8080-exec-9] c.d.learnbuddy.service.CourseService     : 选择器 'a.course-link' 找到 0 个链接
2025-11-24 12:01:21.147  INFO 21600 --- [http-nio-8080-exec-9] c.d.learnbuddy.service.CourseService     : Java爬虫找到 0 门课程
2025-11-24 12:01:21.147  INFO 21600 --- [http-nio-8080-exec-9] c.d.learnbuddy.service.CourseService     : 使用模拟数据
2025-11-24 12:01:21.148  INFO 21600 --- [http-nio-8080-exec-9] c.d.learnbuddy.service.CourseService     : 生成 70 门高质量模拟课程
2025-11-24 12:01:21.149  INFO 21600 --- [http-nio-8080-exec-9] c.d.learnbuddy.service.CourseService     : 搜索结果: 20 门课程
2025-11-24 12:01:21.154  INFO 21600 --- [http-nio-8080-exec-9] c.d.l.controller.CourseController        : 搜索结果数量: 20
2025-11-24 12:01:59.885  INFO 21600 --- [http-nio-8080-exec-5] c.d.l.controller.CourseController        : 收到搜索课程请求 - keyword: null, category: null, difficulty: null
2025-11-24 12:01:59.886  INFO 21600 --- [http-nio-8080-exec-5] c.d.learnbuddy.service.CourseService     : 找到Python脚本: D:\001_ZJNUThird\ai-learning-partner\ai-learning-partner\learn-buddy-backend\python-crawler\run_scraper.py
2025-11-24 12:01:59.938  INFO 21600 --- [http-nio-8080-exec-5] c.d.learnbuddy.service.CourseService     : 检测到Python命令: python
2025-11-24 12:01:59.939  INFO 21600 --- [http-nio-8080-exec-5] c.d.learnbuddy.service.CourseService     : 使用Python命令: python, 脚本: D:\001_ZJNUThird\ai-learning-partner\ai-learning-partner\learn-buddy-backend\python-crawler\run_scraper.py
2025-11-24 12:02:00.040 DEBUG 21600 --- [http-nio-8080-exec-5] c.d.learnbuddy.service.CourseService     : Python输出:   File "D:\001_ZJNUThird\ai-learning-partner\ai-learning-partner\learn-buddy-backend\python-crawler\run_scraper.py", line 112
2025-11-24 12:02:00.040 DEBUG 21600 --- [http-nio-8080-exec-5] c.d.learnbuddy.service.CourseService     : Python输出:     http://localhost:3004/
2025-11-24 12:02:00.041 DEBUG 21600 --- [http-nio-8080-exec-5] c.d.learnbuddy.service.CourseService     : Python输出:          ^^
2025-11-24 12:02:00.041 DEBUG 21600 --- [http-nio-8080-exec-5] c.d.learnbuddy.service.CourseService     : Python输出: SyntaxError: invalid syntax
2025-11-24 12:02:00.045  INFO 21600 --- [http-nio-8080-exec-5] c.d.learnbuddy.service.CourseService     : Python进程退出码: 1
2025-11-24 12:02:00.045  WARN 21600 --- [http-nio-8080-exec-5] c.d.learnbuddy.service.CourseService     : Python脚本执行失败，退出码: 1
2025-11-24 12:02:00.046  INFO 21600 --- [http-nio-8080-exec-5] c.d.learnbuddy.service.CourseService     : 使用Java爬虫尝试抓取icourse163课程
2025-11-24 12:02:00.159  INFO 21600 --- [http-nio-8080-exec-5] c.d.learnbuddy.service.CourseService     : 选择器 'a[href*='/course/']' 找到 0 个链接
2025-11-24 12:02:00.159  INFO 21600 --- [http-nio-8080-exec-5] c.d.learnbuddy.service.CourseService     : 选择器 'div.course-card a' 找到 0 个链接
2025-11-24 12:02:00.160  INFO 21600 --- [http-nio-8080-exec-5] c.d.learnbuddy.service.CourseService     : 选择器 '.g-box a' 找到 0 个链接
2025-11-24 12:02:00.161  INFO 21600 --- [http-nio-8080-exec-5] c.d.learnbuddy.service.CourseService     : 选择器 'a.course-link' 找到 0 个链接
2025-11-24 12:02:00.161  INFO 21600 --- [http-nio-8080-exec-5] c.d.learnbuddy.service.CourseService     : Java爬虫找到 0 门课程
2025-11-24 12:02:00.162  INFO 21600 --- [http-nio-8080-exec-5] c.d.learnbuddy.service.CourseService     : 使用模拟数据
2025-11-24 12:02:00.165  INFO 21600 --- [http-nio-8080-exec-5] c.d.learnbuddy.service.CourseService     : 生成 70 门高质量模拟课程
2025-11-24 12:02:00.166  INFO 21600 --- [http-nio-8080-exec-5] c.d.learnbuddy.service.CourseService     : 搜索结果: 70 门课程
2025-11-24 12:02:00.167  INFO 21600 --- [http-nio-8080-exec-5] c.d.l.controller.CourseController        : 搜索结果数量: 70
2025-11-24 12:06:40.759  INFO 38136 --- [main] c.d.l.LearnBuddyBackendApplication       : Starting LearnBuddyBackendApplication using Java 21.0.7 on LAPTOP-2IOG7FMP with PID 38136 (D:\001_ZJNUThird\ai-learning-partner\ai-learning-partner\learn-buddy-backend\target\classes started by jasmine in D:\001_ZJNUThird\ai-learning-partner\ai-learning-partner\learn-buddy-backend)
2025-11-24 12:06:40.768 DEBUG 38136 --- [main] c.d.l.LearnBuddyBackendApplication       : Running with Spring Boot v2.7.18, Spring v5.3.31
2025-11-24 12:06:40.771  INFO 38136 --- [main] c.d.l.LearnBuddyBackendApplication       : No active profile set, falling back to 1 default profile: "default"
2025-11-24 12:06:41.966  INFO 38136 --- [main] .s.d.r.c.RepositoryConfigurationDelegate : Bootstrapping Spring Data JPA repositories in DEFAULT mode.
2025-11-24 12:06:42.131  INFO 38136 --- [main] .s.d.r.c.RepositoryConfigurationDelegate : Finished Spring Data repository scanning in 153 ms. Found 9 JPA repository interfaces.
2025-11-24 12:06:43.085  INFO 38136 --- [main] o.s.b.w.embedded.tomcat.TomcatWebServer  : Tomcat initialized with port(s): 8080 (http)
2025-11-24 12:06:43.086  INFO 38136 --- [main] o.a.catalina.core.AprLifecycleListener   : Loaded Apache Tomcat Native library [2.0.8] using APR version [1.7.4].
2025-11-24 12:06:43.087  INFO 38136 --- [main] o.a.catalina.core.AprLifecycleListener   : APR capabilities: IPv6 [true], sendfile [true], accept filters [false], random [true], UDS [true].
2025-11-24 12:06:43.088  INFO 38136 --- [main] o.a.catalina.core.AprLifecycleListener   : APR/OpenSSL configuration: useAprConnector [false], useOpenSSL [true]
2025-11-24 12:06:43.094  INFO 38136 --- [main] o.a.catalina.core.AprLifecycleListener   : OpenSSL successfully initialized [OpenSSL 3.0.14 4 Jun 2024]
2025-11-24 12:06:43.105  INFO 38136 --- [main] o.apache.catalina.core.StandardService   : Starting service [Tomcat]
2025-11-24 12:06:43.106  INFO 38136 --- [main] org.apache.catalina.core.StandardEngine  : Starting Servlet engine: [Apache Tomcat/9.0.83]
2025-11-24 12:06:43.290  INFO 38136 --- [main] o.a.c.c.C.[Tomcat].[localhost].[/]       : Initializing Spring embedded WebApplicationContext
2025-11-24 12:06:43.290  INFO 38136 --- [main] w.s.c.ServletWebServerApplicationContext : Root WebApplicationContext: initialization completed in 2399 ms
2025-11-24 12:06:43.488  INFO 38136 --- [main] o.hibernate.jpa.internal.util.LogHelper  : HHH000204: Processing PersistenceUnitInfo [name: default]
2025-11-24 12:06:43.536  INFO 38136 --- [main] org.hibernate.Version                    : HHH000412: Hibernate ORM core version 5.6.15.Final
2025-11-24 12:06:43.668  INFO 38136 --- [main] o.hibernate.annotations.common.Version   : HCANN000001: Hibernate Commons Annotations {5.1.2.Final}
2025-11-24 12:06:43.762  INFO 38136 --- [main] com.zaxxer.hikari.HikariDataSource       : HikariPool-1 - Starting...
2025-11-24 12:06:43.914  INFO 38136 --- [main] com.zaxxer.hikari.HikariDataSource       : HikariPool-1 - Start completed.
2025-11-24 12:06:43.930  INFO 38136 --- [main] org.hibernate.dialect.Dialect            : HHH000400: Using dialect: org.hibernate.dialect.MySQL8Dialect
2025-11-24 12:06:44.884  INFO 38136 --- [main] o.h.e.t.j.p.i.JtaPlatformInitiator       : HHH000490: Using JtaPlatform implementation: [org.hibernate.engine.transaction.jta.platform.internal.NoJtaPlatform]
2025-11-24 12:06:44.895  INFO 38136 --- [main] j.LocalContainerEntityManagerFactoryBean : Initialized JPA EntityManagerFactory for persistence unit 'default'
2025-11-24 12:06:46.550  WARN 38136 --- [main] JpaBaseConfiguration$JpaWebConfiguration : spring.jpa.open-in-view is enabled by default. Therefore, database queries may be performed during view rendering. Explicitly configure spring.jpa.open-in-view to disable this warning
2025-11-24 12:06:47.161  INFO 38136 --- [main] o.s.b.w.embedded.tomcat.TomcatWebServer  : Tomcat started on port(s): 8080 (http) with context path ''
2025-11-24 12:06:47.189  INFO 38136 --- [main] c.d.l.LearnBuddyBackendApplication       : Started LearnBuddyBackendApplication in 7.503 seconds (JVM running for 8.419)
2025-11-24 12:06:47.372  INFO 38136 --- [http-nio-8080-exec-1] o.a.c.c.C.[Tomcat].[localhost].[/]       : Initializing Spring DispatcherServlet 'dispatcherServlet'
2025-11-24 12:06:47.373  INFO 38136 --- [http-nio-8080-exec-1] o.s.web.servlet.DispatcherServlet        : Initializing Servlet 'dispatcherServlet'
2025-11-24 12:06:47.375  INFO 38136 --- [http-nio-8080-exec-1] o.s.web.servlet.DispatcherServlet        : Completed initialization in 2 ms
2025-11-24 12:06:47.452  INFO 38136 --- [http-nio-8080-exec-1] c.d.l.controller.CourseController        : 收到获取推荐课程请求
2025-11-24 12:06:47.455  INFO 38136 --- [http-nio-8080-exec-1] c.d.learnbuddy.service.CourseService     : 找到Python脚本: D:\001_ZJNUThird\ai-learning-partner\ai-learning-partner\learn-buddy-backend\python-crawler\run_scraper.py
2025-11-24 12:06:47.590  INFO 38136 --- [http-nio-8080-exec-1] c.d.learnbuddy.service.CourseService     : 检测到Python命令: python
2025-11-24 12:06:47.592  INFO 38136 --- [http-nio-8080-exec-1] c.d.learnbuddy.service.CourseService     : 使用Python命令: python, 脚本: D:\001_ZJNUThird\ai-learning-partner\ai-learning-partner\learn-buddy-backend\python-crawler\run_scraper.py
2025-11-24 12:06:47.812 DEBUG 38136 --- [http-nio-8080-exec-1] c.d.learnbuddy.service.CourseService     : Python输出:   File "D:\001_ZJNUThird\ai-learning-partner\ai-learning-partner\learn-buddy-backend\python-crawler\run_scraper.py", line 112
2025-11-24 12:06:47.814 DEBUG 38136 --- [http-nio-8080-exec-1] c.d.learnbuddy.service.CourseService     : Python输出:     http://localhost:3004/
2025-11-24 12:06:47.815 DEBUG 38136 --- [http-nio-8080-exec-1] c.d.learnbuddy.service.CourseService     : Python输出:          ^^
2025-11-24 12:06:47.815 DEBUG 38136 --- [http-nio-8080-exec-1] c.d.learnbuddy.service.CourseService     : Python输出: SyntaxError: invalid syntax
2025-11-24 12:06:47.821  INFO 38136 --- [http-nio-8080-exec-1] c.d.learnbuddy.service.CourseService     : Python进程退出码: 1
2025-11-24 12:06:47.823  WARN 38136 --- [http-nio-8080-exec-1] c.d.learnbuddy.service.CourseService     : Python脚本执行失败，退出码: 1
2025-11-24 12:06:47.824  INFO 38136 --- [http-nio-8080-exec-1] c.d.learnbuddy.service.CourseService     : 使用Java爬虫尝试抓取icourse163课程
2025-11-24 12:06:48.686  INFO 38136 --- [http-nio-8080-exec-1] c.d.learnbuddy.service.CourseService     : 选择器 'a[href*='/course/']' 找到 0 个链接
2025-11-24 12:06:48.689  INFO 38136 --- [http-nio-8080-exec-1] c.d.learnbuddy.service.CourseService     : 选择器 'div.course-card a' 找到 0 个链接
2025-11-24 12:06:48.690  INFO 38136 --- [http-nio-8080-exec-1] c.d.learnbuddy.service.CourseService     : 选择器 '.g-box a' 找到 0 个链接
2025-11-24 12:06:48.691  INFO 38136 --- [http-nio-8080-exec-1] c.d.learnbuddy.service.CourseService     : 选择器 'a.course-link' 找到 0 个链接
2025-11-24 12:06:48.692  INFO 38136 --- [http-nio-8080-exec-1] c.d.learnbuddy.service.CourseService     : Java爬虫找到 0 门课程
2025-11-24 12:06:48.692  INFO 38136 --- [http-nio-8080-exec-1] c.d.learnbuddy.service.CourseService     : 使用模拟数据
2025-11-24 12:06:48.694  INFO 38136 --- [http-nio-8080-exec-1] c.d.learnbuddy.service.CourseService     : 生成 70 门高质量模拟课程
2025-11-24 12:06:48.696  INFO 38136 --- [http-nio-8080-exec-1] c.d.l.controller.CourseController        : 返回推荐课程数量: 70
2025-11-24 12:07:43.304  INFO 38136 --- [http-nio-8080-exec-2] c.d.l.controller.CourseController        : 收到搜索课程请求 - keyword: null, category: 数学, difficulty: null
2025-11-24 12:07:43.305  INFO 38136 --- [http-nio-8080-exec-2] c.d.learnbuddy.service.CourseService     : 找到Python脚本: D:\001_ZJNUThird\ai-learning-partner\ai-learning-partner\learn-buddy-backend\python-crawler\run_scraper.py
2025-11-24 12:07:43.348  INFO 38136 --- [http-nio-8080-exec-2] c.d.learnbuddy.service.CourseService     : 检测到Python命令: python
2025-11-24 12:07:43.348  INFO 38136 --- [http-nio-8080-exec-2] c.d.learnbuddy.service.CourseService     : 使用Python命令: python, 脚本: D:\001_ZJNUThird\ai-learning-partner\ai-learning-partner\learn-buddy-backend\python-crawler\run_scraper.py
2025-11-24 12:07:43.462 DEBUG 38136 --- [http-nio-8080-exec-2] c.d.learnbuddy.service.CourseService     : Python输出:   File "D:\001_ZJNUThird\ai-learning-partner\ai-learning-partner\learn-buddy-backend\python-crawler\run_scraper.py", line 112
2025-11-24 12:07:43.463 DEBUG 38136 --- [http-nio-8080-exec-2] c.d.learnbuddy.service.CourseService     : Python输出:     http://localhost:3004/
2025-11-24 12:07:43.463 DEBUG 38136 --- [http-nio-8080-exec-2] c.d.learnbuddy.service.CourseService     : Python输出:          ^^
2025-11-24 12:07:43.463 DEBUG 38136 --- [http-nio-8080-exec-2] c.d.learnbuddy.service.CourseService     : Python输出: SyntaxError: invalid syntax
2025-11-24 12:07:43.470  INFO 38136 --- [http-nio-8080-exec-2] c.d.learnbuddy.service.CourseService     : Python进程退出码: 1
2025-11-24 12:07:43.470  WARN 38136 --- [http-nio-8080-exec-2] c.d.learnbuddy.service.CourseService     : Python脚本执行失败，退出码: 1
2025-11-24 12:07:43.470  INFO 38136 --- [http-nio-8080-exec-2] c.d.learnbuddy.service.CourseService     : 使用Java爬虫尝试抓取icourse163课程
2025-11-24 12:07:43.600  INFO 38136 --- [http-nio-8080-exec-2] c.d.learnbuddy.service.CourseService     : 选择器 'a[href*='/course/']' 找到 0 个链接
2025-11-24 12:07:43.601  INFO 38136 --- [http-nio-8080-exec-2] c.d.learnbuddy.service.CourseService     : 选择器 'div.course-card a' 找到 0 个链接
2025-11-24 12:07:43.602  INFO 38136 --- [http-nio-8080-exec-2] c.d.learnbuddy.service.CourseService     : 选择器 '.g-box a' 找到 0 个链接
2025-11-24 12:07:43.603  INFO 38136 --- [http-nio-8080-exec-2] c.d.learnbuddy.service.CourseService     : 选择器 'a.course-link' 找到 0 个链接
2025-11-24 12:07:43.603  INFO 38136 --- [http-nio-8080-exec-2] c.d.learnbuddy.service.CourseService     : Java爬虫找到 0 门课程
2025-11-24 12:07:43.604  INFO 38136 --- [http-nio-8080-exec-2] c.d.learnbuddy.service.CourseService     : 使用模拟数据
2025-11-24 12:07:43.605  INFO 38136 --- [http-nio-8080-exec-2] c.d.learnbuddy.service.CourseService     : 生成 70 门高质量模拟课程
2025-11-24 12:07:43.606  INFO 38136 --- [http-nio-8080-exec-2] c.d.learnbuddy.service.CourseService     : 搜索结果: 20 门课程
2025-11-24 12:07:43.606  INFO 38136 --- [http-nio-8080-exec-2] c.d.l.controller.CourseController        : 搜索结果数量: 20
2025-11-24 12:15:26.312  INFO 39544 --- [main] c.d.l.LearnBuddyBackendApplication       : Starting LearnBuddyBackendApplication using Java 21.0.7 on LAPTOP-2IOG7FMP with PID 39544 (D:\001_ZJNUThird\ai-learning-partner\ai-learning-partner\learn-buddy-backend\target\classes started by jasmine in D:\001_ZJNUThird\ai-learning-partner\ai-learning-partner\learn-buddy-backend)
2025-11-24 12:15:26.316 DEBUG 39544 --- [main] c.d.l.LearnBuddyBackendApplication       : Running with Spring Boot v2.7.18, Spring v5.3.31
2025-11-24 12:15:26.317  INFO 39544 --- [main] c.d.l.LearnBuddyBackendApplication       : No active profile set, falling back to 1 default profile: "default"
2025-11-24 12:15:27.745  INFO 39544 --- [main] .s.d.r.c.RepositoryConfigurationDelegate : Bootstrapping Spring Data JPA repositories in DEFAULT mode.
2025-11-24 12:15:27.960  INFO 39544 --- [main] .s.d.r.c.RepositoryConfigurationDelegate : Finished Spring Data repository scanning in 192 ms. Found 9 JPA repository interfaces.
2025-11-24 12:15:28.975  INFO 39544 --- [main] o.s.b.w.embedded.tomcat.TomcatWebServer  : Tomcat initialized with port(s): 8080 (http)
2025-11-24 12:15:28.976  INFO 39544 --- [main] o.a.catalina.core.AprLifecycleListener   : Loaded Apache Tomcat Native library [2.0.8] using APR version [1.7.4].
2025-11-24 12:15:28.977  INFO 39544 --- [main] o.a.catalina.core.AprLifecycleListener   : APR capabilities: IPv6 [true], sendfile [true], accept filters [false], random [true], UDS [true].
2025-11-24 12:15:28.977  INFO 39544 --- [main] o.a.catalina.core.AprLifecycleListener   : APR/OpenSSL configuration: useAprConnector [false], useOpenSSL [true]
2025-11-24 12:15:28.983  INFO 39544 --- [main] o.a.catalina.core.AprLifecycleListener   : OpenSSL successfully initialized [OpenSSL 3.0.14 4 Jun 2024]
2025-11-24 12:15:28.992  INFO 39544 --- [main] o.apache.catalina.core.StandardService   : Starting service [Tomcat]
2025-11-24 12:15:28.994  INFO 39544 --- [main] org.apache.catalina.core.StandardEngine  : Starting Servlet engine: [Apache Tomcat/9.0.83]
2025-11-24 12:15:29.224  INFO 39544 --- [main] o.a.c.c.C.[Tomcat].[localhost].[/]       : Initializing Spring embedded WebApplicationContext
2025-11-24 12:15:29.225  INFO 39544 --- [main] w.s.c.ServletWebServerApplicationContext : Root WebApplicationContext: initialization completed in 2726 ms
2025-11-24 12:15:29.558  INFO 39544 --- [main] o.hibernate.jpa.internal.util.LogHelper  : HHH000204: Processing PersistenceUnitInfo [name: default]
2025-11-24 12:15:29.613  INFO 39544 --- [main] org.hibernate.Version                    : HHH000412: Hibernate ORM core version 5.6.15.Final
2025-11-24 12:15:29.734  INFO 39544 --- [main] o.hibernate.annotations.common.Version   : HCANN000001: Hibernate Commons Annotations {5.1.2.Final}
2025-11-24 12:15:29.835  INFO 39544 --- [main] com.zaxxer.hikari.HikariDataSource       : HikariPool-1 - Starting...
2025-11-24 12:15:30.032  INFO 39544 --- [main] com.zaxxer.hikari.HikariDataSource       : HikariPool-1 - Start completed.
2025-11-24 12:15:30.046  INFO 39544 --- [main] org.hibernate.dialect.Dialect            : HHH000400: Using dialect: org.hibernate.dialect.MySQL8Dialect
2025-11-24 12:15:30.935  INFO 39544 --- [main] o.h.e.t.j.p.i.JtaPlatformInitiator       : HHH000490: Using JtaPlatform implementation: [org.hibernate.engine.transaction.jta.platform.internal.NoJtaPlatform]
2025-11-24 12:15:30.944  INFO 39544 --- [main] j.LocalContainerEntityManagerFactoryBean : Initialized JPA EntityManagerFactory for persistence unit 'default'
2025-11-24 12:15:32.292  WARN 39544 --- [main] JpaBaseConfiguration$JpaWebConfiguration : spring.jpa.open-in-view is enabled by default. Therefore, database queries may be performed during view rendering. Explicitly configure spring.jpa.open-in-view to disable this warning
2025-11-24 12:15:32.984  INFO 39544 --- [main] o.s.b.w.embedded.tomcat.TomcatWebServer  : Tomcat started on port(s): 8080 (http) with context path ''
2025-11-24 12:15:32.993  INFO 39544 --- [main] c.d.l.LearnBuddyBackendApplication       : Started LearnBuddyBackendApplication in 7.613 seconds (JVM running for 8.42)
2025-11-24 12:18:30.068  INFO 40420 --- [main] c.d.l.LearnBuddyBackendApplication       : Starting LearnBuddyBackendApplication using Java 21.0.7 on LAPTOP-2IOG7FMP with PID 40420 (D:\001_ZJNUThird\ai-learning-partner\ai-learning-partner\learn-buddy-backend\target\classes started by jasmine in D:\001_ZJNUThird\ai-learning-partner\ai-learning-partner\learn-buddy-backend)
2025-11-24 12:18:30.070 DEBUG 40420 --- [main] c.d.l.LearnBuddyBackendApplication       : Running with Spring Boot v2.7.18, Spring v5.3.31
2025-11-24 12:18:30.070  INFO 40420 --- [main] c.d.l.LearnBuddyBackendApplication       : No active profile set, falling back to 1 default profile: "default"
2025-11-24 12:18:30.605  INFO 40420 --- [main] .s.d.r.c.RepositoryConfigurationDelegate : Bootstrapping Spring Data JPA repositories in DEFAULT mode.
2025-11-24 12:18:30.731  INFO 40420 --- [main] .s.d.r.c.RepositoryConfigurationDelegate : Finished Spring Data repository scanning in 107 ms. Found 9 JPA repository interfaces.
2025-11-24 12:18:31.413  INFO 40420 --- [main] o.s.b.w.embedded.tomcat.TomcatWebServer  : Tomcat initialized with port(s): 8080 (http)
2025-11-24 12:18:31.414  INFO 40420 --- [main] o.a.catalina.core.AprLifecycleListener   : Loaded Apache Tomcat Native library [2.0.8] using APR version [1.7.4].
2025-11-24 12:18:31.414  INFO 40420 --- [main] o.a.catalina.core.AprLifecycleListener   : APR capabilities: IPv6 [true], sendfile [true], accept filters [false], random [true], UDS [true].
2025-11-24 12:18:31.415  INFO 40420 --- [main] o.a.catalina.core.AprLifecycleListener   : APR/OpenSSL configuration: useAprConnector [false], useOpenSSL [true]
2025-11-24 12:18:31.419  INFO 40420 --- [main] o.a.catalina.core.AprLifecycleListener   : OpenSSL successfully initialized [OpenSSL 3.0.14 4 Jun 2024]
2025-11-24 12:18:31.429  INFO 40420 --- [main] o.apache.catalina.core.StandardService   : Starting service [Tomcat]
2025-11-24 12:18:31.430  INFO 40420 --- [main] org.apache.catalina.core.StandardEngine  : Starting Servlet engine: [Apache Tomcat/9.0.83]
2025-11-24 12:18:31.582  INFO 40420 --- [main] o.a.c.c.C.[Tomcat].[localhost].[/]       : Initializing Spring embedded WebApplicationContext
2025-11-24 12:18:31.582  INFO 40420 --- [main] w.s.c.ServletWebServerApplicationContext : Root WebApplicationContext: initialization completed in 1485 ms
2025-11-24 12:18:31.725  INFO 40420 --- [main] o.hibernate.jpa.internal.util.LogHelper  : HHH000204: Processing PersistenceUnitInfo [name: default]
2025-11-24 12:18:31.761  INFO 40420 --- [main] org.hibernate.Version                    : HHH000412: Hibernate ORM core version 5.6.15.Final
2025-11-24 12:18:31.891  INFO 40420 --- [main] o.hibernate.annotations.common.Version   : HCANN000001: Hibernate Commons Annotations {5.1.2.Final}
2025-11-24 12:18:31.970  INFO 40420 --- [main] com.zaxxer.hikari.HikariDataSource       : HikariPool-1 - Starting...
2025-11-24 12:18:32.174  INFO 40420 --- [main] com.zaxxer.hikari.HikariDataSource       : HikariPool-1 - Start completed.
2025-11-24 12:18:32.189  INFO 40420 --- [main] org.hibernate.dialect.Dialect            : HHH000400: Using dialect: org.hibernate.dialect.MySQL8Dialect
2025-11-24 12:18:32.648  INFO 40420 --- [main] o.h.e.t.j.p.i.JtaPlatformInitiator       : HHH000490: Using JtaPlatform implementation: [org.hibernate.engine.transaction.jta.platform.internal.NoJtaPlatform]
2025-11-24 12:18:32.653  INFO 40420 --- [main] j.LocalContainerEntityManagerFactoryBean : Initialized JPA EntityManagerFactory for persistence unit 'default'
2025-11-24 12:18:33.018  WARN 40420 --- [main] JpaBaseConfiguration$JpaWebConfiguration : spring.jpa.open-in-view is enabled by default. Therefore, database queries may be performed during view rendering. Explicitly configure spring.jpa.open-in-view to disable this warning
2025-11-24 12:18:33.188  INFO 40420 --- [main] o.s.b.w.embedded.tomcat.TomcatWebServer  : Tomcat started on port(s): 8080 (http) with context path ''
2025-11-24 12:18:33.192  INFO 40420 --- [main] c.d.l.LearnBuddyBackendApplication       : Started LearnBuddyBackendApplication in 3.298 seconds (JVM running for 3.511)
2025-11-24 12:18:40.383  INFO 40420 --- [http-nio-8080-exec-1] o.a.c.c.C.[Tomcat].[localhost].[/]       : Initializing Spring DispatcherServlet 'dispatcherServlet'
2025-11-24 12:18:40.384  INFO 40420 --- [http-nio-8080-exec-1] o.s.web.servlet.DispatcherServlet        : Initializing Servlet 'dispatcherServlet'
2025-11-24 12:18:40.386  INFO 40420 --- [http-nio-8080-exec-1] o.s.web.servlet.DispatcherServlet        : Completed initialization in 1 ms
2025-11-24 12:18:40.432  INFO 40420 --- [http-nio-8080-exec-1] c.d.l.controller.CourseController        : 收到获取推荐课程请求
2025-11-24 12:18:40.434  INFO 40420 --- [http-nio-8080-exec-1] c.d.learnbuddy.service.CourseService     : 找到Python脚本: D:\001_ZJNUThird\ai-learning-partner\ai-learning-partner\learn-buddy-backend\python-crawler\run_scraper.py
2025-11-24 12:18:40.537  INFO 40420 --- [http-nio-8080-exec-1] c.d.learnbuddy.service.CourseService     : 检测到Python命令: python
2025-11-24 12:18:40.537  INFO 40420 --- [http-nio-8080-exec-1] c.d.learnbuddy.service.CourseService     : 使用Python命令: python, 脚本: D:\001_ZJNUThird\ai-learning-partner\ai-learning-partner\learn-buddy-backend\python-crawler\run_scraper.py
2025-11-24 12:18:40.673 DEBUG 40420 --- [http-nio-8080-exec-1] c.d.learnbuddy.service.CourseService     : Python输出:   File "D:\001_ZJNUThird\ai-learning-partner\ai-learning-partner\learn-buddy-backend\python-crawler\run_scraper.py", line 112
2025-11-24 12:18:40.674 DEBUG 40420 --- [http-nio-8080-exec-1] c.d.learnbuddy.service.CourseService     : Python输出:     http://localhost:3004/
2025-11-24 12:18:40.674 DEBUG 40420 --- [http-nio-8080-exec-1] c.d.learnbuddy.service.CourseService     : Python输出:          ^^
2025-11-24 12:18:40.674 DEBUG 40420 --- [http-nio-8080-exec-1] c.d.learnbuddy.service.CourseService     : Python输出: SyntaxError: invalid syntax
2025-11-24 12:18:40.678  INFO 40420 --- [http-nio-8080-exec-1] c.d.learnbuddy.service.CourseService     : Python进程退出码: 1
2025-11-24 12:18:40.679  WARN 40420 --- [http-nio-8080-exec-1] c.d.learnbuddy.service.CourseService     : Python脚本执行失败，退出码: 1
2025-11-24 12:18:40.680  INFO 40420 --- [http-nio-8080-exec-1] c.d.learnbuddy.service.CourseService     : 使用Java爬虫尝试抓取icourse163课程
2025-11-24 12:18:41.614  INFO 40420 --- [http-nio-8080-exec-1] c.d.learnbuddy.service.CourseService     : 选择器 'a[href*='/course/']' 找到 0 个链接
2025-11-24 12:18:41.619  INFO 40420 --- [http-nio-8080-exec-1] c.d.learnbuddy.service.CourseService     : 选择器 'div.course-card a' 找到 0 个链接
2025-11-24 12:18:41.620  INFO 40420 --- [http-nio-8080-exec-1] c.d.learnbuddy.service.CourseService     : 选择器 '.g-box a' 找到 0 个链接
2025-11-24 12:18:41.621  INFO 40420 --- [http-nio-8080-exec-1] c.d.learnbuddy.service.CourseService     : 选择器 'a.course-link' 找到 0 个链接
2025-11-24 12:18:41.622  INFO 40420 --- [http-nio-8080-exec-1] c.d.learnbuddy.service.CourseService     : Java爬虫找到 0 门课程
2025-11-24 12:18:41.622  INFO 40420 --- [http-nio-8080-exec-1] c.d.learnbuddy.service.CourseService     : 使用模拟数据
2025-11-24 12:18:41.624  INFO 40420 --- [http-nio-8080-exec-1] c.d.learnbuddy.service.CourseService     : 生成 20 门模拟课程
2025-11-24 12:18:41.624  INFO 40420 --- [http-nio-8080-exec-1] c.d.l.controller.CourseController        : 返回推荐课程数量: 20
2025-11-24 12:18:49.120  INFO 40420 --- [http-nio-8080-exec-2] c.d.l.controller.CourseController        : 收到搜索课程请求 - keyword: null, category: 语言, difficulty: null
2025-11-24 12:18:49.122  INFO 40420 --- [http-nio-8080-exec-2] c.d.learnbuddy.service.CourseService     : 找到Python脚本: D:\001_ZJNUThird\ai-learning-partner\ai-learning-partner\learn-buddy-backend\python-crawler\run_scraper.py
2025-11-24 12:18:49.176  INFO 40420 --- [http-nio-8080-exec-2] c.d.learnbuddy.service.CourseService     : 检测到Python命令: python
2025-11-24 12:18:49.176  INFO 40420 --- [http-nio-8080-exec-2] c.d.learnbuddy.service.CourseService     : 使用Python命令: python, 脚本: D:\001_ZJNUThird\ai-learning-partner\ai-learning-partner\learn-buddy-backend\python-crawler\run_scraper.py
2025-11-24 12:18:49.284 DEBUG 40420 --- [http-nio-8080-exec-2] c.d.learnbuddy.service.CourseService     : Python输出:   File "D:\001_ZJNUThird\ai-learning-partner\ai-learning-partner\learn-buddy-backend\python-crawler\run_scraper.py", line 112
2025-11-24 12:18:49.286 DEBUG 40420 --- [http-nio-8080-exec-2] c.d.learnbuddy.service.CourseService     : Python输出:     http://localhost:3004/
2025-11-24 12:18:49.286 DEBUG 40420 --- [http-nio-8080-exec-2] c.d.learnbuddy.service.CourseService     : Python输出:          ^^
2025-11-24 12:18:49.286 DEBUG 40420 --- [http-nio-8080-exec-2] c.d.learnbuddy.service.CourseService     : Python输出: SyntaxError: invalid syntax
2025-11-24 12:18:49.290  INFO 40420 --- [http-nio-8080-exec-2] c.d.learnbuddy.service.CourseService     : Python进程退出码: 1
2025-11-24 12:18:49.292  WARN 40420 --- [http-nio-8080-exec-2] c.d.learnbuddy.service.CourseService     : Python脚本执行失败，退出码: 1
2025-11-24 12:18:49.293  INFO 40420 --- [http-nio-8080-exec-2] c.d.learnbuddy.service.CourseService     : 使用Java爬虫尝试抓取icourse163课程
2025-11-24 12:18:49.453  INFO 40420 --- [http-nio-8080-exec-2] c.d.learnbuddy.service.CourseService     : 选择器 'a[href*='/course/']' 找到 0 个链接
2025-11-24 12:18:49.455  INFO 40420 --- [http-nio-8080-exec-2] c.d.learnbuddy.service.CourseService     : 选择器 'div.course-card a' 找到 0 个链接
2025-11-24 12:18:49.456  INFO 40420 --- [http-nio-8080-exec-2] c.d.learnbuddy.service.CourseService     : 选择器 '.g-box a' 找到 0 个链接
2025-11-24 12:18:49.457  INFO 40420 --- [http-nio-8080-exec-2] c.d.learnbuddy.service.CourseService     : 选择器 'a.course-link' 找到 0 个链接
2025-11-24 12:18:49.457  INFO 40420 --- [http-nio-8080-exec-2] c.d.learnbuddy.service.CourseService     : Java爬虫找到 0 门课程
2025-11-24 12:18:49.458  INFO 40420 --- [http-nio-8080-exec-2] c.d.learnbuddy.service.CourseService     : 使用模拟数据
2025-11-24 12:18:49.475  INFO 40420 --- [http-nio-8080-exec-2] c.d.learnbuddy.service.CourseService     : 生成 20 门模拟课程
2025-11-24 12:18:49.477  INFO 40420 --- [http-nio-8080-exec-2] c.d.learnbuddy.service.CourseService     : 搜索结果: 4 门课程
2025-11-24 12:18:49.482  INFO 40420 --- [http-nio-8080-exec-2] c.d.l.controller.CourseController        : 搜索结果数量: 4
2025-11-24 12:18:53.323  INFO 40420 --- [http-nio-8080-exec-3] c.d.l.controller.CourseController        : 收到搜索课程请求 - keyword: null, category: 数学, difficulty: null
2025-11-24 12:18:53.325  INFO 40420 --- [http-nio-8080-exec-3] c.d.learnbuddy.service.CourseService     : 找到Python脚本: D:\001_ZJNUThird\ai-learning-partner\ai-learning-partner\learn-buddy-backend\python-crawler\run_scraper.py
2025-11-24 12:18:53.374  INFO 40420 --- [http-nio-8080-exec-3] c.d.learnbuddy.service.CourseService     : 检测到Python命令: python
2025-11-24 12:18:53.375  INFO 40420 --- [http-nio-8080-exec-3] c.d.learnbuddy.service.CourseService     : 使用Python命令: python, 脚本: D:\001_ZJNUThird\ai-learning-partner\ai-learning-partner\learn-buddy-backend\python-crawler\run_scraper.py
2025-11-24 12:18:53.523 DEBUG 40420 --- [http-nio-8080-exec-3] c.d.learnbuddy.service.CourseService     : Python输出:   File "D:\001_ZJNUThird\ai-learning-partner\ai-learning-partner\learn-buddy-backend\python-crawler\run_scraper.py", line 112
2025-11-24 12:18:53.524 DEBUG 40420 --- [http-nio-8080-exec-3] c.d.learnbuddy.service.CourseService     : Python输出:     http://localhost:3004/
2025-11-24 12:18:53.524 DEBUG 40420 --- [http-nio-8080-exec-3] c.d.learnbuddy.service.CourseService     : Python输出:          ^^
2025-11-24 12:18:53.524 DEBUG 40420 --- [http-nio-8080-exec-3] c.d.learnbuddy.service.CourseService     : Python输出: SyntaxError: invalid syntax
2025-11-24 12:18:53.527  INFO 40420 --- [http-nio-8080-exec-3] c.d.learnbuddy.service.CourseService     : Python进程退出码: 1
2025-11-24 12:18:53.528  WARN 40420 --- [http-nio-8080-exec-3] c.d.learnbuddy.service.CourseService     : Python脚本执行失败，退出码: 1
2025-11-24 12:18:53.528  INFO 40420 --- [http-nio-8080-exec-3] c.d.learnbuddy.service.CourseService     : 使用Java爬虫尝试抓取icourse163课程
2025-11-24 12:18:53.657  INFO 40420 --- [http-nio-8080-exec-3] c.d.learnbuddy.service.CourseService     : 选择器 'a[href*='/course/']' 找到 0 个链接
2025-11-24 12:18:53.660  INFO 40420 --- [http-nio-8080-exec-3] c.d.learnbuddy.service.CourseService     : 选择器 'div.course-card a' 找到 0 个链接
2025-11-24 12:18:53.662  INFO 40420 --- [http-nio-8080-exec-3] c.d.learnbuddy.service.CourseService     : 选择器 '.g-box a' 找到 0 个链接
2025-11-24 12:18:53.663  INFO 40420 --- [http-nio-8080-exec-3] c.d.learnbuddy.service.CourseService     : 选择器 'a.course-link' 找到 0 个链接
2025-11-24 12:18:53.665  INFO 40420 --- [http-nio-8080-exec-3] c.d.learnbuddy.service.CourseService     : Java爬虫找到 0 门课程
2025-11-24 12:18:53.666  INFO 40420 --- [http-nio-8080-exec-3] c.d.learnbuddy.service.CourseService     : 使用模拟数据
2025-11-24 12:18:53.667  INFO 40420 --- [http-nio-8080-exec-3] c.d.learnbuddy.service.CourseService     : 生成 20 门模拟课程
2025-11-24 12:18:53.668  INFO 40420 --- [http-nio-8080-exec-3] c.d.learnbuddy.service.CourseService     : 搜索结果: 6 门课程
2025-11-24 12:18:53.674  INFO 40420 --- [http-nio-8080-exec-3] c.d.l.controller.CourseController        : 搜索结果数量: 6
2025-11-24 12:18:59.945  INFO 40420 --- [http-nio-8080-exec-4] c.d.l.controller.CourseController        : 收到搜索课程请求 - keyword: null, category: 计算机, difficulty: null
2025-11-24 12:18:59.946  INFO 40420 --- [http-nio-8080-exec-4] c.d.learnbuddy.service.CourseService     : 找到Python脚本: D:\001_ZJNUThird\ai-learning-partner\ai-learning-partner\learn-buddy-backend\python-crawler\run_scraper.py
2025-11-24 12:18:59.974  INFO 40420 --- [http-nio-8080-exec-4] c.d.learnbuddy.service.CourseService     : 检测到Python命令: python
2025-11-24 12:18:59.974  INFO 40420 --- [http-nio-8080-exec-4] c.d.learnbuddy.service.CourseService     : 使用Python命令: python, 脚本: D:\001_ZJNUThird\ai-learning-partner\ai-learning-partner\learn-buddy-backend\python-crawler\run_scraper.py
2025-11-24 12:19:00.107 DEBUG 40420 --- [http-nio-8080-exec-4] c.d.learnbuddy.service.CourseService     : Python输出:   File "D:\001_ZJNUThird\ai-learning-partner\ai-learning-partner\learn-buddy-backend\python-crawler\run_scraper.py", line 112
2025-11-24 12:19:00.107 DEBUG 40420 --- [http-nio-8080-exec-4] c.d.learnbuddy.service.CourseService     : Python输出:     http://localhost:3004/
2025-11-24 12:19:00.108 DEBUG 40420 --- [http-nio-8080-exec-4] c.d.learnbuddy.service.CourseService     : Python输出:          ^^
2025-11-24 12:19:00.109 DEBUG 40420 --- [http-nio-8080-exec-4] c.d.learnbuddy.service.CourseService     : Python输出: SyntaxError: invalid syntax
2025-11-24 12:19:00.118  INFO 40420 --- [http-nio-8080-exec-4] c.d.learnbuddy.service.CourseService     : Python进程退出码: 1
2025-11-24 12:19:00.119  WARN 40420 --- [http-nio-8080-exec-4] c.d.learnbuddy.service.CourseService     : Python脚本执行失败，退出码: 1
2025-11-24 12:19:00.121  INFO 40420 --- [http-nio-8080-exec-4] c.d.learnbuddy.service.CourseService     : 使用Java爬虫尝试抓取icourse163课程
2025-11-24 12:19:00.273  INFO 40420 --- [http-nio-8080-exec-4] c.d.learnbuddy.service.CourseService     : 选择器 'a[href*='/course/']' 找到 0 个链接
2025-11-24 12:19:00.274  INFO 40420 --- [http-nio-8080-exec-4] c.d.learnbuddy.service.CourseService     : 选择器 'div.course-card a' 找到 0 个链接
2025-11-24 12:19:00.275  INFO 40420 --- [http-nio-8080-exec-4] c.d.learnbuddy.service.CourseService     : 选择器 '.g-box a' 找到 0 个链接
2025-11-24 12:19:00.276  INFO 40420 --- [http-nio-8080-exec-4] c.d.learnbuddy.service.CourseService     : 选择器 'a.course-link' 找到 0 个链接
2025-11-24 12:19:00.277  INFO 40420 --- [http-nio-8080-exec-4] c.d.learnbuddy.service.CourseService     : Java爬虫找到 0 门课程
2025-11-24 12:19:00.277  INFO 40420 --- [http-nio-8080-exec-4] c.d.learnbuddy.service.CourseService     : 使用模拟数据
2025-11-24 12:19:00.278  INFO 40420 --- [http-nio-8080-exec-4] c.d.learnbuddy.service.CourseService     : 生成 20 门模拟课程
2025-11-24 12:19:00.279  INFO 40420 --- [http-nio-8080-exec-4] c.d.learnbuddy.service.CourseService     : 搜索结果: 10 门课程
2025-11-24 12:19:00.280  INFO 40420 --- [http-nio-8080-exec-4] c.d.l.controller.CourseController        : 搜索结果数量: 10
2025-11-24 12:19:16.796  INFO 40420 --- [http-nio-8080-exec-5] c.d.l.controller.CourseController        : 收到搜索课程请求 - keyword: null, category: 语言, difficulty: null
2025-11-24 12:19:16.798  INFO 40420 --- [http-nio-8080-exec-5] c.d.learnbuddy.service.CourseService     : 找到Python脚本: D:\001_ZJNUThird\ai-learning-partner\ai-learning-partner\learn-buddy-backend\python-crawler\run_scraper.py
2025-11-24 12:19:16.882  INFO 40420 --- [http-nio-8080-exec-5] c.d.learnbuddy.service.CourseService     : 检测到Python命令: python
2025-11-24 12:19:16.883  INFO 40420 --- [http-nio-8080-exec-5] c.d.learnbuddy.service.CourseService     : 使用Python命令: python, 脚本: D:\001_ZJNUThird\ai-learning-partner\ai-learning-partner\learn-buddy-backend\python-crawler\run_scraper.py
2025-11-24 12:19:17.174 DEBUG 40420 --- [http-nio-8080-exec-5] c.d.learnbuddy.service.CourseService     : Python输出:   File "D:\001_ZJNUThird\ai-learning-partner\ai-learning-partner\learn-buddy-backend\python-crawler\run_scraper.py", line 112
2025-11-24 12:19:17.176 DEBUG 40420 --- [http-nio-8080-exec-5] c.d.learnbuddy.service.CourseService     : Python输出:     http://localhost:3004/
2025-11-24 12:19:17.177 DEBUG 40420 --- [http-nio-8080-exec-5] c.d.learnbuddy.service.CourseService     : Python输出:          ^^
2025-11-24 12:19:17.177 DEBUG 40420 --- [http-nio-8080-exec-5] c.d.learnbuddy.service.CourseService     : Python输出: SyntaxError: invalid syntax
2025-11-24 12:19:17.191  INFO 40420 --- [http-nio-8080-exec-5] c.d.learnbuddy.service.CourseService     : Python进程退出码: 1
2025-11-24 12:19:17.192  WARN 40420 --- [http-nio-8080-exec-5] c.d.learnbuddy.service.CourseService     : Python脚本执行失败，退出码: 1
2025-11-24 12:19:17.192  INFO 40420 --- [http-nio-8080-exec-5] c.d.learnbuddy.service.CourseService     : 使用Java爬虫尝试抓取icourse163课程
2025-11-24 12:19:17.315  INFO 40420 --- [http-nio-8080-exec-5] c.d.learnbuddy.service.CourseService     : 选择器 'a[href*='/course/']' 找到 0 个链接
2025-11-24 12:19:17.316  INFO 40420 --- [http-nio-8080-exec-5] c.d.learnbuddy.service.CourseService     : 选择器 'div.course-card a' 找到 0 个链接
2025-11-24 12:19:17.319  INFO 40420 --- [http-nio-8080-exec-5] c.d.learnbuddy.service.CourseService     : 选择器 '.g-box a' 找到 0 个链接
2025-11-24 12:19:17.322  INFO 40420 --- [http-nio-8080-exec-5] c.d.learnbuddy.service.CourseService     : 选择器 'a.course-link' 找到 0 个链接
2025-11-24 12:19:17.323  INFO 40420 --- [http-nio-8080-exec-5] c.d.learnbuddy.service.CourseService     : Java爬虫找到 0 门课程
2025-11-24 12:19:17.324  INFO 40420 --- [http-nio-8080-exec-5] c.d.learnbuddy.service.CourseService     : 使用模拟数据
2025-11-24 12:19:17.331  INFO 40420 --- [http-nio-8080-exec-5] c.d.learnbuddy.service.CourseService     : 生成 20 门模拟课程
2025-11-24 12:19:17.332  INFO 40420 --- [http-nio-8080-exec-5] c.d.learnbuddy.service.CourseService     : 搜索结果: 4 门课程
2025-11-24 12:19:17.334  INFO 40420 --- [http-nio-8080-exec-5] c.d.l.controller.CourseController        : 搜索结果数量: 4
2025-11-24 12:19:55.824  INFO 40420 --- [http-nio-8080-exec-6] c.d.l.controller.CourseController        : 收到搜索课程请求 - keyword: null, category: null, difficulty: null
2025-11-24 12:19:55.826  INFO 40420 --- [http-nio-8080-exec-6] c.d.learnbuddy.service.CourseService     : 找到Python脚本: D:\001_ZJNUThird\ai-learning-partner\ai-learning-partner\learn-buddy-backend\python-crawler\run_scraper.py
2025-11-24 12:19:55.883  INFO 40420 --- [http-nio-8080-exec-6] c.d.learnbuddy.service.CourseService     : 检测到Python命令: python
2025-11-24 12:19:55.884  INFO 40420 --- [http-nio-8080-exec-6] c.d.learnbuddy.service.CourseService     : 使用Python命令: python, 脚本: D:\001_ZJNUThird\ai-learning-partner\ai-learning-partner\learn-buddy-backend\python-crawler\run_scraper.py
2025-11-24 12:19:55.983 DEBUG 40420 --- [http-nio-8080-exec-6] c.d.learnbuddy.service.CourseService     : Python输出:   File "D:\001_ZJNUThird\ai-learning-partner\ai-learning-partner\learn-buddy-backend\python-crawler\run_scraper.py", line 112
2025-11-24 12:19:55.989 DEBUG 40420 --- [http-nio-8080-exec-6] c.d.learnbuddy.service.CourseService     : Python输出:     http://localhost:3004/
2025-11-24 12:19:55.990 DEBUG 40420 --- [http-nio-8080-exec-6] c.d.learnbuddy.service.CourseService     : Python输出:          ^^
2025-11-24 12:19:55.993 DEBUG 40420 --- [http-nio-8080-exec-6] c.d.learnbuddy.service.CourseService     : Python输出: SyntaxError: invalid syntax
2025-11-24 12:19:55.993  INFO 40420 --- [http-nio-8080-exec-6] c.d.learnbuddy.service.CourseService     : Python进程退出码: 1
2025-11-24 12:19:55.993  WARN 40420 --- [http-nio-8080-exec-6] c.d.learnbuddy.service.CourseService     : Python脚本执行失败，退出码: 1
2025-11-24 12:19:55.993  INFO 40420 --- [http-nio-8080-exec-6] c.d.learnbuddy.service.CourseService     : 使用Java爬虫尝试抓取icourse163课程
2025-11-24 12:19:56.126  INFO 40420 --- [http-nio-8080-exec-6] c.d.learnbuddy.service.CourseService     : 选择器 'a[href*='/course/']' 找到 0 个链接
2025-11-24 12:19:56.127  INFO 40420 --- [http-nio-8080-exec-6] c.d.learnbuddy.service.CourseService     : 选择器 'div.course-card a' 找到 0 个链接
2025-11-24 12:19:56.128  INFO 40420 --- [http-nio-8080-exec-6] c.d.learnbuddy.service.CourseService     : 选择器 '.g-box a' 找到 0 个链接
2025-11-24 12:19:56.129  INFO 40420 --- [http-nio-8080-exec-6] c.d.learnbuddy.service.CourseService     : 选择器 'a.course-link' 找到 0 个链接
2025-11-24 12:19:56.130  INFO 40420 --- [http-nio-8080-exec-6] c.d.learnbuddy.service.CourseService     : Java爬虫找到 0 门课程
2025-11-24 12:19:56.130  INFO 40420 --- [http-nio-8080-exec-6] c.d.learnbuddy.service.CourseService     : 使用模拟数据
2025-11-24 12:19:56.153  INFO 40420 --- [http-nio-8080-exec-6] c.d.learnbuddy.service.CourseService     : 生成 20 门模拟课程
2025-11-24 12:19:56.154  INFO 40420 --- [http-nio-8080-exec-6] c.d.learnbuddy.service.CourseService     : 搜索结果: 20 门课程
2025-11-24 12:19:56.155  INFO 40420 --- [http-nio-8080-exec-6] c.d.l.controller.CourseController        : 搜索结果数量: 20
2025-11-24 12:20:11.300  INFO 40420 --- [http-nio-8080-exec-7] c.d.l.controller.CourseController        : 收到搜索课程请求 - keyword: null, category: 数学, difficulty: null
2025-11-24 12:20:11.305  INFO 40420 --- [http-nio-8080-exec-7] c.d.learnbuddy.service.CourseService     : 找到Python脚本: D:\001_ZJNUThird\ai-learning-partner\ai-learning-partner\learn-buddy-backend\python-crawler\run_scraper.py
2025-11-24 12:20:11.368  INFO 40420 --- [http-nio-8080-exec-7] c.d.learnbuddy.service.CourseService     : 检测到Python命令: python
2025-11-24 12:20:11.368  INFO 40420 --- [http-nio-8080-exec-7] c.d.learnbuddy.service.CourseService     : 使用Python命令: python, 脚本: D:\001_ZJNUThird\ai-learning-partner\ai-learning-partner\learn-buddy-backend\python-crawler\run_scraper.py
2025-11-24 12:20:11.497 DEBUG 40420 --- [http-nio-8080-exec-7] c.d.learnbuddy.service.CourseService     : Python输出:   File "D:\001_ZJNUThird\ai-learning-partner\ai-learning-partner\learn-buddy-backend\python-crawler\run_scraper.py", line 112
2025-11-24 12:20:11.499 DEBUG 40420 --- [http-nio-8080-exec-7] c.d.learnbuddy.service.CourseService     : Python输出:     http://localhost:3004/
2025-11-24 12:20:11.499 DEBUG 40420 --- [http-nio-8080-exec-7] c.d.learnbuddy.service.CourseService     : Python输出:          ^^
2025-11-24 12:20:11.499 DEBUG 40420 --- [http-nio-8080-exec-7] c.d.learnbuddy.service.CourseService     : Python输出: SyntaxError: invalid syntax
2025-11-24 12:20:11.504  INFO 40420 --- [http-nio-8080-exec-7] c.d.learnbuddy.service.CourseService     : Python进程退出码: 1
2025-11-24 12:20:11.507  WARN 40420 --- [http-nio-8080-exec-7] c.d.learnbuddy.service.CourseService     : Python脚本执行失败，退出码: 1
2025-11-24 12:20:11.507  INFO 40420 --- [http-nio-8080-exec-7] c.d.learnbuddy.service.CourseService     : 使用Java爬虫尝试抓取icourse163课程
2025-11-24 12:20:11.627  INFO 40420 --- [http-nio-8080-exec-7] c.d.learnbuddy.service.CourseService     : 选择器 'a[href*='/course/']' 找到 0 个链接
2025-11-24 12:20:11.627  INFO 40420 --- [http-nio-8080-exec-7] c.d.learnbuddy.service.CourseService     : 选择器 'div.course-card a' 找到 0 个链接
2025-11-24 12:20:11.627  INFO 40420 --- [http-nio-8080-exec-7] c.d.learnbuddy.service.CourseService     : 选择器 '.g-box a' 找到 0 个链接
2025-11-24 12:20:11.628  INFO 40420 --- [http-nio-8080-exec-7] c.d.learnbuddy.service.CourseService     : 选择器 'a.course-link' 找到 0 个链接
2025-11-24 12:20:11.629  INFO 40420 --- [http-nio-8080-exec-7] c.d.learnbuddy.service.CourseService     : Java爬虫找到 0 门课程
2025-11-24 12:20:11.630  INFO 40420 --- [http-nio-8080-exec-7] c.d.learnbuddy.service.CourseService     : 使用模拟数据
2025-11-24 12:20:11.632  INFO 40420 --- [http-nio-8080-exec-7] c.d.learnbuddy.service.CourseService     : 生成 20 门模拟课程
2025-11-24 12:20:11.634  INFO 40420 --- [http-nio-8080-exec-7] c.d.learnbuddy.service.CourseService     : 搜索结果: 6 门课程
2025-11-24 12:20:11.635  INFO 40420 --- [http-nio-8080-exec-7] c.d.l.controller.CourseController        : 搜索结果数量: 6
2025-11-24 12:20:21.869  INFO 40420 --- [http-nio-8080-exec-10] c.d.l.controller.CourseController        : 收到搜索课程请求 - keyword: null, category: 语言, difficulty: null
2025-11-24 12:20:21.869  INFO 40420 --- [http-nio-8080-exec-10] c.d.learnbuddy.service.CourseService     : 找到Python脚本: D:\001_ZJNUThird\ai-learning-partner\ai-learning-partner\learn-buddy-backend\python-crawler\run_scraper.py
2025-11-24 12:20:21.924  INFO 40420 --- [http-nio-8080-exec-10] c.d.learnbuddy.service.CourseService     : 检测到Python命令: python
2025-11-24 12:20:21.924  INFO 40420 --- [http-nio-8080-exec-10] c.d.learnbuddy.service.CourseService     : 使用Python命令: python, 脚本: D:\001_ZJNUThird\ai-learning-partner\ai-learning-partner\learn-buddy-backend\python-crawler\run_scraper.py
2025-11-24 12:20:22.012 DEBUG 40420 --- [http-nio-8080-exec-10] c.d.learnbuddy.service.CourseService     : Python输出:   File "D:\001_ZJNUThird\ai-learning-partner\ai-learning-partner\learn-buddy-backend\python-crawler\run_scraper.py", line 112
2025-11-24 12:20:22.013 DEBUG 40420 --- [http-nio-8080-exec-10] c.d.learnbuddy.service.CourseService     : Python输出:     http://localhost:3004/
2025-11-24 12:20:22.014 DEBUG 40420 --- [http-nio-8080-exec-10] c.d.learnbuddy.service.CourseService     : Python输出:          ^^
2025-11-24 12:20:22.014 DEBUG 40420 --- [http-nio-8080-exec-10] c.d.learnbuddy.service.CourseService     : Python输出: SyntaxError: invalid syntax
2025-11-24 12:20:22.018  INFO 40420 --- [http-nio-8080-exec-10] c.d.learnbuddy.service.CourseService     : Python进程退出码: 1
2025-11-24 12:20:22.018  WARN 40420 --- [http-nio-8080-exec-10] c.d.learnbuddy.service.CourseService     : Python脚本执行失败，退出码: 1
2025-11-24 12:20:22.019  INFO 40420 --- [http-nio-8080-exec-10] c.d.learnbuddy.service.CourseService     : 使用Java爬虫尝试抓取icourse163课程
2025-11-24 12:20:22.117  INFO 40420 --- [http-nio-8080-exec-10] c.d.learnbuddy.service.CourseService     : 选择器 'a[href*='/course/']' 找到 0 个链接
2025-11-24 12:20:22.118  INFO 40420 --- [http-nio-8080-exec-10] c.d.learnbuddy.service.CourseService     : 选择器 'div.course-card a' 找到 0 个链接
2025-11-24 12:20:22.119  INFO 40420 --- [http-nio-8080-exec-10] c.d.learnbuddy.service.CourseService     : 选择器 '.g-box a' 找到 0 个链接
2025-11-24 12:20:22.119  INFO 40420 --- [http-nio-8080-exec-10] c.d.learnbuddy.service.CourseService     : 选择器 'a.course-link' 找到 0 个链接
2025-11-24 12:20:22.120  INFO 40420 --- [http-nio-8080-exec-10] c.d.learnbuddy.service.CourseService     : Java爬虫找到 0 门课程
2025-11-24 12:20:22.120  INFO 40420 --- [http-nio-8080-exec-10] c.d.learnbuddy.service.CourseService     : 使用模拟数据
2025-11-24 12:20:22.120  INFO 40420 --- [http-nio-8080-exec-10] c.d.learnbuddy.service.CourseService     : 生成 20 门模拟课程
2025-11-24 12:20:22.121  INFO 40420 --- [http-nio-8080-exec-10] c.d.learnbuddy.service.CourseService     : 搜索结果: 4 门课程
2025-11-24 12:20:22.121  INFO 40420 --- [http-nio-8080-exec-10] c.d.l.controller.CourseController        : 搜索结果数量: 4
2025-11-24 12:20:44.919  INFO 40420 --- [http-nio-8080-exec-8] c.d.l.controller.CourseController        : 收到搜索课程请求 - keyword: null, category: 数学, difficulty: null
2025-11-24 12:20:44.921  INFO 40420 --- [http-nio-8080-exec-8] c.d.learnbuddy.service.CourseService     : 找到Python脚本: D:\001_ZJNUThird\ai-learning-partner\ai-learning-partner\learn-buddy-backend\python-crawler\run_scraper.py
2025-11-24 12:20:44.982  INFO 40420 --- [http-nio-8080-exec-8] c.d.learnbuddy.service.CourseService     : 检测到Python命令: python
2025-11-24 12:20:44.983  INFO 40420 --- [http-nio-8080-exec-8] c.d.learnbuddy.service.CourseService     : 使用Python命令: python, 脚本: D:\001_ZJNUThird\ai-learning-partner\ai-learning-partner\learn-buddy-backend\python-crawler\run_scraper.py
2025-11-24 12:20:45.156 DEBUG 40420 --- [http-nio-8080-exec-8] c.d.learnbuddy.service.CourseService     : Python输出:   File "D:\001_ZJNUThird\ai-learning-partner\ai-learning-partner\learn-buddy-backend\python-crawler\run_scraper.py", line 112
2025-11-24 12:20:45.158 DEBUG 40420 --- [http-nio-8080-exec-8] c.d.learnbuddy.service.CourseService     : Python输出:     http://localhost:3004/
2025-11-24 12:20:45.158 DEBUG 40420 --- [http-nio-8080-exec-8] c.d.learnbuddy.service.CourseService     : Python输出:          ^^
2025-11-24 12:20:45.159 DEBUG 40420 --- [http-nio-8080-exec-8] c.d.learnbuddy.service.CourseService     : Python输出: SyntaxError: invalid syntax
2025-11-24 12:20:45.166  INFO 40420 --- [http-nio-8080-exec-8] c.d.learnbuddy.service.CourseService     : Python进程退出码: 1
2025-11-24 12:20:45.167  WARN 40420 --- [http-nio-8080-exec-8] c.d.learnbuddy.service.CourseService     : Python脚本执行失败，退出码: 1
2025-11-24 12:20:45.167  INFO 40420 --- [http-nio-8080-exec-8] c.d.learnbuddy.service.CourseService     : 使用Java爬虫尝试抓取icourse163课程
2025-11-24 12:20:45.312  INFO 40420 --- [http-nio-8080-exec-8] c.d.learnbuddy.service.CourseService     : 选择器 'a[href*='/course/']' 找到 0 个链接
2025-11-24 12:20:45.314  INFO 40420 --- [http-nio-8080-exec-8] c.d.learnbuddy.service.CourseService     : 选择器 'div.course-card a' 找到 0 个链接
2025-11-24 12:20:45.315  INFO 40420 --- [http-nio-8080-exec-8] c.d.learnbuddy.service.CourseService     : 选择器 '.g-box a' 找到 0 个链接
2025-11-24 12:20:45.318  INFO 40420 --- [http-nio-8080-exec-8] c.d.learnbuddy.service.CourseService     : 选择器 'a.course-link' 找到 0 个链接
2025-11-24 12:20:45.318  INFO 40420 --- [http-nio-8080-exec-8] c.d.learnbuddy.service.CourseService     : Java爬虫找到 0 门课程
2025-11-24 12:20:45.319  INFO 40420 --- [http-nio-8080-exec-8] c.d.learnbuddy.service.CourseService     : 使用模拟数据
2025-11-24 12:20:45.320  INFO 40420 --- [http-nio-8080-exec-8] c.d.learnbuddy.service.CourseService     : 生成 20 门模拟课程
2025-11-24 12:20:45.321  INFO 40420 --- [http-nio-8080-exec-8] c.d.learnbuddy.service.CourseService     : 搜索结果: 6 门课程
2025-11-24 12:20:45.321  INFO 40420 --- [http-nio-8080-exec-8] c.d.l.controller.CourseController        : 搜索结果数量: 6
2025-11-24 12:24:37.412  INFO 19872 --- [main] c.d.l.LearnBuddyBackendApplication       : Starting LearnBuddyBackendApplication using Java 21.0.7 on LAPTOP-2IOG7FMP with PID 19872 (D:\001_ZJNUThird\ai-learning-partner\ai-learning-partner\learn-buddy-backend\target\classes started by jasmine in D:\001_ZJNUThird\ai-learning-partner\ai-learning-partner\learn-buddy-backend)
2025-11-24 12:24:37.414 DEBUG 19872 --- [main] c.d.l.LearnBuddyBackendApplication       : Running with Spring Boot v2.7.18, Spring v5.3.31
2025-11-24 12:24:37.414  INFO 19872 --- [main] c.d.l.LearnBuddyBackendApplication       : No active profile set, falling back to 1 default profile: "default"
2025-11-24 12:24:37.751  INFO 19872 --- [main] .s.d.r.c.RepositoryConfigurationDelegate : Bootstrapping Spring Data JPA repositories in DEFAULT mode.
2025-11-24 12:24:37.785  INFO 19872 --- [main] .s.d.r.c.RepositoryConfigurationDelegate : Finished Spring Data repository scanning in 31 ms. Found 9 JPA repository interfaces.
2025-11-24 12:24:38.051  INFO 19872 --- [main] o.s.b.w.embedded.tomcat.TomcatWebServer  : Tomcat initialized with port(s): 8080 (http)
2025-11-24 12:24:38.052  INFO 19872 --- [main] o.a.catalina.core.AprLifecycleListener   : Loaded Apache Tomcat Native library [2.0.8] using APR version [1.7.4].
2025-11-24 12:24:38.052  INFO 19872 --- [main] o.a.catalina.core.AprLifecycleListener   : APR capabilities: IPv6 [true], sendfile [true], accept filters [false], random [true], UDS [true].
2025-11-24 12:24:38.052  INFO 19872 --- [main] o.a.catalina.core.AprLifecycleListener   : APR/OpenSSL configuration: useAprConnector [false], useOpenSSL [true]
2025-11-24 12:24:38.055  INFO 19872 --- [main] o.a.catalina.core.AprLifecycleListener   : OpenSSL successfully initialized [OpenSSL 3.0.14 4 Jun 2024]
2025-11-24 12:24:38.059  INFO 19872 --- [main] o.apache.catalina.core.StandardService   : Starting service [Tomcat]
2025-11-24 12:24:38.060  INFO 19872 --- [main] org.apache.catalina.core.StandardEngine  : Starting Servlet engine: [Apache Tomcat/9.0.83]
2025-11-24 12:24:38.137  INFO 19872 --- [main] o.a.c.c.C.[Tomcat].[localhost].[/]       : Initializing Spring embedded WebApplicationContext
2025-11-24 12:24:38.137  INFO 19872 --- [main] w.s.c.ServletWebServerApplicationContext : Root WebApplicationContext: initialization completed in 693 ms
2025-11-24 12:24:38.214  INFO 19872 --- [main] o.hibernate.jpa.internal.util.LogHelper  : HHH000204: Processing PersistenceUnitInfo [name: default]
2025-11-24 12:24:38.232  INFO 19872 --- [main] org.hibernate.Version                    : HHH000412: Hibernate ORM core version 5.6.15.Final
2025-11-24 12:24:38.303  INFO 19872 --- [main] o.hibernate.annotations.common.Version   : HCANN000001: Hibernate Commons Annotations {5.1.2.Final}
2025-11-24 12:24:38.340  INFO 19872 --- [main] com.zaxxer.hikari.HikariDataSource       : HikariPool-1 - Starting...
2025-11-24 12:24:38.417  INFO 19872 --- [main] com.zaxxer.hikari.HikariDataSource       : HikariPool-1 - Start completed.
2025-11-24 12:24:38.423  INFO 19872 --- [main] org.hibernate.dialect.Dialect            : HHH000400: Using dialect: org.hibernate.dialect.MySQL8Dialect
2025-11-24 12:24:38.817  INFO 19872 --- [main] o.h.e.t.j.p.i.JtaPlatformInitiator       : HHH000490: Using JtaPlatform implementation: [org.hibernate.engine.transaction.jta.platform.internal.NoJtaPlatform]
2025-11-24 12:24:38.823  INFO 19872 --- [main] j.LocalContainerEntityManagerFactoryBean : Initialized JPA EntityManagerFactory for persistence unit 'default'
2025-11-24 12:24:39.276  WARN 19872 --- [main] JpaBaseConfiguration$JpaWebConfiguration : spring.jpa.open-in-view is enabled by default. Therefore, database queries may be performed during view rendering. Explicitly configure spring.jpa.open-in-view to disable this warning
2025-11-24 12:24:39.472  INFO 19872 --- [main] o.s.b.w.embedded.tomcat.TomcatWebServer  : Tomcat started on port(s): 8080 (http) with context path ''
2025-11-24 12:24:39.477  INFO 19872 --- [main] c.d.l.LearnBuddyBackendApplication       : Started LearnBuddyBackendApplication in 2.307 seconds (JVM running for 2.546)
2025-11-24 12:24:50.937  INFO 19872 --- [http-nio-8080-exec-1] o.a.c.c.C.[Tomcat].[localhost].[/]       : Initializing Spring DispatcherServlet 'dispatcherServlet'
2025-11-24 12:24:50.938  INFO 19872 --- [http-nio-8080-exec-1] o.s.web.servlet.DispatcherServlet        : Initializing Servlet 'dispatcherServlet'
2025-11-24 12:24:50.940  INFO 19872 --- [http-nio-8080-exec-1] o.s.web.servlet.DispatcherServlet        : Completed initialization in 1 ms
2025-11-24 12:24:51.012  INFO 19872 --- [http-nio-8080-exec-1] c.d.l.controller.CourseController        : 收到获取推荐课程请求
2025-11-24 12:24:51.016  INFO 19872 --- [http-nio-8080-exec-1] c.d.learnbuddy.service.CourseService     : 找到Python脚本: D:\001_ZJNUThird\ai-learning-partner\ai-learning-partner\learn-buddy-backend\python-crawler\run_scraper.py
2025-11-24 12:24:51.109  INFO 19872 --- [http-nio-8080-exec-1] c.d.learnbuddy.service.CourseService     : 检测到Python命令: python
2025-11-24 12:24:51.111  INFO 19872 --- [http-nio-8080-exec-1] c.d.learnbuddy.service.CourseService     : 使用Python命令: python, 脚本: D:\001_ZJNUThird\ai-learning-partner\ai-learning-partner\learn-buddy-backend\python-crawler\run_scraper.py
2025-11-24 12:24:51.255 DEBUG 19872 --- [http-nio-8080-exec-1] c.d.learnbuddy.service.CourseService     : Python输出:   File "D:\001_ZJNUThird\ai-learning-partner\ai-learning-partner\learn-buddy-backend\python-crawler\run_scraper.py", line 112
2025-11-24 12:24:51.255 DEBUG 19872 --- [http-nio-8080-exec-1] c.d.learnbuddy.service.CourseService     : Python输出:     http://localhost:3004/
2025-11-24 12:24:51.257 DEBUG 19872 --- [http-nio-8080-exec-1] c.d.learnbuddy.service.CourseService     : Python输出:          ^^
2025-11-24 12:24:51.257 DEBUG 19872 --- [http-nio-8080-exec-1] c.d.learnbuddy.service.CourseService     : Python输出: SyntaxError: invalid syntax
2025-11-24 12:24:51.262  INFO 19872 --- [http-nio-8080-exec-1] c.d.learnbuddy.service.CourseService     : Python进程退出码: 1
2025-11-24 12:24:51.262  WARN 19872 --- [http-nio-8080-exec-1] c.d.learnbuddy.service.CourseService     : Python脚本执行失败，退出码: 1
2025-11-24 12:24:51.263  INFO 19872 --- [http-nio-8080-exec-1] c.d.learnbuddy.service.CourseService     : 使用Java爬虫尝试抓取icourse163课程
2025-11-24 12:24:52.013  INFO 19872 --- [http-nio-8080-exec-1] c.d.learnbuddy.service.CourseService     : 选择器 'a[href*='/course/']' 找到 0 个链接
2025-11-24 12:24:52.021  INFO 19872 --- [http-nio-8080-exec-1] c.d.learnbuddy.service.CourseService     : 选择器 'div.course-card a' 找到 0 个链接
2025-11-24 12:24:52.022  INFO 19872 --- [http-nio-8080-exec-1] c.d.learnbuddy.service.CourseService     : 选择器 '.g-box a' 找到 0 个链接
2025-11-24 12:24:52.023  INFO 19872 --- [http-nio-8080-exec-1] c.d.learnbuddy.service.CourseService     : 选择器 'a.course-link' 找到 0 个链接
2025-11-24 12:24:52.023  INFO 19872 --- [http-nio-8080-exec-1] c.d.learnbuddy.service.CourseService     : Java爬虫找到 0 门课程
2025-11-24 12:24:52.023  INFO 19872 --- [http-nio-8080-exec-1] c.d.learnbuddy.service.CourseService     : 使用模拟数据
2025-11-24 12:24:52.025  INFO 19872 --- [http-nio-8080-exec-1] c.d.learnbuddy.service.CourseService     : 生成 29 门模拟课程
2025-11-24 12:24:52.026  INFO 19872 --- [http-nio-8080-exec-1] c.d.l.controller.CourseController        : 返回推荐课程数量: 29
2025-11-24 12:26:51.319  INFO 19512 --- [main] c.d.l.LearnBuddyBackendApplication       : Starting LearnBuddyBackendApplication using Java 21.0.7 on LAPTOP-2IOG7FMP with PID 19512 (D:\001_ZJNUThird\ai-learning-partner\ai-learning-partner\learn-buddy-backend\target\classes started by jasmine in D:\001_ZJNUThird\ai-learning-partner\ai-learning-partner\learn-buddy-backend)
2025-11-24 12:26:51.328 DEBUG 19512 --- [main] c.d.l.LearnBuddyBackendApplication       : Running with Spring Boot v2.7.18, Spring v5.3.31
2025-11-24 12:26:51.331  INFO 19512 --- [main] c.d.l.LearnBuddyBackendApplication       : No active profile set, falling back to 1 default profile: "default"
2025-11-24 12:26:52.142  INFO 19512 --- [main] .s.d.r.c.RepositoryConfigurationDelegate : Bootstrapping Spring Data JPA repositories in DEFAULT mode.
2025-11-24 12:26:52.216  INFO 19512 --- [main] .s.d.r.c.RepositoryConfigurationDelegate : Finished Spring Data repository scanning in 66 ms. Found 9 JPA repository interfaces.
2025-11-24 12:26:52.765  INFO 19512 --- [main] o.s.b.w.embedded.tomcat.TomcatWebServer  : Tomcat initialized with port(s): 8080 (http)
2025-11-24 12:26:52.766  INFO 19512 --- [main] o.a.catalina.core.AprLifecycleListener   : Loaded Apache Tomcat Native library [2.0.8] using APR version [1.7.4].
2025-11-24 12:26:52.767  INFO 19512 --- [main] o.a.catalina.core.AprLifecycleListener   : APR capabilities: IPv6 [true], sendfile [true], accept filters [false], random [true], UDS [true].
2025-11-24 12:26:52.768  INFO 19512 --- [main] o.a.catalina.core.AprLifecycleListener   : APR/OpenSSL configuration: useAprConnector [false], useOpenSSL [true]
2025-11-24 12:26:52.772  INFO 19512 --- [main] o.a.catalina.core.AprLifecycleListener   : OpenSSL successfully initialized [OpenSSL 3.0.14 4 Jun 2024]
2025-11-24 12:26:52.782  INFO 19512 --- [main] o.apache.catalina.core.StandardService   : Starting service [Tomcat]
2025-11-24 12:26:52.782  INFO 19512 --- [main] org.apache.catalina.core.StandardEngine  : Starting Servlet engine: [Apache Tomcat/9.0.83]
2025-11-24 12:26:52.931  INFO 19512 --- [main] o.a.c.c.C.[Tomcat].[localhost].[/]       : Initializing Spring embedded WebApplicationContext
2025-11-24 12:26:52.932  INFO 19512 --- [main] w.s.c.ServletWebServerApplicationContext : Root WebApplicationContext: initialization completed in 1421 ms
2025-11-24 12:26:53.099  INFO 19512 --- [main] o.hibernate.jpa.internal.util.LogHelper  : HHH000204: Processing PersistenceUnitInfo [name: default]
2025-11-24 12:26:53.137  INFO 19512 --- [main] org.hibernate.Version                    : HHH000412: Hibernate ORM core version 5.6.15.Final
2025-11-24 12:26:53.503  INFO 19512 --- [main] o.hibernate.annotations.common.Version   : HCANN000001: Hibernate Commons Annotations {5.1.2.Final}
2025-11-24 12:26:53.595  INFO 19512 --- [main] com.zaxxer.hikari.HikariDataSource       : HikariPool-1 - Starting...
2025-11-24 12:26:53.815  INFO 19512 --- [main] com.zaxxer.hikari.HikariDataSource       : HikariPool-1 - Start completed.
2025-11-24 12:26:53.833  INFO 19512 --- [main] org.hibernate.dialect.Dialect            : HHH000400: Using dialect: org.hibernate.dialect.MySQL8Dialect
2025-11-24 12:26:54.827  INFO 19512 --- [main] o.h.e.t.j.p.i.JtaPlatformInitiator       : HHH000490: Using JtaPlatform implementation: [org.hibernate.engine.transaction.jta.platform.internal.NoJtaPlatform]
2025-11-24 12:26:54.844  INFO 19512 --- [main] j.LocalContainerEntityManagerFactoryBean : Initialized JPA EntityManagerFactory for persistence unit 'default'
2025-11-24 12:26:55.948  WARN 19512 --- [main] JpaBaseConfiguration$JpaWebConfiguration : spring.jpa.open-in-view is enabled by default. Therefore, database queries may be performed during view rendering. Explicitly configure spring.jpa.open-in-view to disable this warning
2025-11-24 12:26:56.277  INFO 19512 --- [main] o.s.b.w.embedded.tomcat.TomcatWebServer  : Tomcat started on port(s): 8080 (http) with context path ''
2025-11-24 12:26:56.288  INFO 19512 --- [main] c.d.l.LearnBuddyBackendApplication       : Started LearnBuddyBackendApplication in 5.603 seconds (JVM running for 6.269)
2025-11-24 12:26:56.322  INFO 19512 --- [http-nio-8080-exec-1] o.a.c.c.C.[Tomcat].[localhost].[/]       : Initializing Spring DispatcherServlet 'dispatcherServlet'
2025-11-24 12:26:56.323  INFO 19512 --- [http-nio-8080-exec-1] o.s.web.servlet.DispatcherServlet        : Initializing Servlet 'dispatcherServlet'
2025-11-24 12:26:56.324  INFO 19512 --- [http-nio-8080-exec-1] o.s.web.servlet.DispatcherServlet        : Completed initialization in 1 ms
2025-11-24 12:26:56.349  INFO 19512 --- [http-nio-8080-exec-1] c.d.l.controller.CourseController        : 收到手动抓取课程请求
2025-11-24 12:26:56.350  INFO 19512 --- [http-nio-8080-exec-1] c.d.learnbuddy.service.CourseService     : 找到Python脚本: D:\001_ZJNUThird\ai-learning-partner\ai-learning-partner\learn-buddy-backend\python-crawler\run_scraper.py
2025-11-24 12:26:56.393  INFO 19512 --- [http-nio-8080-exec-1] c.d.learnbuddy.service.CourseService     : 检测到Python命令: python
2025-11-24 12:26:56.394  INFO 19512 --- [http-nio-8080-exec-1] c.d.learnbuddy.service.CourseService     : 使用Python命令: python, 脚本: D:\001_ZJNUThird\ai-learning-partner\ai-learning-partner\learn-buddy-backend\python-crawler\run_scraper.py
2025-11-24 12:26:56.483 DEBUG 19512 --- [http-nio-8080-exec-1] c.d.learnbuddy.service.CourseService     : Python输出:   File "D:\001_ZJNUThird\ai-learning-partner\ai-learning-partner\learn-buddy-backend\python-crawler\run_scraper.py", line 112
2025-11-24 12:26:56.484 DEBUG 19512 --- [http-nio-8080-exec-1] c.d.learnbuddy.service.CourseService     : Python输出:     http://localhost:3004/
2025-11-24 12:26:56.484 DEBUG 19512 --- [http-nio-8080-exec-1] c.d.learnbuddy.service.CourseService     : Python输出:          ^^
2025-11-24 12:26:56.484 DEBUG 19512 --- [http-nio-8080-exec-1] c.d.learnbuddy.service.CourseService     : Python输出: SyntaxError: invalid syntax
2025-11-24 12:26:56.489  INFO 19512 --- [http-nio-8080-exec-1] c.d.learnbuddy.service.CourseService     : Python进程退出码: 1
2025-11-24 12:26:56.491  WARN 19512 --- [http-nio-8080-exec-1] c.d.learnbuddy.service.CourseService     : Python脚本执行失败，退出码: 1
2025-11-24 12:26:56.491  INFO 19512 --- [http-nio-8080-exec-1] c.d.learnbuddy.service.CourseService     : 使用Java爬虫尝试抓取icourse163课程
2025-11-24 12:26:57.195  INFO 19512 --- [http-nio-8080-exec-1] c.d.learnbuddy.service.CourseService     : 选择器 'a[href*='/course/']' 找到 0 个链接
2025-11-24 12:26:57.200  INFO 19512 --- [http-nio-8080-exec-1] c.d.learnbuddy.service.CourseService     : 选择器 'div.course-card a' 找到 0 个链接
2025-11-24 12:26:57.203  INFO 19512 --- [http-nio-8080-exec-1] c.d.learnbuddy.service.CourseService     : 选择器 '.g-box a' 找到 0 个链接
2025-11-24 12:26:57.205  INFO 19512 --- [http-nio-8080-exec-1] c.d.learnbuddy.service.CourseService     : 选择器 'a.course-link' 找到 0 个链接
2025-11-24 12:26:57.205  INFO 19512 --- [http-nio-8080-exec-1] c.d.learnbuddy.service.CourseService     : Java爬虫找到 0 门课程
2025-11-24 12:26:57.206  INFO 19512 --- [http-nio-8080-exec-1] c.d.learnbuddy.service.CourseService     : 使用模拟数据
2025-11-24 12:26:57.211  INFO 19512 --- [http-nio-8080-exec-1] c.d.learnbuddy.service.CourseService     : 生成 29 门模拟课程
2025-11-24 12:26:57.211  INFO 19512 --- [http-nio-8080-exec-1] c.d.l.controller.CourseController        : 抓取课程返回数量: 29
2025-11-24 12:31:36.613  INFO 19512 --- [http-nio-8080-exec-2] c.d.l.controller.CourseController        : 收到搜索课程请求 - keyword: null, category: 数学, difficulty: null
2025-11-24 12:31:36.615  INFO 19512 --- [http-nio-8080-exec-2] c.d.learnbuddy.service.CourseService     : 找到Python脚本: D:\001_ZJNUThird\ai-learning-partner\ai-learning-partner\learn-buddy-backend\python-crawler\run_scraper.py
2025-11-24 12:31:36.662  INFO 19512 --- [http-nio-8080-exec-2] c.d.learnbuddy.service.CourseService     : 检测到Python命令: python
2025-11-24 12:31:36.663  INFO 19512 --- [http-nio-8080-exec-2] c.d.learnbuddy.service.CourseService     : 使用Python命令: python, 脚本: D:\001_ZJNUThird\ai-learning-partner\ai-learning-partner\learn-buddy-backend\python-crawler\run_scraper.py
2025-11-24 12:31:36.828 DEBUG 19512 --- [http-nio-8080-exec-2] c.d.learnbuddy.service.CourseService     : Python输出:   File "D:\001_ZJNUThird\ai-learning-partner\ai-learning-partner\learn-buddy-backend\python-crawler\run_scraper.py", line 112
2025-11-24 12:31:36.829 DEBUG 19512 --- [http-nio-8080-exec-2] c.d.learnbuddy.service.CourseService     : Python输出:     http://localhost:3004/
2025-11-24 12:31:36.829 DEBUG 19512 --- [http-nio-8080-exec-2] c.d.learnbuddy.service.CourseService     : Python输出:          ^^
2025-11-24 12:31:36.829 DEBUG 19512 --- [http-nio-8080-exec-2] c.d.learnbuddy.service.CourseService     : Python输出: SyntaxError: invalid syntax
2025-11-24 12:31:36.835  INFO 19512 --- [http-nio-8080-exec-2] c.d.learnbuddy.service.CourseService     : Python进程退出码: 1
2025-11-24 12:31:36.835  WARN 19512 --- [http-nio-8080-exec-2] c.d.learnbuddy.service.CourseService     : Python脚本执行失败，退出码: 1
2025-11-24 12:31:36.835  INFO 19512 --- [http-nio-8080-exec-2] c.d.learnbuddy.service.CourseService     : 使用Java爬虫尝试抓取icourse163课程
2025-11-24 12:31:37.027  INFO 19512 --- [http-nio-8080-exec-2] c.d.learnbuddy.service.CourseService     : 选择器 'a[href*='/course/']' 找到 0 个链接
2025-11-24 12:31:37.032  INFO 19512 --- [http-nio-8080-exec-2] c.d.learnbuddy.service.CourseService     : 选择器 'div.course-card a' 找到 0 个链接
2025-11-24 12:31:37.034  INFO 19512 --- [http-nio-8080-exec-2] c.d.learnbuddy.service.CourseService     : 选择器 '.g-box a' 找到 0 个链接
2025-11-24 12:31:37.034  INFO 19512 --- [http-nio-8080-exec-2] c.d.learnbuddy.service.CourseService     : 选择器 'a.course-link' 找到 0 个链接
2025-11-24 12:31:37.035  INFO 19512 --- [http-nio-8080-exec-2] c.d.learnbuddy.service.CourseService     : Java爬虫找到 0 门课程
2025-11-24 12:31:37.035  INFO 19512 --- [http-nio-8080-exec-2] c.d.learnbuddy.service.CourseService     : 使用模拟数据
2025-11-24 12:31:37.045  INFO 19512 --- [http-nio-8080-exec-2] c.d.learnbuddy.service.CourseService     : 生成 29 门模拟课程
2025-11-24 12:31:37.045  INFO 19512 --- [http-nio-8080-exec-2] c.d.learnbuddy.service.CourseService     : 搜索结果: 6 门课程
2025-11-24 12:31:37.047  INFO 19512 --- [http-nio-8080-exec-2] c.d.l.controller.CourseController        : 搜索结果数量: 6
2025-11-24 12:37:55.356  INFO 19512 --- [http-nio-8080-exec-6] c.d.l.controller.CourseController        : 收到搜索课程请求 - keyword: null, category: 语言, difficulty: null
2025-11-24 12:37:55.357  INFO 19512 --- [http-nio-8080-exec-6] c.d.learnbuddy.service.CourseService     : 找到Python脚本: D:\001_ZJNUThird\ai-learning-partner\ai-learning-partner\learn-buddy-backend\python-crawler\run_scraper.py
2025-11-24 12:37:55.408  INFO 19512 --- [http-nio-8080-exec-6] c.d.learnbuddy.service.CourseService     : 检测到Python命令: python
2025-11-24 12:37:55.408  INFO 19512 --- [http-nio-8080-exec-6] c.d.learnbuddy.service.CourseService     : 使用Python命令: python, 脚本: D:\001_ZJNUThird\ai-learning-partner\ai-learning-partner\learn-buddy-backend\python-crawler\run_scraper.py
2025-11-24 12:37:55.566 DEBUG 19512 --- [http-nio-8080-exec-6] c.d.learnbuddy.service.CourseService     : Python输出:   File "D:\001_ZJNUThird\ai-learning-partner\ai-learning-partner\learn-buddy-backend\python-crawler\run_scraper.py", line 112
2025-11-24 12:37:55.567 DEBUG 19512 --- [http-nio-8080-exec-6] c.d.learnbuddy.service.CourseService     : Python输出:     http://localhost:3004/
2025-11-24 12:37:55.569 DEBUG 19512 --- [http-nio-8080-exec-6] c.d.learnbuddy.service.CourseService     : Python输出:          ^^
2025-11-24 12:37:55.569 DEBUG 19512 --- [http-nio-8080-exec-6] c.d.learnbuddy.service.CourseService     : Python输出: SyntaxError: invalid syntax
2025-11-24 12:37:55.574  INFO 19512 --- [http-nio-8080-exec-6] c.d.learnbuddy.service.CourseService     : Python进程退出码: 1
2025-11-24 12:37:55.576  WARN 19512 --- [http-nio-8080-exec-6] c.d.learnbuddy.service.CourseService     : Python脚本执行失败，退出码: 1
2025-11-24 12:37:55.576  INFO 19512 --- [http-nio-8080-exec-6] c.d.learnbuddy.service.CourseService     : 使用Java爬虫尝试抓取icourse163课程
2025-11-24 12:37:55.740  INFO 19512 --- [http-nio-8080-exec-6] c.d.learnbuddy.service.CourseService     : 选择器 'a[href*='/course/']' 找到 0 个链接
2025-11-24 12:37:55.741  INFO 19512 --- [http-nio-8080-exec-6] c.d.learnbuddy.service.CourseService     : 选择器 'div.course-card a' 找到 0 个链接
2025-11-24 12:37:55.742  INFO 19512 --- [http-nio-8080-exec-6] c.d.learnbuddy.service.CourseService     : 选择器 '.g-box a' 找到 0 个链接
2025-11-24 12:37:55.743  INFO 19512 --- [http-nio-8080-exec-6] c.d.learnbuddy.service.CourseService     : 选择器 'a.course-link' 找到 0 个链接
2025-11-24 12:37:55.744  INFO 19512 --- [http-nio-8080-exec-6] c.d.learnbuddy.service.CourseService     : Java爬虫找到 0 门课程
2025-11-24 12:37:55.745  INFO 19512 --- [http-nio-8080-exec-6] c.d.learnbuddy.service.CourseService     : 使用模拟数据
2025-11-24 12:37:55.745  INFO 19512 --- [http-nio-8080-exec-6] c.d.learnbuddy.service.CourseService     : 生成 29 门模拟课程
2025-11-24 12:37:55.749  INFO 19512 --- [http-nio-8080-exec-6] c.d.learnbuddy.service.CourseService     : 搜索结果: 7 门课程
2025-11-24 12:37:55.750  INFO 19512 --- [http-nio-8080-exec-6] c.d.l.controller.CourseController        : 搜索结果数量: 7
2025-11-24 12:42:14.953  INFO 19512 --- [http-nio-8080-exec-9] c.d.l.controller.CourseController        : 收到搜索课程请求 - keyword: null, category: 计算机, difficulty: null
2025-11-24 12:42:14.954  INFO 19512 --- [http-nio-8080-exec-9] c.d.learnbuddy.service.CourseService     : 找到Python脚本: D:\001_ZJNUThird\ai-learning-partner\ai-learning-partner\learn-buddy-backend\python-crawler\run_scraper.py
2025-11-24 12:42:14.992  INFO 19512 --- [http-nio-8080-exec-9] c.d.learnbuddy.service.CourseService     : 检测到Python命令: python
2025-11-24 12:42:14.993  INFO 19512 --- [http-nio-8080-exec-9] c.d.learnbuddy.service.CourseService     : 使用Python命令: python, 脚本: D:\001_ZJNUThird\ai-learning-partner\ai-learning-partner\learn-buddy-backend\python-crawler\run_scraper.py
2025-11-24 12:42:15.153 DEBUG 19512 --- [http-nio-8080-exec-9] c.d.learnbuddy.service.CourseService     : Python输出:   File "D:\001_ZJNUThird\ai-learning-partner\ai-learning-partner\learn-buddy-backend\python-crawler\run_scraper.py", line 112
2025-11-24 12:42:15.154 DEBUG 19512 --- [http-nio-8080-exec-9] c.d.learnbuddy.service.CourseService     : Python输出:     http://localhost:3004/
2025-11-24 12:42:15.154 DEBUG 19512 --- [http-nio-8080-exec-9] c.d.learnbuddy.service.CourseService     : Python输出:          ^^
2025-11-24 12:42:15.155 DEBUG 19512 --- [http-nio-8080-exec-9] c.d.learnbuddy.service.CourseService     : Python输出: SyntaxError: invalid syntax
2025-11-24 12:42:15.164  INFO 19512 --- [http-nio-8080-exec-9] c.d.learnbuddy.service.CourseService     : Python进程退出码: 1
2025-11-24 12:42:15.166  WARN 19512 --- [http-nio-8080-exec-9] c.d.learnbuddy.service.CourseService     : Python脚本执行失败，退出码: 1
2025-11-24 12:42:15.166  INFO 19512 --- [http-nio-8080-exec-9] c.d.learnbuddy.service.CourseService     : 使用Java爬虫尝试抓取icourse163课程
2025-11-24 12:42:15.323  INFO 19512 --- [http-nio-8080-exec-9] c.d.learnbuddy.service.CourseService     : 选择器 'a[href*='/course/']' 找到 0 个链接
2025-11-24 12:42:15.327  INFO 19512 --- [http-nio-8080-exec-9] c.d.learnbuddy.service.CourseService     : 选择器 'div.course-card a' 找到 0 个链接
2025-11-24 12:42:15.327  INFO 19512 --- [http-nio-8080-exec-9] c.d.learnbuddy.service.CourseService     : 选择器 '.g-box a' 找到 0 个链接
2025-11-24 12:42:15.328  INFO 19512 --- [http-nio-8080-exec-9] c.d.learnbuddy.service.CourseService     : 选择器 'a.course-link' 找到 0 个链接
2025-11-24 12:42:15.329  INFO 19512 --- [http-nio-8080-exec-9] c.d.learnbuddy.service.CourseService     : Java爬虫找到 0 门课程
2025-11-24 12:42:15.329  INFO 19512 --- [http-nio-8080-exec-9] c.d.learnbuddy.service.CourseService     : 使用模拟数据
2025-11-24 12:42:15.331  INFO 19512 --- [http-nio-8080-exec-9] c.d.learnbuddy.service.CourseService     : 生成 29 门模拟课程
2025-11-24 12:42:15.332  INFO 19512 --- [http-nio-8080-exec-9] c.d.learnbuddy.service.CourseService     : 搜索结果: 13 门课程
2025-11-24 12:42:15.333  INFO 19512 --- [http-nio-8080-exec-9] c.d.l.controller.CourseController        : 搜索结果数量: 13
2025-11-24 12:43:13.687  INFO 19512 --- [http-nio-8080-exec-1] c.d.l.controller.CourseController        : 收到搜索课程请求 - keyword: 人工智能, category: 计算机, difficulty: null
2025-11-24 12:43:13.688  INFO 19512 --- [http-nio-8080-exec-1] c.d.learnbuddy.service.CourseService     : 找到Python脚本: D:\001_ZJNUThird\ai-learning-partner\ai-learning-partner\learn-buddy-backend\python-crawler\run_scraper.py
2025-11-24 12:43:13.745  INFO 19512 --- [http-nio-8080-exec-1] c.d.learnbuddy.service.CourseService     : 检测到Python命令: python
2025-11-24 12:43:13.747  INFO 19512 --- [http-nio-8080-exec-1] c.d.learnbuddy.service.CourseService     : 使用Python命令: python, 脚本: D:\001_ZJNUThird\ai-learning-partner\ai-learning-partner\learn-buddy-backend\python-crawler\run_scraper.py
2025-11-24 12:43:13.887 DEBUG 19512 --- [http-nio-8080-exec-1] c.d.learnbuddy.service.CourseService     : Python输出:   File "D:\001_ZJNUThird\ai-learning-partner\ai-learning-partner\learn-buddy-backend\python-crawler\run_scraper.py", line 112
2025-11-24 12:43:13.891 DEBUG 19512 --- [http-nio-8080-exec-1] c.d.learnbuddy.service.CourseService     : Python输出:     http://localhost:3004/
2025-11-24 12:43:13.892 DEBUG 19512 --- [http-nio-8080-exec-1] c.d.learnbuddy.service.CourseService     : Python输出:          ^^
2025-11-24 12:43:13.893 DEBUG 19512 --- [http-nio-8080-exec-1] c.d.learnbuddy.service.CourseService     : Python输出: SyntaxError: invalid syntax
2025-11-24 12:43:13.898  INFO 19512 --- [http-nio-8080-exec-1] c.d.learnbuddy.service.CourseService     : Python进程退出码: 1
2025-11-24 12:43:13.901  WARN 19512 --- [http-nio-8080-exec-1] c.d.learnbuddy.service.CourseService     : Python脚本执行失败，退出码: 1
2025-11-24 12:43:13.902  INFO 19512 --- [http-nio-8080-exec-1] c.d.learnbuddy.service.CourseService     : 使用Java爬虫尝试抓取icourse163课程
2025-11-24 12:43:14.056  INFO 19512 --- [http-nio-8080-exec-1] c.d.learnbuddy.service.CourseService     : 选择器 'a[href*='/course/']' 找到 0 个链接
2025-11-24 12:43:14.057  INFO 19512 --- [http-nio-8080-exec-1] c.d.learnbuddy.service.CourseService     : 选择器 'div.course-card a' 找到 0 个链接
2025-11-24 12:43:14.058  INFO 19512 --- [http-nio-8080-exec-1] c.d.learnbuddy.service.CourseService     : 选择器 '.g-box a' 找到 0 个链接
2025-11-24 12:43:14.058  INFO 19512 --- [http-nio-8080-exec-1] c.d.learnbuddy.service.CourseService     : 选择器 'a.course-link' 找到 0 个链接
2025-11-24 12:43:14.059  INFO 19512 --- [http-nio-8080-exec-1] c.d.learnbuddy.service.CourseService     : Java爬虫找到 0 门课程
2025-11-24 12:43:14.059  INFO 19512 --- [http-nio-8080-exec-1] c.d.learnbuddy.service.CourseService     : 使用模拟数据
2025-11-24 12:43:14.060  INFO 19512 --- [http-nio-8080-exec-1] c.d.learnbuddy.service.CourseService     : 生成 29 门模拟课程
2025-11-24 12:43:14.061  INFO 19512 --- [http-nio-8080-exec-1] c.d.learnbuddy.service.CourseService     : 搜索结果: 0 门课程
2025-11-24 12:43:14.062  INFO 19512 --- [http-nio-8080-exec-1] c.d.l.controller.CourseController        : 搜索结果数量: 0
2025-11-24 12:43:16.806  INFO 19512 --- [http-nio-8080-exec-10] c.d.l.controller.CourseController        : 收到搜索课程请求 - keyword: 人工智能, category: null, difficulty: null
2025-11-24 12:43:16.817  INFO 19512 --- [http-nio-8080-exec-10] c.d.learnbuddy.service.CourseService     : 找到Python脚本: D:\001_ZJNUThird\ai-learning-partner\ai-learning-partner\learn-buddy-backend\python-crawler\run_scraper.py
2025-11-24 12:43:16.883  INFO 19512 --- [http-nio-8080-exec-10] c.d.learnbuddy.service.CourseService     : 检测到Python命令: python
2025-11-24 12:43:16.884  INFO 19512 --- [http-nio-8080-exec-10] c.d.learnbuddy.service.CourseService     : 使用Python命令: python, 脚本: D:\001_ZJNUThird\ai-learning-partner\ai-learning-partner\learn-buddy-backend\python-crawler\run_scraper.py
2025-11-24 12:43:17.000 DEBUG 19512 --- [http-nio-8080-exec-10] c.d.learnbuddy.service.CourseService     : Python输出:   File "D:\001_ZJNUThird\ai-learning-partner\ai-learning-partner\learn-buddy-backend\python-crawler\run_scraper.py", line 112
2025-11-24 12:43:17.004 DEBUG 19512 --- [http-nio-8080-exec-10] c.d.learnbuddy.service.CourseService     : Python输出:     http://localhost:3004/
2025-11-24 12:43:17.004 DEBUG 19512 --- [http-nio-8080-exec-10] c.d.learnbuddy.service.CourseService     : Python输出:          ^^
2025-11-24 12:43:17.004 DEBUG 19512 --- [http-nio-8080-exec-10] c.d.learnbuddy.service.CourseService     : Python输出: SyntaxError: invalid syntax
2025-11-24 12:43:17.005  INFO 19512 --- [http-nio-8080-exec-10] c.d.learnbuddy.service.CourseService     : Python进程退出码: 1
2025-11-24 12:43:17.006  WARN 19512 --- [http-nio-8080-exec-10] c.d.learnbuddy.service.CourseService     : Python脚本执行失败，退出码: 1
2025-11-24 12:43:17.006  INFO 19512 --- [http-nio-8080-exec-10] c.d.learnbuddy.service.CourseService     : 使用Java爬虫尝试抓取icourse163课程
2025-11-24 12:43:17.124  INFO 19512 --- [http-nio-8080-exec-10] c.d.learnbuddy.service.CourseService     : 选择器 'a[href*='/course/']' 找到 0 个链接
2025-11-24 12:43:17.125  INFO 19512 --- [http-nio-8080-exec-10] c.d.learnbuddy.service.CourseService     : 选择器 'div.course-card a' 找到 0 个链接
2025-11-24 12:43:17.126  INFO 19512 --- [http-nio-8080-exec-10] c.d.learnbuddy.service.CourseService     : 选择器 '.g-box a' 找到 0 个链接
2025-11-24 12:43:17.128  INFO 19512 --- [http-nio-8080-exec-10] c.d.learnbuddy.service.CourseService     : 选择器 'a.course-link' 找到 0 个链接
2025-11-24 12:43:17.130  INFO 19512 --- [http-nio-8080-exec-10] c.d.learnbuddy.service.CourseService     : Java爬虫找到 0 门课程
2025-11-24 12:43:17.132  INFO 19512 --- [http-nio-8080-exec-10] c.d.learnbuddy.service.CourseService     : 使用模拟数据
2025-11-24 12:43:17.132  INFO 19512 --- [http-nio-8080-exec-10] c.d.learnbuddy.service.CourseService     : 生成 29 门模拟课程
2025-11-24 12:43:17.133  INFO 19512 --- [http-nio-8080-exec-10] c.d.learnbuddy.service.CourseService     : 搜索结果: 1 门课程
2025-11-24 12:43:17.134  INFO 19512 --- [http-nio-8080-exec-10] c.d.l.controller.CourseController        : 搜索结果数量: 1
2025-11-24 12:44:06.111  INFO 19512 --- [http-nio-8080-exec-5] c.d.l.controller.CourseController        : 收到搜索课程请求 - keyword: 深度学习, category: null, difficulty: null
2025-11-24 12:44:06.112  INFO 19512 --- [http-nio-8080-exec-5] c.d.learnbuddy.service.CourseService     : 找到Python脚本: D:\001_ZJNUThird\ai-learning-partner\ai-learning-partner\learn-buddy-backend\python-crawler\run_scraper.py
2025-11-24 12:44:06.181  INFO 19512 --- [http-nio-8080-exec-5] c.d.learnbuddy.service.CourseService     : 检测到Python命令: python
2025-11-24 12:44:06.182  INFO 19512 --- [http-nio-8080-exec-5] c.d.learnbuddy.service.CourseService     : 使用Python命令: python, 脚本: D:\001_ZJNUThird\ai-learning-partner\ai-learning-partner\learn-buddy-backend\python-crawler\run_scraper.py
2025-11-24 12:44:06.372 DEBUG 19512 --- [http-nio-8080-exec-5] c.d.learnbuddy.service.CourseService     : Python输出:   File "D:\001_ZJNUThird\ai-learning-partner\ai-learning-partner\learn-buddy-backend\python-crawler\run_scraper.py", line 112
2025-11-24 12:44:06.374 DEBUG 19512 --- [http-nio-8080-exec-5] c.d.learnbuddy.service.CourseService     : Python输出:     http://localhost:3004/
2025-11-24 12:44:06.374 DEBUG 19512 --- [http-nio-8080-exec-5] c.d.learnbuddy.service.CourseService     : Python输出:          ^^
2025-11-24 12:44:06.376 DEBUG 19512 --- [http-nio-8080-exec-5] c.d.learnbuddy.service.CourseService     : Python输出: SyntaxError: invalid syntax
2025-11-24 12:44:06.380  INFO 19512 --- [http-nio-8080-exec-5] c.d.learnbuddy.service.CourseService     : Python进程退出码: 1
2025-11-24 12:44:06.381  WARN 19512 --- [http-nio-8080-exec-5] c.d.learnbuddy.service.CourseService     : Python脚本执行失败，退出码: 1
2025-11-24 12:44:06.382  INFO 19512 --- [http-nio-8080-exec-5] c.d.learnbuddy.service.CourseService     : 使用Java爬虫尝试抓取icourse163课程
2025-11-24 12:44:06.573  INFO 19512 --- [http-nio-8080-exec-5] c.d.learnbuddy.service.CourseService     : 选择器 'a[href*='/course/']' 找到 0 个链接
2025-11-24 12:44:06.575  INFO 19512 --- [http-nio-8080-exec-5] c.d.learnbuddy.service.CourseService     : 选择器 'div.course-card a' 找到 0 个链接
2025-11-24 12:44:06.577  INFO 19512 --- [http-nio-8080-exec-5] c.d.learnbuddy.service.CourseService     : 选择器 '.g-box a' 找到 0 个链接
2025-11-24 12:44:06.578  INFO 19512 --- [http-nio-8080-exec-5] c.d.learnbuddy.service.CourseService     : 选择器 'a.course-link' 找到 0 个链接
2025-11-24 12:44:06.580  INFO 19512 --- [http-nio-8080-exec-5] c.d.learnbuddy.service.CourseService     : Java爬虫找到 0 门课程
2025-11-24 12:44:06.581  INFO 19512 --- [http-nio-8080-exec-5] c.d.learnbuddy.service.CourseService     : 使用模拟数据
2025-11-24 12:44:06.582  INFO 19512 --- [http-nio-8080-exec-5] c.d.learnbuddy.service.CourseService     : 生成 29 门模拟课程
2025-11-24 12:44:06.584  INFO 19512 --- [http-nio-8080-exec-5] c.d.learnbuddy.service.CourseService     : 搜索结果: 2 门课程
2025-11-24 12:44:06.584  INFO 19512 --- [http-nio-8080-exec-5] c.d.l.controller.CourseController        : 搜索结果数量: 2
2025-11-24 12:44:36.885  INFO 19512 --- [http-nio-8080-exec-7] c.d.l.controller.CourseController        : 收到搜索课程请求 - keyword: 机器视觉, category: null, difficulty: null
2025-11-24 12:44:36.886  INFO 19512 --- [http-nio-8080-exec-7] c.d.learnbuddy.service.CourseService     : 找到Python脚本: D:\001_ZJNUThird\ai-learning-partner\ai-learning-partner\learn-buddy-backend\python-crawler\run_scraper.py
2025-11-24 12:44:36.931  INFO 19512 --- [http-nio-8080-exec-7] c.d.learnbuddy.service.CourseService     : 检测到Python命令: python
2025-11-24 12:44:36.932  INFO 19512 --- [http-nio-8080-exec-7] c.d.learnbuddy.service.CourseService     : 使用Python命令: python, 脚本: D:\001_ZJNUThird\ai-learning-partner\ai-learning-partner\learn-buddy-backend\python-crawler\run_scraper.py
2025-11-24 12:44:37.028 DEBUG 19512 --- [http-nio-8080-exec-7] c.d.learnbuddy.service.CourseService     : Python输出:   File "D:\001_ZJNUThird\ai-learning-partner\ai-learning-partner\learn-buddy-backend\python-crawler\run_scraper.py", line 112
2025-11-24 12:44:37.029 DEBUG 19512 --- [http-nio-8080-exec-7] c.d.learnbuddy.service.CourseService     : Python输出:     http://localhost:3004/
2025-11-24 12:44:37.029 DEBUG 19512 --- [http-nio-8080-exec-7] c.d.learnbuddy.service.CourseService     : Python输出:          ^^
2025-11-24 12:44:37.029 DEBUG 19512 --- [http-nio-8080-exec-7] c.d.learnbuddy.service.CourseService     : Python输出: SyntaxError: invalid syntax
2025-11-24 12:44:37.034  INFO 19512 --- [http-nio-8080-exec-7] c.d.learnbuddy.service.CourseService     : Python进程退出码: 1
2025-11-24 12:44:37.035  WARN 19512 --- [http-nio-8080-exec-7] c.d.learnbuddy.service.CourseService     : Python脚本执行失败，退出码: 1
2025-11-24 12:44:37.035  INFO 19512 --- [http-nio-8080-exec-7] c.d.learnbuddy.service.CourseService     : 使用Java爬虫尝试抓取icourse163课程
2025-11-24 12:44:37.151  INFO 19512 --- [http-nio-8080-exec-7] c.d.learnbuddy.service.CourseService     : 选择器 'a[href*='/course/']' 找到 0 个链接
2025-11-24 12:44:37.152  INFO 19512 --- [http-nio-8080-exec-7] c.d.learnbuddy.service.CourseService     : 选择器 'div.course-card a' 找到 0 个链接
2025-11-24 12:44:37.155  INFO 19512 --- [http-nio-8080-exec-7] c.d.learnbuddy.service.CourseService     : 选择器 '.g-box a' 找到 0 个链接
2025-11-24 12:44:37.155  INFO 19512 --- [http-nio-8080-exec-7] c.d.learnbuddy.service.CourseService     : 选择器 'a.course-link' 找到 0 个链接
2025-11-24 12:44:37.156  INFO 19512 --- [http-nio-8080-exec-7] c.d.learnbuddy.service.CourseService     : Java爬虫找到 0 门课程
2025-11-24 12:44:37.156  INFO 19512 --- [http-nio-8080-exec-7] c.d.learnbuddy.service.CourseService     : 使用模拟数据
2025-11-24 12:44:37.158  INFO 19512 --- [http-nio-8080-exec-7] c.d.learnbuddy.service.CourseService     : 生成 29 门模拟课程
2025-11-24 12:44:37.158  INFO 19512 --- [http-nio-8080-exec-7] c.d.learnbuddy.service.CourseService     : 搜索结果: 1 门课程
2025-11-24 12:44:37.160  INFO 19512 --- [http-nio-8080-exec-7] c.d.l.controller.CourseController        : 搜索结果数量: 1
2025-11-24 12:45:25.364  INFO 40320 --- [main] c.d.l.LearnBuddyBackendApplication       : Starting LearnBuddyBackendApplication using Java 21.0.7 on LAPTOP-2IOG7FMP with PID 40320 (D:\001_ZJNUThird\ai-learning-partner\ai-learning-partner\learn-buddy-backend\target\classes started by jasmine in D:\001_ZJNUThird\ai-learning-partner\ai-learning-partner\learn-buddy-backend)
2025-11-24 12:45:25.368 DEBUG 40320 --- [main] c.d.l.LearnBuddyBackendApplication       : Running with Spring Boot v2.7.18, Spring v5.3.31
2025-11-24 12:45:25.370  INFO 40320 --- [main] c.d.l.LearnBuddyBackendApplication       : No active profile set, falling back to 1 default profile: "default"
2025-11-24 12:45:26.567  INFO 40320 --- [main] .s.d.r.c.RepositoryConfigurationDelegate : Bootstrapping Spring Data JPA repositories in DEFAULT mode.
2025-11-24 12:45:26.685  INFO 40320 --- [main] .s.d.r.c.RepositoryConfigurationDelegate : Finished Spring Data repository scanning in 109 ms. Found 9 JPA repository interfaces.
2025-11-24 12:45:27.699  INFO 40320 --- [main] o.s.b.w.embedded.tomcat.TomcatWebServer  : Tomcat initialized with port(s): 8080 (http)
2025-11-24 12:45:27.708  INFO 40320 --- [main] o.a.catalina.core.AprLifecycleListener   : Loaded Apache Tomcat Native library [2.0.8] using APR version [1.7.4].
2025-11-24 12:45:27.709  INFO 40320 --- [main] o.a.catalina.core.AprLifecycleListener   : APR capabilities: IPv6 [true], sendfile [true], accept filters [false], random [true], UDS [true].
2025-11-24 12:45:27.710  INFO 40320 --- [main] o.a.catalina.core.AprLifecycleListener   : APR/OpenSSL configuration: useAprConnector [false], useOpenSSL [true]
2025-11-24 12:45:27.716  INFO 40320 --- [main] o.a.catalina.core.AprLifecycleListener   : OpenSSL successfully initialized [OpenSSL 3.0.14 4 Jun 2024]
2025-11-24 12:45:27.727  INFO 40320 --- [main] o.apache.catalina.core.StandardService   : Starting service [Tomcat]
2025-11-24 12:45:27.729  INFO 40320 --- [main] org.apache.catalina.core.StandardEngine  : Starting Servlet engine: [Apache Tomcat/9.0.83]
2025-11-24 12:45:27.934  INFO 40320 --- [main] o.a.c.c.C.[Tomcat].[localhost].[/]       : Initializing Spring embedded WebApplicationContext
2025-11-24 12:45:27.935  INFO 40320 --- [main] w.s.c.ServletWebServerApplicationContext : Root WebApplicationContext: initialization completed in 2365 ms
2025-11-24 12:45:28.140  INFO 40320 --- [main] o.hibernate.jpa.internal.util.LogHelper  : HHH000204: Processing PersistenceUnitInfo [name: default]
2025-11-24 12:45:28.236  INFO 40320 --- [main] org.hibernate.Version                    : HHH000412: Hibernate ORM core version 5.6.15.Final
2025-11-24 12:45:28.458  INFO 40320 --- [main] o.hibernate.annotations.common.Version   : HCANN000001: Hibernate Commons Annotations {5.1.2.Final}
2025-11-24 12:45:28.571  INFO 40320 --- [main] com.zaxxer.hikari.HikariDataSource       : HikariPool-1 - Starting...
2025-11-24 12:45:28.805  INFO 40320 --- [main] com.zaxxer.hikari.HikariDataSource       : HikariPool-1 - Start completed.
2025-11-24 12:45:28.818  INFO 40320 --- [main] org.hibernate.dialect.Dialect            : HHH000400: Using dialect: org.hibernate.dialect.MySQL8Dialect
2025-11-24 12:45:29.762  INFO 40320 --- [main] o.h.e.t.j.p.i.JtaPlatformInitiator       : HHH000490: Using JtaPlatform implementation: [org.hibernate.engine.transaction.jta.platform.internal.NoJtaPlatform]
2025-11-24 12:45:29.776  INFO 40320 --- [main] j.LocalContainerEntityManagerFactoryBean : Initialized JPA EntityManagerFactory for persistence unit 'default'
2025-11-24 12:45:30.917  WARN 40320 --- [main] JpaBaseConfiguration$JpaWebConfiguration : spring.jpa.open-in-view is enabled by default. Therefore, database queries may be performed during view rendering. Explicitly configure spring.jpa.open-in-view to disable this warning
2025-11-24 12:45:31.798  INFO 40320 --- [main] o.s.b.w.embedded.tomcat.TomcatWebServer  : Tomcat started on port(s): 8080 (http) with context path ''
2025-11-24 12:45:31.806  INFO 40320 --- [main] c.d.l.LearnBuddyBackendApplication       : Started LearnBuddyBackendApplication in 7.086 seconds (JVM running for 7.811)
2025-11-24 12:45:31.882  INFO 40320 --- [http-nio-8080-exec-1] o.a.c.c.C.[Tomcat].[localhost].[/]       : Initializing Spring DispatcherServlet 'dispatcherServlet'
2025-11-24 12:45:31.883  INFO 40320 --- [http-nio-8080-exec-1] o.s.web.servlet.DispatcherServlet        : Initializing Servlet 'dispatcherServlet'
2025-11-24 12:45:31.884  INFO 40320 --- [http-nio-8080-exec-1] o.s.web.servlet.DispatcherServlet        : Completed initialization in 1 ms
2025-11-24 12:45:31.924  INFO 40320 --- [http-nio-8080-exec-6] c.d.l.controller.CourseController        : 收到手动抓取课程请求
2025-11-24 12:45:31.926  INFO 40320 --- [http-nio-8080-exec-6] c.d.learnbuddy.service.CourseService     : 找到Python脚本: D:\001_ZJNUThird\ai-learning-partner\ai-learning-partner\learn-buddy-backend\python-crawler\run_scraper.py
2025-11-24 12:45:31.988  INFO 40320 --- [http-nio-8080-exec-6] c.d.learnbuddy.service.CourseService     : 检测到Python命令: python
2025-11-24 12:45:31.989  INFO 40320 --- [http-nio-8080-exec-6] c.d.learnbuddy.service.CourseService     : 使用Python命令: python, 脚本: D:\001_ZJNUThird\ai-learning-partner\ai-learning-partner\learn-buddy-backend\python-crawler\run_scraper.py
2025-11-24 12:45:32.077 DEBUG 40320 --- [http-nio-8080-exec-6] c.d.learnbuddy.service.CourseService     : Python输出:   File "D:\001_ZJNUThird\ai-learning-partner\ai-learning-partner\learn-buddy-backend\python-crawler\run_scraper.py", line 112
2025-11-24 12:45:32.078 DEBUG 40320 --- [http-nio-8080-exec-6] c.d.learnbuddy.service.CourseService     : Python输出:     http://localhost:3004/
2025-11-24 12:45:32.079 DEBUG 40320 --- [http-nio-8080-exec-6] c.d.learnbuddy.service.CourseService     : Python输出:          ^^
2025-11-24 12:45:32.080 DEBUG 40320 --- [http-nio-8080-exec-6] c.d.learnbuddy.service.CourseService     : Python输出: SyntaxError: invalid syntax
2025-11-24 12:45:32.083  INFO 40320 --- [http-nio-8080-exec-6] c.d.learnbuddy.service.CourseService     : Python进程退出码: 1
2025-11-24 12:45:32.084  WARN 40320 --- [http-nio-8080-exec-6] c.d.learnbuddy.service.CourseService     : Python脚本执行失败，退出码: 1
2025-11-24 12:45:32.084  INFO 40320 --- [http-nio-8080-exec-6] c.d.learnbuddy.service.CourseService     : 使用Java爬虫尝试抓取icourse163课程
2025-11-24 12:45:32.833  INFO 40320 --- [http-nio-8080-exec-6] c.d.learnbuddy.service.CourseService     : 选择器 'a[href*='/course/']' 找到 0 个链接
2025-11-24 12:45:32.835  INFO 40320 --- [http-nio-8080-exec-6] c.d.learnbuddy.service.CourseService     : 选择器 'div.course-card a' 找到 0 个链接
2025-11-24 12:45:32.838  INFO 40320 --- [http-nio-8080-exec-6] c.d.learnbuddy.service.CourseService     : 选择器 '.g-box a' 找到 0 个链接
2025-11-24 12:45:32.843  INFO 40320 --- [http-nio-8080-exec-6] c.d.learnbuddy.service.CourseService     : 选择器 'a.course-link' 找到 0 个链接
2025-11-24 12:45:32.843  INFO 40320 --- [http-nio-8080-exec-6] c.d.learnbuddy.service.CourseService     : Java爬虫找到 0 门课程
2025-11-24 12:45:32.844  INFO 40320 --- [http-nio-8080-exec-6] c.d.learnbuddy.service.CourseService     : 使用模拟数据
2025-11-24 12:45:32.851  INFO 40320 --- [http-nio-8080-exec-6] c.d.learnbuddy.service.CourseService     : 生成 29 门模拟课程
2025-11-24 12:45:32.852  INFO 40320 --- [http-nio-8080-exec-6] c.d.l.controller.CourseController        : 抓取课程返回数量: 29
2025-11-24 12:45:42.642  INFO 40320 --- [http-nio-8080-exec-5] c.d.l.controller.CourseController        : 收到搜索课程请求 - keyword: null, category: 计算机, difficulty: null
2025-11-24 12:45:42.670  INFO 40320 --- [http-nio-8080-exec-5] c.d.learnbuddy.service.CourseService     : 找到Python脚本: D:\001_ZJNUThird\ai-learning-partner\ai-learning-partner\learn-buddy-backend\python-crawler\run_scraper.py
2025-11-24 12:45:42.692  INFO 40320 --- [http-nio-8080-exec-5] c.d.learnbuddy.service.CourseService     : 检测到Python命令: python
2025-11-24 12:45:42.692  INFO 40320 --- [http-nio-8080-exec-5] c.d.learnbuddy.service.CourseService     : 使用Python命令: python, 脚本: D:\001_ZJNUThird\ai-learning-partner\ai-learning-partner\learn-buddy-backend\python-crawler\run_scraper.py
2025-11-24 12:45:42.859 DEBUG 40320 --- [http-nio-8080-exec-5] c.d.learnbuddy.service.CourseService     : Python输出:   File "D:\001_ZJNUThird\ai-learning-partner\ai-learning-partner\learn-buddy-backend\python-crawler\run_scraper.py", line 112
2025-11-24 12:45:42.861 DEBUG 40320 --- [http-nio-8080-exec-5] c.d.learnbuddy.service.CourseService     : Python输出:     http://localhost:3004/
2025-11-24 12:45:42.861 DEBUG 40320 --- [http-nio-8080-exec-5] c.d.learnbuddy.service.CourseService     : Python输出:          ^^
2025-11-24 12:45:42.861 DEBUG 40320 --- [http-nio-8080-exec-5] c.d.learnbuddy.service.CourseService     : Python输出: SyntaxError: invalid syntax
2025-11-24 12:45:42.865  INFO 40320 --- [http-nio-8080-exec-5] c.d.learnbuddy.service.CourseService     : Python进程退出码: 1
2025-11-24 12:45:42.865  WARN 40320 --- [http-nio-8080-exec-5] c.d.learnbuddy.service.CourseService     : Python脚本执行失败，退出码: 1
2025-11-24 12:45:42.866  INFO 40320 --- [http-nio-8080-exec-5] c.d.learnbuddy.service.CourseService     : 使用Java爬虫尝试抓取icourse163课程
2025-11-24 12:45:43.032  INFO 40320 --- [http-nio-8080-exec-5] c.d.learnbuddy.service.CourseService     : 选择器 'a[href*='/course/']' 找到 0 个链接
2025-11-24 12:45:43.034  INFO 40320 --- [http-nio-8080-exec-5] c.d.learnbuddy.service.CourseService     : 选择器 'div.course-card a' 找到 0 个链接
2025-11-24 12:45:43.044  INFO 40320 --- [http-nio-8080-exec-5] c.d.learnbuddy.service.CourseService     : 选择器 '.g-box a' 找到 0 个链接
2025-11-24 12:45:43.046  INFO 40320 --- [http-nio-8080-exec-5] c.d.learnbuddy.service.CourseService     : 选择器 'a.course-link' 找到 0 个链接
2025-11-24 12:45:43.047  INFO 40320 --- [http-nio-8080-exec-5] c.d.learnbuddy.service.CourseService     : Java爬虫找到 0 门课程
2025-11-24 12:45:43.049  INFO 40320 --- [http-nio-8080-exec-5] c.d.learnbuddy.service.CourseService     : 使用模拟数据
2025-11-24 12:45:43.054  INFO 40320 --- [http-nio-8080-exec-5] c.d.learnbuddy.service.CourseService     : 生成 29 门模拟课程
2025-11-24 12:45:43.056  INFO 40320 --- [http-nio-8080-exec-5] c.d.learnbuddy.service.CourseService     : 搜索结果: 13 门课程
2025-11-24 12:45:43.058  INFO 40320 --- [http-nio-8080-exec-5] c.d.l.controller.CourseController        : 搜索结果数量: 13
2025-11-24 12:45:46.850  INFO 40320 --- [http-nio-8080-exec-4] c.d.l.controller.CourseController        : 收到搜索课程请求 - keyword: null, category: 计算机, difficulty: advanced
2025-11-24 12:45:46.852  INFO 40320 --- [http-nio-8080-exec-4] c.d.learnbuddy.service.CourseService     : 找到Python脚本: D:\001_ZJNUThird\ai-learning-partner\ai-learning-partner\learn-buddy-backend\python-crawler\run_scraper.py
2025-11-24 12:45:46.894  INFO 40320 --- [http-nio-8080-exec-4] c.d.learnbuddy.service.CourseService     : 检测到Python命令: python
2025-11-24 12:45:46.894  INFO 40320 --- [http-nio-8080-exec-4] c.d.learnbuddy.service.CourseService     : 使用Python命令: python, 脚本: D:\001_ZJNUThird\ai-learning-partner\ai-learning-partner\learn-buddy-backend\python-crawler\run_scraper.py
2025-11-24 12:45:46.963 DEBUG 40320 --- [http-nio-8080-exec-4] c.d.learnbuddy.service.CourseService     : Python输出:   File "D:\001_ZJNUThird\ai-learning-partner\ai-learning-partner\learn-buddy-backend\python-crawler\run_scraper.py", line 112
2025-11-24 12:45:46.963 DEBUG 40320 --- [http-nio-8080-exec-4] c.d.learnbuddy.service.CourseService     : Python输出:     http://localhost:3004/
2025-11-24 12:45:46.964 DEBUG 40320 --- [http-nio-8080-exec-4] c.d.learnbuddy.service.CourseService     : Python输出:          ^^
2025-11-24 12:45:46.964 DEBUG 40320 --- [http-nio-8080-exec-4] c.d.learnbuddy.service.CourseService     : Python输出: SyntaxError: invalid syntax
2025-11-24 12:45:46.967  INFO 40320 --- [http-nio-8080-exec-4] c.d.learnbuddy.service.CourseService     : Python进程退出码: 1
2025-11-24 12:45:46.967  WARN 40320 --- [http-nio-8080-exec-4] c.d.learnbuddy.service.CourseService     : Python脚本执行失败，退出码: 1
2025-11-24 12:45:46.967  INFO 40320 --- [http-nio-8080-exec-4] c.d.learnbuddy.service.CourseService     : 使用Java爬虫尝试抓取icourse163课程
2025-11-24 12:45:47.106  INFO 40320 --- [http-nio-8080-exec-4] c.d.learnbuddy.service.CourseService     : 选择器 'a[href*='/course/']' 找到 0 个链接
2025-11-24 12:45:47.108  INFO 40320 --- [http-nio-8080-exec-4] c.d.learnbuddy.service.CourseService     : 选择器 'div.course-card a' 找到 0 个链接
2025-11-24 12:45:47.111  INFO 40320 --- [http-nio-8080-exec-4] c.d.learnbuddy.service.CourseService     : 选择器 '.g-box a' 找到 0 个链接
2025-11-24 12:45:47.113  INFO 40320 --- [http-nio-8080-exec-4] c.d.learnbuddy.service.CourseService     : 选择器 'a.course-link' 找到 0 个链接
2025-11-24 12:45:47.113  INFO 40320 --- [http-nio-8080-exec-4] c.d.learnbuddy.service.CourseService     : Java爬虫找到 0 门课程
2025-11-24 12:45:47.114  INFO 40320 --- [http-nio-8080-exec-4] c.d.learnbuddy.service.CourseService     : 使用模拟数据
2025-11-24 12:45:47.116  INFO 40320 --- [http-nio-8080-exec-4] c.d.learnbuddy.service.CourseService     : 生成 29 门模拟课程
2025-11-24 12:45:47.117  INFO 40320 --- [http-nio-8080-exec-4] c.d.learnbuddy.service.CourseService     : 搜索结果: 4 门课程
2025-11-24 12:45:47.119  INFO 40320 --- [http-nio-8080-exec-4] c.d.l.controller.CourseController        : 搜索结果数量: 4
2025-11-24 12:46:55.893  INFO 40320 --- [http-nio-8080-exec-9] c.d.l.controller.CourseController        : 收到搜索课程请求 - keyword: null, category: 语言, difficulty: advanced
2025-11-24 12:46:55.896  INFO 40320 --- [http-nio-8080-exec-9] c.d.learnbuddy.service.CourseService     : 找到Python脚本: D:\001_ZJNUThird\ai-learning-partner\ai-learning-partner\learn-buddy-backend\python-crawler\run_scraper.py
2025-11-24 12:46:55.944  INFO 40320 --- [http-nio-8080-exec-9] c.d.learnbuddy.service.CourseService     : 检测到Python命令: python
2025-11-24 12:46:55.946  INFO 40320 --- [http-nio-8080-exec-9] c.d.learnbuddy.service.CourseService     : 使用Python命令: python, 脚本: D:\001_ZJNUThird\ai-learning-partner\ai-learning-partner\learn-buddy-backend\python-crawler\run_scraper.py
2025-11-24 12:46:56.093 DEBUG 40320 --- [http-nio-8080-exec-9] c.d.learnbuddy.service.CourseService     : Python输出:   File "D:\001_ZJNUThird\ai-learning-partner\ai-learning-partner\learn-buddy-backend\python-crawler\run_scraper.py", line 112
2025-11-24 12:46:56.095 DEBUG 40320 --- [http-nio-8080-exec-9] c.d.learnbuddy.service.CourseService     : Python输出:     http://localhost:3004/
2025-11-24 12:46:56.096 DEBUG 40320 --- [http-nio-8080-exec-9] c.d.learnbuddy.service.CourseService     : Python输出:          ^^
2025-11-24 12:46:56.096 DEBUG 40320 --- [http-nio-8080-exec-9] c.d.learnbuddy.service.CourseService     : Python输出: SyntaxError: invalid syntax
2025-11-24 12:46:56.104  INFO 40320 --- [http-nio-8080-exec-9] c.d.learnbuddy.service.CourseService     : Python进程退出码: 1
2025-11-24 12:46:56.104  WARN 40320 --- [http-nio-8080-exec-9] c.d.learnbuddy.service.CourseService     : Python脚本执行失败，退出码: 1
2025-11-24 12:46:56.104  INFO 40320 --- [http-nio-8080-exec-9] c.d.learnbuddy.service.CourseService     : 使用Java爬虫尝试抓取icourse163课程
2025-11-24 12:46:56.233  INFO 40320 --- [http-nio-8080-exec-9] c.d.learnbuddy.service.CourseService     : 选择器 'a[href*='/course/']' 找到 0 个链接
2025-11-24 12:46:56.234  INFO 40320 --- [http-nio-8080-exec-9] c.d.learnbuddy.service.CourseService     : 选择器 'div.course-card a' 找到 0 个链接
2025-11-24 12:46:56.237  INFO 40320 --- [http-nio-8080-exec-9] c.d.learnbuddy.service.CourseService     : 选择器 '.g-box a' 找到 0 个链接
2025-11-24 12:46:56.238  INFO 40320 --- [http-nio-8080-exec-9] c.d.learnbuddy.service.CourseService     : 选择器 'a.course-link' 找到 0 个链接
2025-11-24 12:46:56.239  INFO 40320 --- [http-nio-8080-exec-9] c.d.learnbuddy.service.CourseService     : Java爬虫找到 0 门课程
2025-11-24 12:46:56.239  INFO 40320 --- [http-nio-8080-exec-9] c.d.learnbuddy.service.CourseService     : 使用模拟数据
2025-11-24 12:46:56.243  INFO 40320 --- [http-nio-8080-exec-9] c.d.learnbuddy.service.CourseService     : 生成 29 门模拟课程
2025-11-24 12:46:56.245  INFO 40320 --- [http-nio-8080-exec-9] c.d.learnbuddy.service.CourseService     : 搜索结果: 0 门课程
2025-11-24 12:46:56.247  INFO 40320 --- [http-nio-8080-exec-9] c.d.l.controller.CourseController        : 搜索结果数量: 0
2025-11-24 12:46:58.770  INFO 40320 --- [http-nio-8080-exec-2] c.d.l.controller.CourseController        : 收到手动抓取课程请求
2025-11-24 12:46:58.772  INFO 40320 --- [http-nio-8080-exec-2] c.d.learnbuddy.service.CourseService     : 找到Python脚本: D:\001_ZJNUThird\ai-learning-partner\ai-learning-partner\learn-buddy-backend\python-crawler\run_scraper.py
2025-11-24 12:46:58.883  INFO 40320 --- [http-nio-8080-exec-2] c.d.learnbuddy.service.CourseService     : 检测到Python命令: python
2025-11-24 12:46:58.885  INFO 40320 --- [http-nio-8080-exec-2] c.d.learnbuddy.service.CourseService     : 使用Python命令: python, 脚本: D:\001_ZJNUThird\ai-learning-partner\ai-learning-partner\learn-buddy-backend\python-crawler\run_scraper.py
2025-11-24 12:46:59.031 DEBUG 40320 --- [http-nio-8080-exec-2] c.d.learnbuddy.service.CourseService     : Python输出:   File "D:\001_ZJNUThird\ai-learning-partner\ai-learning-partner\learn-buddy-backend\python-crawler\run_scraper.py", line 112
2025-11-24 12:46:59.032 DEBUG 40320 --- [http-nio-8080-exec-2] c.d.learnbuddy.service.CourseService     : Python输出:     http://localhost:3004/
2025-11-24 12:46:59.033 DEBUG 40320 --- [http-nio-8080-exec-2] c.d.learnbuddy.service.CourseService     : Python输出:          ^^
2025-11-24 12:46:59.033 DEBUG 40320 --- [http-nio-8080-exec-2] c.d.learnbuddy.service.CourseService     : Python输出: SyntaxError: invalid syntax
2025-11-24 12:46:59.036  INFO 40320 --- [http-nio-8080-exec-2] c.d.learnbuddy.service.CourseService     : Python进程退出码: 1
2025-11-24 12:46:59.036  WARN 40320 --- [http-nio-8080-exec-2] c.d.learnbuddy.service.CourseService     : Python脚本执行失败，退出码: 1
2025-11-24 12:46:59.036  INFO 40320 --- [http-nio-8080-exec-2] c.d.learnbuddy.service.CourseService     : 使用Java爬虫尝试抓取icourse163课程
2025-11-24 12:46:59.160  INFO 40320 --- [http-nio-8080-exec-2] c.d.learnbuddy.service.CourseService     : 选择器 'a[href*='/course/']' 找到 0 个链接
2025-11-24 12:46:59.162  INFO 40320 --- [http-nio-8080-exec-2] c.d.learnbuddy.service.CourseService     : 选择器 'div.course-card a' 找到 0 个链接
2025-11-24 12:46:59.163  INFO 40320 --- [http-nio-8080-exec-2] c.d.learnbuddy.service.CourseService     : 选择器 '.g-box a' 找到 0 个链接
2025-11-24 12:46:59.164  INFO 40320 --- [http-nio-8080-exec-2] c.d.learnbuddy.service.CourseService     : 选择器 'a.course-link' 找到 0 个链接
2025-11-24 12:46:59.165  INFO 40320 --- [http-nio-8080-exec-2] c.d.learnbuddy.service.CourseService     : Java爬虫找到 0 门课程
2025-11-24 12:46:59.166  INFO 40320 --- [http-nio-8080-exec-2] c.d.learnbuddy.service.CourseService     : 使用模拟数据
2025-11-24 12:46:59.172  INFO 40320 --- [http-nio-8080-exec-2] c.d.learnbuddy.service.CourseService     : 生成 29 门模拟课程
2025-11-24 12:46:59.172  INFO 40320 --- [http-nio-8080-exec-2] c.d.l.controller.CourseController        : 抓取课程返回数量: 29
2025-11-24 12:47:08.723  INFO 40320 --- [http-nio-8080-exec-1] c.d.l.controller.CourseController        : 收到搜索课程请求 - keyword: null, category: 计算机, difficulty: advanced
2025-11-24 12:47:08.726  INFO 40320 --- [http-nio-8080-exec-1] c.d.learnbuddy.service.CourseService     : 找到Python脚本: D:\001_ZJNUThird\ai-learning-partner\ai-learning-partner\learn-buddy-backend\python-crawler\run_scraper.py
2025-11-24 12:47:08.797  INFO 40320 --- [http-nio-8080-exec-1] c.d.learnbuddy.service.CourseService     : 检测到Python命令: python
2025-11-24 12:47:08.799  INFO 40320 --- [http-nio-8080-exec-1] c.d.learnbuddy.service.CourseService     : 使用Python命令: python, 脚本: D:\001_ZJNUThird\ai-learning-partner\ai-learning-partner\learn-buddy-backend\python-crawler\run_scraper.py
2025-11-24 12:47:08.937 DEBUG 40320 --- [http-nio-8080-exec-1] c.d.learnbuddy.service.CourseService     : Python输出:   File "D:\001_ZJNUThird\ai-learning-partner\ai-learning-partner\learn-buddy-backend\python-crawler\run_scraper.py", line 112
2025-11-24 12:47:08.938 DEBUG 40320 --- [http-nio-8080-exec-1] c.d.learnbuddy.service.CourseService     : Python输出:     http://localhost:3004/
2025-11-24 12:47:08.938 DEBUG 40320 --- [http-nio-8080-exec-1] c.d.learnbuddy.service.CourseService     : Python输出:          ^^
2025-11-24 12:47:08.938 DEBUG 40320 --- [http-nio-8080-exec-1] c.d.learnbuddy.service.CourseService     : Python输出: SyntaxError: invalid syntax
2025-11-24 12:47:08.945  INFO 40320 --- [http-nio-8080-exec-1] c.d.learnbuddy.service.CourseService     : Python进程退出码: 1
2025-11-24 12:47:08.946  WARN 40320 --- [http-nio-8080-exec-1] c.d.learnbuddy.service.CourseService     : Python脚本执行失败，退出码: 1
2025-11-24 12:47:08.946  INFO 40320 --- [http-nio-8080-exec-1] c.d.learnbuddy.service.CourseService     : 使用Java爬虫尝试抓取icourse163课程
2025-11-24 12:47:09.139  INFO 40320 --- [http-nio-8080-exec-1] c.d.learnbuddy.service.CourseService     : 选择器 'a[href*='/course/']' 找到 0 个链接
2025-11-24 12:47:09.141  INFO 40320 --- [http-nio-8080-exec-1] c.d.learnbuddy.service.CourseService     : 选择器 'div.course-card a' 找到 0 个链接
2025-11-24 12:47:09.142  INFO 40320 --- [http-nio-8080-exec-1] c.d.learnbuddy.service.CourseService     : 选择器 '.g-box a' 找到 0 个链接
2025-11-24 12:47:09.145  INFO 40320 --- [http-nio-8080-exec-1] c.d.learnbuddy.service.CourseService     : 选择器 'a.course-link' 找到 0 个链接
2025-11-24 12:47:09.146  INFO 40320 --- [http-nio-8080-exec-1] c.d.learnbuddy.service.CourseService     : Java爬虫找到 0 门课程
2025-11-24 12:47:09.147  INFO 40320 --- [http-nio-8080-exec-1] c.d.learnbuddy.service.CourseService     : 使用模拟数据
2025-11-24 12:47:09.148  INFO 40320 --- [http-nio-8080-exec-1] c.d.learnbuddy.service.CourseService     : 生成 29 门模拟课程
2025-11-24 12:47:09.150  INFO 40320 --- [http-nio-8080-exec-1] c.d.learnbuddy.service.CourseService     : 搜索结果: 4 门课程
2025-11-24 12:47:09.151  INFO 40320 --- [http-nio-8080-exec-1] c.d.l.controller.CourseController        : 搜索结果数量: 4
2025-11-24 12:47:13.490  INFO 40320 --- [http-nio-8080-exec-6] c.d.l.controller.CourseController        : 收到搜索课程请求 - keyword: null, category: 语言, difficulty: advanced
2025-11-24 12:47:13.491  INFO 40320 --- [http-nio-8080-exec-6] c.d.learnbuddy.service.CourseService     : 找到Python脚本: D:\001_ZJNUThird\ai-learning-partner\ai-learning-partner\learn-buddy-backend\python-crawler\run_scraper.py
2025-11-24 12:47:13.558  INFO 40320 --- [http-nio-8080-exec-6] c.d.learnbuddy.service.CourseService     : 检测到Python命令: python
2025-11-24 12:47:13.559  INFO 40320 --- [http-nio-8080-exec-6] c.d.learnbuddy.service.CourseService     : 使用Python命令: python, 脚本: D:\001_ZJNUThird\ai-learning-partner\ai-learning-partner\learn-buddy-backend\python-crawler\run_scraper.py
2025-11-24 12:47:13.713 DEBUG 40320 --- [http-nio-8080-exec-6] c.d.learnbuddy.service.CourseService     : Python输出:   File "D:\001_ZJNUThird\ai-learning-partner\ai-learning-partner\learn-buddy-backend\python-crawler\run_scraper.py", line 112
2025-11-24 12:47:13.717 DEBUG 40320 --- [http-nio-8080-exec-6] c.d.learnbuddy.service.CourseService     : Python输出:     http://localhost:3004/
2025-11-24 12:47:13.719 DEBUG 40320 --- [http-nio-8080-exec-6] c.d.learnbuddy.service.CourseService     : Python输出:          ^^
2025-11-24 12:47:13.720 DEBUG 40320 --- [http-nio-8080-exec-6] c.d.learnbuddy.service.CourseService     : Python输出: SyntaxError: invalid syntax
2025-11-24 12:47:13.720  INFO 40320 --- [http-nio-8080-exec-6] c.d.learnbuddy.service.CourseService     : Python进程退出码: 1
2025-11-24 12:47:13.720  WARN 40320 --- [http-nio-8080-exec-6] c.d.learnbuddy.service.CourseService     : Python脚本执行失败，退出码: 1
2025-11-24 12:47:13.721  INFO 40320 --- [http-nio-8080-exec-6] c.d.learnbuddy.service.CourseService     : 使用Java爬虫尝试抓取icourse163课程
2025-11-24 12:47:13.872  INFO 40320 --- [http-nio-8080-exec-6] c.d.learnbuddy.service.CourseService     : 选择器 'a[href*='/course/']' 找到 0 个链接
2025-11-24 12:47:13.873  INFO 40320 --- [http-nio-8080-exec-6] c.d.learnbuddy.service.CourseService     : 选择器 'div.course-card a' 找到 0 个链接
2025-11-24 12:47:13.873  INFO 40320 --- [http-nio-8080-exec-6] c.d.learnbuddy.service.CourseService     : 选择器 '.g-box a' 找到 0 个链接
2025-11-24 12:47:13.874  INFO 40320 --- [http-nio-8080-exec-6] c.d.learnbuddy.service.CourseService     : 选择器 'a.course-link' 找到 0 个链接
2025-11-24 12:47:13.874  INFO 40320 --- [http-nio-8080-exec-6] c.d.learnbuddy.service.CourseService     : Java爬虫找到 0 门课程
2025-11-24 12:47:13.874  INFO 40320 --- [http-nio-8080-exec-6] c.d.learnbuddy.service.CourseService     : 使用模拟数据
2025-11-24 12:47:13.874  INFO 40320 --- [http-nio-8080-exec-6] c.d.learnbuddy.service.CourseService     : 生成 29 门模拟课程
2025-11-24 12:47:13.875  INFO 40320 --- [http-nio-8080-exec-6] c.d.learnbuddy.service.CourseService     : 搜索结果: 0 门课程
2025-11-24 12:47:13.875  INFO 40320 --- [http-nio-8080-exec-6] c.d.l.controller.CourseController        : 搜索结果数量: 0
2025-11-24 12:47:15.789  INFO 40320 --- [http-nio-8080-exec-5] c.d.l.controller.CourseController        : 收到手动抓取课程请求
2025-11-24 12:47:15.791  INFO 40320 --- [http-nio-8080-exec-5] c.d.learnbuddy.service.CourseService     : 找到Python脚本: D:\001_ZJNUThird\ai-learning-partner\ai-learning-partner\learn-buddy-backend\python-crawler\run_scraper.py
2025-11-24 12:47:15.861  INFO 40320 --- [http-nio-8080-exec-5] c.d.learnbuddy.service.CourseService     : 检测到Python命令: python
2025-11-24 12:47:15.862  INFO 40320 --- [http-nio-8080-exec-5] c.d.learnbuddy.service.CourseService     : 使用Python命令: python, 脚本: D:\001_ZJNUThird\ai-learning-partner\ai-learning-partner\learn-buddy-backend\python-crawler\run_scraper.py
2025-11-24 12:47:16.152 DEBUG 40320 --- [http-nio-8080-exec-5] c.d.learnbuddy.service.CourseService     : Python输出:   File "D:\001_ZJNUThird\ai-learning-partner\ai-learning-partner\learn-buddy-backend\python-crawler\run_scraper.py", line 112
2025-11-24 12:47:16.153 DEBUG 40320 --- [http-nio-8080-exec-5] c.d.learnbuddy.service.CourseService     : Python输出:     http://localhost:3004/
2025-11-24 12:47:16.153 DEBUG 40320 --- [http-nio-8080-exec-5] c.d.learnbuddy.service.CourseService     : Python输出:          ^^
2025-11-24 12:47:16.154 DEBUG 40320 --- [http-nio-8080-exec-5] c.d.learnbuddy.service.CourseService     : Python输出: SyntaxError: invalid syntax
2025-11-24 12:47:16.158  INFO 40320 --- [http-nio-8080-exec-5] c.d.learnbuddy.service.CourseService     : Python进程退出码: 1
2025-11-24 12:47:16.158  WARN 40320 --- [http-nio-8080-exec-5] c.d.learnbuddy.service.CourseService     : Python脚本执行失败，退出码: 1
2025-11-24 12:47:16.158  INFO 40320 --- [http-nio-8080-exec-5] c.d.learnbuddy.service.CourseService     : 使用Java爬虫尝试抓取icourse163课程
2025-11-24 12:47:16.293  INFO 40320 --- [http-nio-8080-exec-5] c.d.learnbuddy.service.CourseService     : 选择器 'a[href*='/course/']' 找到 0 个链接
2025-11-24 12:47:16.294  INFO 40320 --- [http-nio-8080-exec-5] c.d.learnbuddy.service.CourseService     : 选择器 'div.course-card a' 找到 0 个链接
2025-11-24 12:47:16.296  INFO 40320 --- [http-nio-8080-exec-5] c.d.learnbuddy.service.CourseService     : 选择器 '.g-box a' 找到 0 个链接
2025-11-24 12:47:16.298  INFO 40320 --- [http-nio-8080-exec-5] c.d.learnbuddy.service.CourseService     : 选择器 'a.course-link' 找到 0 个链接
2025-11-24 12:47:16.299  INFO 40320 --- [http-nio-8080-exec-5] c.d.learnbuddy.service.CourseService     : Java爬虫找到 0 门课程
2025-11-24 12:47:16.300  INFO 40320 --- [http-nio-8080-exec-5] c.d.learnbuddy.service.CourseService     : 使用模拟数据
2025-11-24 12:47:16.302  INFO 40320 --- [http-nio-8080-exec-5] c.d.learnbuddy.service.CourseService     : 生成 29 门模拟课程
2025-11-24 12:47:16.303  INFO 40320 --- [http-nio-8080-exec-5] c.d.l.controller.CourseController        : 抓取课程返回数量: 29
2025-11-24 12:47:42.564  INFO 40320 --- [http-nio-8080-exec-4] c.d.l.controller.CourseController        : 收到获取推荐课程请求
2025-11-24 12:47:42.565  INFO 40320 --- [http-nio-8080-exec-4] c.d.learnbuddy.service.CourseService     : 找到Python脚本: D:\001_ZJNUThird\ai-learning-partner\ai-learning-partner\learn-buddy-backend\python-crawler\run_scraper.py
2025-11-24 12:47:42.592  INFO 40320 --- [http-nio-8080-exec-4] c.d.learnbuddy.service.CourseService     : 检测到Python命令: python
2025-11-24 12:47:42.595  INFO 40320 --- [http-nio-8080-exec-4] c.d.learnbuddy.service.CourseService     : 使用Python命令: python, 脚本: D:\001_ZJNUThird\ai-learning-partner\ai-learning-partner\learn-buddy-backend\python-crawler\run_scraper.py
2025-11-24 12:47:42.810 DEBUG 40320 --- [http-nio-8080-exec-4] c.d.learnbuddy.service.CourseService     : Python输出:   File "D:\001_ZJNUThird\ai-learning-partner\ai-learning-partner\learn-buddy-backend\python-crawler\run_scraper.py", line 112
2025-11-24 12:47:42.811 DEBUG 40320 --- [http-nio-8080-exec-4] c.d.learnbuddy.service.CourseService     : Python输出:     http://localhost:3004/
2025-11-24 12:47:42.811 DEBUG 40320 --- [http-nio-8080-exec-4] c.d.learnbuddy.service.CourseService     : Python输出:          ^^
2025-11-24 12:47:42.811 DEBUG 40320 --- [http-nio-8080-exec-4] c.d.learnbuddy.service.CourseService     : Python输出: SyntaxError: invalid syntax
2025-11-24 12:47:42.819  INFO 40320 --- [http-nio-8080-exec-4] c.d.learnbuddy.service.CourseService     : Python进程退出码: 1
2025-11-24 12:47:42.821  WARN 40320 --- [http-nio-8080-exec-4] c.d.learnbuddy.service.CourseService     : Python脚本执行失败，退出码: 1
2025-11-24 12:47:42.822  INFO 40320 --- [http-nio-8080-exec-4] c.d.learnbuddy.service.CourseService     : 使用Java爬虫尝试抓取icourse163课程
2025-11-24 12:47:42.943  INFO 40320 --- [http-nio-8080-exec-4] c.d.learnbuddy.service.CourseService     : 选择器 'a[href*='/course/']' 找到 0 个链接
2025-11-24 12:47:42.945  INFO 40320 --- [http-nio-8080-exec-4] c.d.learnbuddy.service.CourseService     : 选择器 'div.course-card a' 找到 0 个链接
2025-11-24 12:47:42.949  INFO 40320 --- [http-nio-8080-exec-4] c.d.learnbuddy.service.CourseService     : 选择器 '.g-box a' 找到 0 个链接
2025-11-24 12:47:42.951  INFO 40320 --- [http-nio-8080-exec-4] c.d.learnbuddy.service.CourseService     : 选择器 'a.course-link' 找到 0 个链接
2025-11-24 12:47:42.952  INFO 40320 --- [http-nio-8080-exec-4] c.d.learnbuddy.service.CourseService     : Java爬虫找到 0 门课程
2025-11-24 12:47:42.952  INFO 40320 --- [http-nio-8080-exec-4] c.d.learnbuddy.service.CourseService     : 使用模拟数据
2025-11-24 12:47:42.962  INFO 40320 --- [http-nio-8080-exec-4] c.d.learnbuddy.service.CourseService     : 生成 29 门模拟课程
2025-11-24 12:47:42.964  INFO 40320 --- [http-nio-8080-exec-4] c.d.l.controller.CourseController        : 返回推荐课程数量: 29
2025-11-24 12:47:45.263  INFO 40320 --- [http-nio-8080-exec-8] c.d.l.controller.CourseController        : 收到搜索课程请求 - keyword: null, category: 语言, difficulty: null
2025-11-24 12:47:45.267  INFO 40320 --- [http-nio-8080-exec-8] c.d.learnbuddy.service.CourseService     : 找到Python脚本: D:\001_ZJNUThird\ai-learning-partner\ai-learning-partner\learn-buddy-backend\python-crawler\run_scraper.py
2025-11-24 12:47:45.364  INFO 40320 --- [http-nio-8080-exec-8] c.d.learnbuddy.service.CourseService     : 检测到Python命令: python
2025-11-24 12:47:45.367  INFO 40320 --- [http-nio-8080-exec-8] c.d.learnbuddy.service.CourseService     : 使用Python命令: python, 脚本: D:\001_ZJNUThird\ai-learning-partner\ai-learning-partner\learn-buddy-backend\python-crawler\run_scraper.py
2025-11-24 12:47:45.556 DEBUG 40320 --- [http-nio-8080-exec-8] c.d.learnbuddy.service.CourseService     : Python输出:   File "D:\001_ZJNUThird\ai-learning-partner\ai-learning-partner\learn-buddy-backend\python-crawler\run_scraper.py", line 112
2025-11-24 12:47:45.557 DEBUG 40320 --- [http-nio-8080-exec-8] c.d.learnbuddy.service.CourseService     : Python输出:     http://localhost:3004/
2025-11-24 12:47:45.558 DEBUG 40320 --- [http-nio-8080-exec-8] c.d.learnbuddy.service.CourseService     : Python输出:          ^^
2025-11-24 12:47:45.558 DEBUG 40320 --- [http-nio-8080-exec-8] c.d.learnbuddy.service.CourseService     : Python输出: SyntaxError: invalid syntax
2025-11-24 12:47:45.565  INFO 40320 --- [http-nio-8080-exec-8] c.d.learnbuddy.service.CourseService     : Python进程退出码: 1
2025-11-24 12:47:45.567  WARN 40320 --- [http-nio-8080-exec-8] c.d.learnbuddy.service.CourseService     : Python脚本执行失败，退出码: 1
2025-11-24 12:47:45.567  INFO 40320 --- [http-nio-8080-exec-8] c.d.learnbuddy.service.CourseService     : 使用Java爬虫尝试抓取icourse163课程
2025-11-24 12:47:45.729  INFO 40320 --- [http-nio-8080-exec-8] c.d.learnbuddy.service.CourseService     : 选择器 'a[href*='/course/']' 找到 0 个链接
2025-11-24 12:47:45.733  INFO 40320 --- [http-nio-8080-exec-8] c.d.learnbuddy.service.CourseService     : 选择器 'div.course-card a' 找到 0 个链接
2025-11-24 12:47:45.734  INFO 40320 --- [http-nio-8080-exec-8] c.d.learnbuddy.service.CourseService     : 选择器 '.g-box a' 找到 0 个链接
2025-11-24 12:47:45.734  INFO 40320 --- [http-nio-8080-exec-8] c.d.learnbuddy.service.CourseService     : 选择器 'a.course-link' 找到 0 个链接
2025-11-24 12:47:45.735  INFO 40320 --- [http-nio-8080-exec-8] c.d.learnbuddy.service.CourseService     : Java爬虫找到 0 门课程
2025-11-24 12:47:45.735  INFO 40320 --- [http-nio-8080-exec-8] c.d.learnbuddy.service.CourseService     : 使用模拟数据
2025-11-24 12:47:45.736  INFO 40320 --- [http-nio-8080-exec-8] c.d.learnbuddy.service.CourseService     : 生成 29 门模拟课程
2025-11-24 12:47:45.739  INFO 40320 --- [http-nio-8080-exec-8] c.d.learnbuddy.service.CourseService     : 搜索结果: 7 门课程
2025-11-24 12:47:45.740  INFO 40320 --- [http-nio-8080-exec-8] c.d.l.controller.CourseController        : 搜索结果数量: 7
2025-11-24 12:48:50.753  INFO 40320 --- [http-nio-8080-exec-2] c.d.l.service.KnowledgeGraphService      : 开始处理问题: 面向对象特性
2025-11-24 12:49:12.920 DEBUG 40320 --- [http-nio-8080-exec-2] c.d.l.service.KnowledgeGraphService      : 构建旧格式知识图谱，主要主题: 面向对象编程
2025-11-24 12:49:12.983 DEBUG 40320 --- [http-nio-8080-exec-2] c.d.l.service.KnowledgeGraphService      : 旧格式知识图谱构建完成: 总节点数=6, 主节点链接数=5
2025-11-24 12:49:12.983  INFO 40320 --- [http-nio-8080-exec-2] c.d.l.service.KnowledgeGraphService      : 保存问答历史 - 用户: 29, 问题: 面向对象特性
2025-11-24 12:49:12.984  INFO 40320 --- [http-nio-8080-exec-2] c.d.l.service.KnowledgeGraphService      : 问题处理完成: 回答长度=1541, 新图谱节点数=6, 旧图谱节点数=6, 主要主题=面向对象编程
2025-11-24 12:50:03.779  INFO 40320 --- [http-nio-8080-exec-6] c.d.l.service.KnowledgeGraphService      : 开始处理问题: 什么是二叉树？
2025-11-24 12:50:25.954 DEBUG 40320 --- [http-nio-8080-exec-6] c.d.l.service.KnowledgeGraphService      : 构建旧格式知识图谱，主要主题: 二叉树
2025-11-24 12:50:26.003 DEBUG 40320 --- [http-nio-8080-exec-6] c.d.l.service.KnowledgeGraphService      : 旧格式知识图谱构建完成: 总节点数=9, 主节点链接数=8
2025-11-24 12:50:26.004  INFO 40320 --- [http-nio-8080-exec-6] c.d.l.service.KnowledgeGraphService      : 保存问答历史 - 用户: 29, 问题: 什么是二叉树？
2025-11-24 12:50:26.004  INFO 40320 --- [http-nio-8080-exec-6] c.d.l.service.KnowledgeGraphService      : 问题处理完成: 回答长度=1146, 新图谱节点数=14, 旧图谱节点数=9, 主要主题=二叉树
2025-11-24 12:51:10.788  INFO 40320 --- [http-nio-8080-exec-5] c.d.l.controller.CourseController        : 收到获取推荐课程请求
2025-11-24 12:51:10.789  INFO 40320 --- [http-nio-8080-exec-5] c.d.learnbuddy.service.CourseService     : 找到Python脚本: D:\001_ZJNUThird\ai-learning-partner\ai-learning-partner\learn-buddy-backend\python-crawler\run_scraper.py
2025-11-24 12:51:10.857  INFO 40320 --- [http-nio-8080-exec-5] c.d.learnbuddy.service.CourseService     : 检测到Python命令: python
2025-11-24 12:51:10.858  INFO 40320 --- [http-nio-8080-exec-5] c.d.learnbuddy.service.CourseService     : 使用Python命令: python, 脚本: D:\001_ZJNUThird\ai-learning-partner\ai-learning-partner\learn-buddy-backend\python-crawler\run_scraper.py
2025-11-24 12:51:11.004 DEBUG 40320 --- [http-nio-8080-exec-5] c.d.learnbuddy.service.CourseService     : Python输出:   File "D:\001_ZJNUThird\ai-learning-partner\ai-learning-partner\learn-buddy-backend\python-crawler\run_scraper.py", line 112
2025-11-24 12:51:11.007 DEBUG 40320 --- [http-nio-8080-exec-5] c.d.learnbuddy.service.CourseService     : Python输出:     http://localhost:3004/
2025-11-24 12:51:11.008 DEBUG 40320 --- [http-nio-8080-exec-5] c.d.learnbuddy.service.CourseService     : Python输出:          ^^
2025-11-24 12:51:11.008 DEBUG 40320 --- [http-nio-8080-exec-5] c.d.learnbuddy.service.CourseService     : Python输出: SyntaxError: invalid syntax
2025-11-24 12:51:11.011  INFO 40320 --- [http-nio-8080-exec-5] c.d.learnbuddy.service.CourseService     : Python进程退出码: 1
2025-11-24 12:51:11.013  WARN 40320 --- [http-nio-8080-exec-5] c.d.learnbuddy.service.CourseService     : Python脚本执行失败，退出码: 1
2025-11-24 12:51:11.014  INFO 40320 --- [http-nio-8080-exec-5] c.d.learnbuddy.service.CourseService     : 使用Java爬虫尝试抓取icourse163课程
2025-11-24 12:51:11.146  INFO 40320 --- [http-nio-8080-exec-5] c.d.learnbuddy.service.CourseService     : 选择器 'a[href*='/course/']' 找到 0 个链接
2025-11-24 12:51:11.149  INFO 40320 --- [http-nio-8080-exec-5] c.d.learnbuddy.service.CourseService     : 选择器 'div.course-card a' 找到 0 个链接
2025-11-24 12:51:11.150  INFO 40320 --- [http-nio-8080-exec-5] c.d.learnbuddy.service.CourseService     : 选择器 '.g-box a' 找到 0 个链接
2025-11-24 12:51:11.151  INFO 40320 --- [http-nio-8080-exec-5] c.d.learnbuddy.service.CourseService     : 选择器 'a.course-link' 找到 0 个链接
2025-11-24 12:51:11.152  INFO 40320 --- [http-nio-8080-exec-5] c.d.learnbuddy.service.CourseService     : Java爬虫找到 0 门课程
2025-11-24 12:51:11.152  INFO 40320 --- [http-nio-8080-exec-5] c.d.learnbuddy.service.CourseService     : 使用模拟数据
2025-11-24 12:51:11.153  INFO 40320 --- [http-nio-8080-exec-5] c.d.learnbuddy.service.CourseService     : 生成 29 门模拟课程
2025-11-24 12:51:11.161  INFO 40320 --- [http-nio-8080-exec-5] c.d.l.controller.CourseController        : 返回推荐课程数量: 29
2025-11-24 12:57:43.802  INFO 40320 --- [http-nio-8080-exec-7] c.d.l.controller.CourseController        : 收到获取推荐课程请求
2025-11-24 12:57:43.803  INFO 40320 --- [http-nio-8080-exec-7] c.d.learnbuddy.service.CourseService     : 找到Python脚本: D:\001_ZJNUThird\ai-learning-partner\ai-learning-partner\learn-buddy-backend\python-crawler\run_scraper.py
2025-11-24 12:57:43.850  INFO 40320 --- [http-nio-8080-exec-7] c.d.learnbuddy.service.CourseService     : 检测到Python命令: python
2025-11-24 12:57:43.850  INFO 40320 --- [http-nio-8080-exec-7] c.d.learnbuddy.service.CourseService     : 使用Python命令: python, 脚本: D:\001_ZJNUThird\ai-learning-partner\ai-learning-partner\learn-buddy-backend\python-crawler\run_scraper.py
2025-11-24 12:57:43.947 DEBUG 40320 --- [http-nio-8080-exec-7] c.d.learnbuddy.service.CourseService     : Python输出:   File "D:\001_ZJNUThird\ai-learning-partner\ai-learning-partner\learn-buddy-backend\python-crawler\run_scraper.py", line 112
2025-11-24 12:57:43.948 DEBUG 40320 --- [http-nio-8080-exec-7] c.d.learnbuddy.service.CourseService     : Python输出:     http://localhost:3004/
2025-11-24 12:57:43.948 DEBUG 40320 --- [http-nio-8080-exec-7] c.d.learnbuddy.service.CourseService     : Python输出:          ^^
2025-11-24 12:57:43.948 DEBUG 40320 --- [http-nio-8080-exec-7] c.d.learnbuddy.service.CourseService     : Python输出: SyntaxError: invalid syntax
2025-11-24 12:57:43.952  INFO 40320 --- [http-nio-8080-exec-7] c.d.learnbuddy.service.CourseService     : Python进程退出码: 1
2025-11-24 12:57:43.952  WARN 40320 --- [http-nio-8080-exec-7] c.d.learnbuddy.service.CourseService     : Python脚本执行失败，退出码: 1
2025-11-24 12:57:43.952  INFO 40320 --- [http-nio-8080-exec-7] c.d.learnbuddy.service.CourseService     : 使用Java爬虫尝试抓取icourse163课程
2025-11-24 12:57:44.103  INFO 40320 --- [http-nio-8080-exec-7] c.d.learnbuddy.service.CourseService     : 选择器 'a[href*='/course/']' 找到 0 个链接
2025-11-24 12:57:44.104  INFO 40320 --- [http-nio-8080-exec-7] c.d.learnbuddy.service.CourseService     : 选择器 'div.course-card a' 找到 0 个链接
2025-11-24 12:57:44.104  INFO 40320 --- [http-nio-8080-exec-7] c.d.learnbuddy.service.CourseService     : 选择器 '.g-box a' 找到 0 个链接
2025-11-24 12:57:44.105  INFO 40320 --- [http-nio-8080-exec-7] c.d.learnbuddy.service.CourseService     : 选择器 'a.course-link' 找到 0 个链接
2025-11-24 12:57:44.105  INFO 40320 --- [http-nio-8080-exec-7] c.d.learnbuddy.service.CourseService     : Java爬虫找到 0 门课程
2025-11-24 12:57:44.105  INFO 40320 --- [http-nio-8080-exec-7] c.d.learnbuddy.service.CourseService     : 使用模拟数据
2025-11-24 12:57:44.105  INFO 40320 --- [http-nio-8080-exec-7] c.d.learnbuddy.service.CourseService     : 生成 29 门模拟课程
2025-11-24 12:57:44.105  INFO 40320 --- [http-nio-8080-exec-7] c.d.l.controller.CourseController        : 返回推荐课程数量: 29
2025-11-24 12:58:18.143  INFO 40320 --- [http-nio-8080-exec-8] c.d.l.controller.CourseController        : 收到获取推荐课程请求
2025-11-24 12:58:18.144  INFO 40320 --- [http-nio-8080-exec-8] c.d.learnbuddy.service.CourseService     : 找到Python脚本: D:\001_ZJNUThird\ai-learning-partner\ai-learning-partner\learn-buddy-backend\python-crawler\run_scraper.py
2025-11-24 12:58:18.181  INFO 40320 --- [http-nio-8080-exec-8] c.d.learnbuddy.service.CourseService     : 检测到Python命令: python
2025-11-24 12:58:18.181  INFO 40320 --- [http-nio-8080-exec-8] c.d.learnbuddy.service.CourseService     : 使用Python命令: python, 脚本: D:\001_ZJNUThird\ai-learning-partner\ai-learning-partner\learn-buddy-backend\python-crawler\run_scraper.py
2025-11-24 12:58:18.273 DEBUG 40320 --- [http-nio-8080-exec-8] c.d.learnbuddy.service.CourseService     : Python输出:   File "D:\001_ZJNUThird\ai-learning-partner\ai-learning-partner\learn-buddy-backend\python-crawler\run_scraper.py", line 112
2025-11-24 12:58:18.275 DEBUG 40320 --- [http-nio-8080-exec-8] c.d.learnbuddy.service.CourseService     : Python输出:     http://localhost:3004/
2025-11-24 12:58:18.275 DEBUG 40320 --- [http-nio-8080-exec-8] c.d.learnbuddy.service.CourseService     : Python输出:          ^^
2025-11-24 12:58:18.276 DEBUG 40320 --- [http-nio-8080-exec-8] c.d.learnbuddy.service.CourseService     : Python输出: SyntaxError: invalid syntax
2025-11-24 12:58:18.279  INFO 40320 --- [http-nio-8080-exec-8] c.d.learnbuddy.service.CourseService     : Python进程退出码: 1
2025-11-24 12:58:18.280  WARN 40320 --- [http-nio-8080-exec-8] c.d.learnbuddy.service.CourseService     : Python脚本执行失败，退出码: 1
2025-11-24 12:58:18.280  INFO 40320 --- [http-nio-8080-exec-8] c.d.learnbuddy.service.CourseService     : 使用Java爬虫尝试抓取icourse163课程
2025-11-24 12:58:18.438  INFO 40320 --- [http-nio-8080-exec-8] c.d.learnbuddy.service.CourseService     : 选择器 'a[href*='/course/']' 找到 0 个链接
2025-11-24 12:58:18.441  INFO 40320 --- [http-nio-8080-exec-8] c.d.learnbuddy.service.CourseService     : 选择器 'div.course-card a' 找到 0 个链接
2025-11-24 12:58:18.443  INFO 40320 --- [http-nio-8080-exec-8] c.d.learnbuddy.service.CourseService     : 选择器 '.g-box a' 找到 0 个链接
2025-11-24 12:58:18.444  INFO 40320 --- [http-nio-8080-exec-8] c.d.learnbuddy.service.CourseService     : 选择器 'a.course-link' 找到 0 个链接
2025-11-24 12:58:18.444  INFO 40320 --- [http-nio-8080-exec-8] c.d.learnbuddy.service.CourseService     : Java爬虫找到 0 门课程
2025-11-24 12:58:18.447  INFO 40320 --- [http-nio-8080-exec-8] c.d.learnbuddy.service.CourseService     : 使用模拟数据
2025-11-24 12:58:18.448  INFO 40320 --- [http-nio-8080-exec-8] c.d.learnbuddy.service.CourseService     : 生成 29 门模拟课程
2025-11-24 12:58:18.448  INFO 40320 --- [http-nio-8080-exec-8] c.d.l.controller.CourseController        : 返回推荐课程数量: 29
2025-11-24 13:00:24.011  INFO 40320 --- [http-nio-8080-exec-9] c.d.l.controller.CourseController        : 收到获取推荐课程请求
2025-11-24 13:00:24.012  INFO 40320 --- [http-nio-8080-exec-9] c.d.learnbuddy.service.CourseService     : 找到Python脚本: D:\001_ZJNUThird\ai-learning-partner\ai-learning-partner\learn-buddy-backend\python-crawler\run_scraper.py
2025-11-24 13:00:24.087  INFO 40320 --- [http-nio-8080-exec-9] c.d.learnbuddy.service.CourseService     : 检测到Python命令: python
2025-11-24 13:00:24.088  INFO 40320 --- [http-nio-8080-exec-9] c.d.learnbuddy.service.CourseService     : 使用Python命令: python, 脚本: D:\001_ZJNUThird\ai-learning-partner\ai-learning-partner\learn-buddy-backend\python-crawler\run_scraper.py
2025-11-24 13:00:24.217 DEBUG 40320 --- [http-nio-8080-exec-9] c.d.learnbuddy.service.CourseService     : Python输出:   File "D:\001_ZJNUThird\ai-learning-partner\ai-learning-partner\learn-buddy-backend\python-crawler\run_scraper.py", line 112
2025-11-24 13:00:24.217 DEBUG 40320 --- [http-nio-8080-exec-9] c.d.learnbuddy.service.CourseService     : Python输出:     http://localhost:3004/
2025-11-24 13:00:24.218 DEBUG 40320 --- [http-nio-8080-exec-9] c.d.learnbuddy.service.CourseService     : Python输出:          ^^
2025-11-24 13:00:24.218 DEBUG 40320 --- [http-nio-8080-exec-9] c.d.learnbuddy.service.CourseService     : Python输出: SyntaxError: invalid syntax
2025-11-24 13:00:24.222  INFO 40320 --- [http-nio-8080-exec-9] c.d.learnbuddy.service.CourseService     : Python进程退出码: 1
2025-11-24 13:00:24.222  WARN 40320 --- [http-nio-8080-exec-9] c.d.learnbuddy.service.CourseService     : Python脚本执行失败，退出码: 1
2025-11-24 13:00:24.224  INFO 40320 --- [http-nio-8080-exec-9] c.d.learnbuddy.service.CourseService     : 使用Java爬虫尝试抓取icourse163课程
2025-11-24 13:00:24.357  INFO 40320 --- [http-nio-8080-exec-9] c.d.learnbuddy.service.CourseService     : 选择器 'a[href*='/course/']' 找到 0 个链接
2025-11-24 13:00:24.358  INFO 40320 --- [http-nio-8080-exec-9] c.d.learnbuddy.service.CourseService     : 选择器 'div.course-card a' 找到 0 个链接
2025-11-24 13:00:24.358  INFO 40320 --- [http-nio-8080-exec-9] c.d.learnbuddy.service.CourseService     : 选择器 '.g-box a' 找到 0 个链接
2025-11-24 13:00:24.359  INFO 40320 --- [http-nio-8080-exec-9] c.d.learnbuddy.service.CourseService     : 选择器 'a.course-link' 找到 0 个链接
2025-11-24 13:00:24.359  INFO 40320 --- [http-nio-8080-exec-9] c.d.learnbuddy.service.CourseService     : Java爬虫找到 0 门课程
2025-11-24 13:00:24.360  INFO 40320 --- [http-nio-8080-exec-9] c.d.learnbuddy.service.CourseService     : 使用模拟数据
2025-11-24 13:00:24.360  INFO 40320 --- [http-nio-8080-exec-9] c.d.learnbuddy.service.CourseService     : 生成 29 门模拟课程
2025-11-24 13:00:24.361  INFO 40320 --- [http-nio-8080-exec-9] c.d.l.controller.CourseController        : 返回推荐课程数量: 29
2025-11-24 13:07:59.518  INFO 40320 --- [http-nio-8080-exec-1] c.d.l.controller.CourseController        : 收到获取推荐课程请求
2025-11-24 13:07:59.519  INFO 40320 --- [http-nio-8080-exec-1] c.d.learnbuddy.service.CourseService     : 找到Python脚本: D:\001_ZJNUThird\ai-learning-partner\ai-learning-partner\learn-buddy-backend\python-crawler\run_scraper.py
2025-11-24 13:07:59.566  INFO 40320 --- [http-nio-8080-exec-1] c.d.learnbuddy.service.CourseService     : 检测到Python命令: python
2025-11-24 13:07:59.566  INFO 40320 --- [http-nio-8080-exec-1] c.d.learnbuddy.service.CourseService     : 使用Python命令: python, 脚本: D:\001_ZJNUThird\ai-learning-partner\ai-learning-partner\learn-buddy-backend\python-crawler\run_scraper.py
2025-11-24 13:08:00.920 DEBUG 40320 --- [http-nio-8080-exec-1] c.d.learnbuddy.service.CourseService     : Python输出: null
2025-11-24 13:08:00.961  INFO 40320 --- [http-nio-8080-exec-1] c.d.learnbuddy.service.CourseService     : Python进程退出码: 0
2025-11-24 13:08:00.963  INFO 40320 --- [http-nio-8080-exec-1] c.d.learnbuddy.service.CourseService     : Python输出长度: 4 字符
2025-11-24 13:08:00.964 DEBUG 40320 --- [http-nio-8080-exec-1] c.d.learnbuddy.service.CourseService     : Python输出内容: null
2025-11-24 13:08:01.008  WARN 40320 --- [http-nio-8080-exec-1] c.d.learnbuddy.service.CourseService     : 调用Python爬虫失败: Cannot invoke "java.util.List.iterator()" because "list" is null
2025-11-24 13:08:01.009  INFO 40320 --- [http-nio-8080-exec-1] c.d.learnbuddy.service.CourseService     : 使用Java爬虫尝试抓取icourse163课程
2025-11-24 13:08:01.357  INFO 40320 --- [http-nio-8080-exec-1] c.d.learnbuddy.service.CourseService     : 选择器 'a[href*='/course/']' 找到 0 个链接
2025-11-24 13:08:01.358  INFO 40320 --- [http-nio-8080-exec-1] c.d.learnbuddy.service.CourseService     : 选择器 'div.course-card a' 找到 0 个链接
2025-11-24 13:08:01.358  INFO 40320 --- [http-nio-8080-exec-1] c.d.learnbuddy.service.CourseService     : 选择器 '.g-box a' 找到 0 个链接
2025-11-24 13:08:01.359  INFO 40320 --- [http-nio-8080-exec-1] c.d.learnbuddy.service.CourseService     : 选择器 'a.course-link' 找到 0 个链接
2025-11-24 13:08:01.359  INFO 40320 --- [http-nio-8080-exec-1] c.d.learnbuddy.service.CourseService     : Java爬虫找到 0 门课程
2025-11-24 13:08:01.360  INFO 40320 --- [http-nio-8080-exec-1] c.d.learnbuddy.service.CourseService     : 使用模拟数据
2025-11-24 13:08:01.360  INFO 40320 --- [http-nio-8080-exec-1] c.d.learnbuddy.service.CourseService     : 生成 29 门模拟课程
2025-11-24 13:08:01.360  INFO 40320 --- [http-nio-8080-exec-1] c.d.l.controller.CourseController        : 返回推荐课程数量: 29
2025-11-24 13:08:10.457  INFO 40320 --- [http-nio-8080-exec-6] c.d.l.controller.CourseController        : 收到获取推荐课程请求
2025-11-24 13:08:10.458  INFO 40320 --- [http-nio-8080-exec-6] c.d.learnbuddy.service.CourseService     : 找到Python脚本: D:\001_ZJNUThird\ai-learning-partner\ai-learning-partner\learn-buddy-backend\python-crawler\run_scraper.py
2025-11-24 13:08:10.535  INFO 40320 --- [http-nio-8080-exec-6] c.d.learnbuddy.service.CourseService     : 检测到Python命令: python
2025-11-24 13:08:10.536  INFO 40320 --- [http-nio-8080-exec-6] c.d.learnbuddy.service.CourseService     : 使用Python命令: python, 脚本: D:\001_ZJNUThird\ai-learning-partner\ai-learning-partner\learn-buddy-backend\python-crawler\run_scraper.py
2025-11-24 13:08:11.541 DEBUG 40320 --- [http-nio-8080-exec-6] c.d.learnbuddy.service.CourseService     : Python输出: null
2025-11-24 13:08:11.579  INFO 40320 --- [http-nio-8080-exec-6] c.d.learnbuddy.service.CourseService     : Python进程退出码: 0
2025-11-24 13:08:11.579  INFO 40320 --- [http-nio-8080-exec-6] c.d.learnbuddy.service.CourseService     : Python输出长度: 4 字符
2025-11-24 13:08:11.580 DEBUG 40320 --- [http-nio-8080-exec-6] c.d.learnbuddy.service.CourseService     : Python输出内容: null
2025-11-24 13:08:11.580  WARN 40320 --- [http-nio-8080-exec-6] c.d.learnbuddy.service.CourseService     : 调用Python爬虫失败: Cannot invoke "java.util.List.iterator()" because "list" is null
2025-11-24 13:08:11.581  INFO 40320 --- [http-nio-8080-exec-6] c.d.learnbuddy.service.CourseService     : 使用Java爬虫尝试抓取icourse163课程
2025-11-24 13:08:11.724  INFO 40320 --- [http-nio-8080-exec-6] c.d.learnbuddy.service.CourseService     : 选择器 'a[href*='/course/']' 找到 0 个链接
2025-11-24 13:08:11.726  INFO 40320 --- [http-nio-8080-exec-6] c.d.learnbuddy.service.CourseService     : 选择器 'div.course-card a' 找到 0 个链接
2025-11-24 13:08:11.726  INFO 40320 --- [http-nio-8080-exec-6] c.d.learnbuddy.service.CourseService     : 选择器 '.g-box a' 找到 0 个链接
2025-11-24 13:08:11.727  INFO 40320 --- [http-nio-8080-exec-6] c.d.learnbuddy.service.CourseService     : 选择器 'a.course-link' 找到 0 个链接
2025-11-24 13:08:11.727  INFO 40320 --- [http-nio-8080-exec-6] c.d.learnbuddy.service.CourseService     : Java爬虫找到 0 门课程
2025-11-24 13:08:11.727  INFO 40320 --- [http-nio-8080-exec-6] c.d.learnbuddy.service.CourseService     : 使用模拟数据
2025-11-24 13:08:11.728  INFO 40320 --- [http-nio-8080-exec-6] c.d.learnbuddy.service.CourseService     : 生成 29 门模拟课程
2025-11-24 13:08:11.728  INFO 40320 --- [http-nio-8080-exec-6] c.d.l.controller.CourseController        : 返回推荐课程数量: 29
2025-11-24 13:17:11.596  INFO 40320 --- [http-nio-8080-exec-10] c.d.l.controller.CourseController        : 收到获取推荐课程请求
2025-11-24 13:17:11.596  INFO 40320 --- [http-nio-8080-exec-10] c.d.learnbuddy.service.CourseService     : 找到Python脚本: D:\001_ZJNUThird\ai-learning-partner\ai-learning-partner\learn-buddy-backend\python-crawler\run_scraper.py
2025-11-24 13:17:11.638  INFO 40320 --- [http-nio-8080-exec-10] c.d.learnbuddy.service.CourseService     : 检测到Python命令: python
2025-11-24 13:17:11.639  INFO 40320 --- [http-nio-8080-exec-10] c.d.learnbuddy.service.CourseService     : 使用Python命令: python, 脚本: D:\001_ZJNUThird\ai-learning-partner\ai-learning-partner\learn-buddy-backend\python-crawler\run_scraper.py
2025-11-24 13:17:12.571 DEBUG 40320 --- [http-nio-8080-exec-10] c.d.learnbuddy.service.CourseService     : Python输出: null
2025-11-24 13:17:12.613  INFO 40320 --- [http-nio-8080-exec-10] c.d.learnbuddy.service.CourseService     : Python进程退出码: 0
2025-11-24 13:17:12.613  INFO 40320 --- [http-nio-8080-exec-10] c.d.learnbuddy.service.CourseService     : Python输出长度: 4 字符
2025-11-24 13:17:12.613 DEBUG 40320 --- [http-nio-8080-exec-10] c.d.learnbuddy.service.CourseService     : Python输出内容: null
2025-11-24 13:17:12.615  WARN 40320 --- [http-nio-8080-exec-10] c.d.learnbuddy.service.CourseService     : 调用Python爬虫失败: Cannot invoke "java.util.List.iterator()" because "list" is null
2025-11-24 13:17:12.615  INFO 40320 --- [http-nio-8080-exec-10] c.d.learnbuddy.service.CourseService     : 使用Java爬虫尝试抓取icourse163课程
2025-11-24 13:17:12.741  INFO 40320 --- [http-nio-8080-exec-10] c.d.learnbuddy.service.CourseService     : 选择器 'a[href*='/course/']' 找到 0 个链接
2025-11-24 13:17:12.741  INFO 40320 --- [http-nio-8080-exec-10] c.d.learnbuddy.service.CourseService     : 选择器 'div.course-card a' 找到 0 个链接
2025-11-24 13:17:12.741  INFO 40320 --- [http-nio-8080-exec-10] c.d.learnbuddy.service.CourseService     : 选择器 '.g-box a' 找到 0 个链接
2025-11-24 13:17:12.742  INFO 40320 --- [http-nio-8080-exec-10] c.d.learnbuddy.service.CourseService     : 选择器 'a.course-link' 找到 0 个链接
2025-11-24 13:17:12.743  INFO 40320 --- [http-nio-8080-exec-10] c.d.learnbuddy.service.CourseService     : Java爬虫找到 0 门课程
2025-11-24 13:17:12.743  INFO 40320 --- [http-nio-8080-exec-10] c.d.learnbuddy.service.CourseService     : 使用模拟数据
2025-11-24 13:17:12.745  INFO 40320 --- [http-nio-8080-exec-10] c.d.learnbuddy.service.CourseService     : 生成 29 门模拟课程
2025-11-24 13:17:12.745  INFO 40320 --- [http-nio-8080-exec-10] c.d.l.controller.CourseController        : 返回推荐课程数量: 29
2025-11-24 13:27:52.552  INFO 40320 --- [http-nio-8080-exec-7] c.d.l.controller.CourseController        : 收到获取推荐课程请求
2025-11-24 13:27:52.553  INFO 40320 --- [http-nio-8080-exec-7] c.d.learnbuddy.service.CourseService     : 找到Python脚本: D:\001_ZJNUThird\ai-learning-partner\ai-learning-partner\learn-buddy-backend\python-crawler\run_scraper.py
2025-11-24 13:27:52.598  INFO 40320 --- [http-nio-8080-exec-7] c.d.learnbuddy.service.CourseService     : 检测到Python命令: python
2025-11-24 13:27:52.598  INFO 40320 --- [http-nio-8080-exec-7] c.d.learnbuddy.service.CourseService     : 使用Python命令: python, 脚本: D:\001_ZJNUThird\ai-learning-partner\ai-learning-partner\learn-buddy-backend\python-crawler\run_scraper.py
2025-11-24 13:27:53.908 DEBUG 40320 --- [http-nio-8080-exec-7] c.d.learnbuddy.service.CourseService     : Python输出: null
2025-11-24 13:27:53.934  INFO 40320 --- [http-nio-8080-exec-7] c.d.learnbuddy.service.CourseService     : Python进程退出码: 0
2025-11-24 13:27:53.935  INFO 40320 --- [http-nio-8080-exec-7] c.d.learnbuddy.service.CourseService     : Python输出长度: 4 字符
2025-11-24 13:27:53.936 DEBUG 40320 --- [http-nio-8080-exec-7] c.d.learnbuddy.service.CourseService     : Python输出内容: null
2025-11-24 13:27:53.936  WARN 40320 --- [http-nio-8080-exec-7] c.d.learnbuddy.service.CourseService     : 调用Python爬虫失败: Cannot invoke "java.util.List.iterator()" because "list" is null
2025-11-24 13:27:53.937  INFO 40320 --- [http-nio-8080-exec-7] c.d.learnbuddy.service.CourseService     : 使用Java爬虫尝试抓取icourse163课程
2025-11-24 13:27:54.086  INFO 40320 --- [http-nio-8080-exec-7] c.d.learnbuddy.service.CourseService     : 选择器 'a[href*='/course/']' 找到 0 个链接
2025-11-24 13:27:54.087  INFO 40320 --- [http-nio-8080-exec-7] c.d.learnbuddy.service.CourseService     : 选择器 'div.course-card a' 找到 0 个链接
2025-11-24 13:27:54.088  INFO 40320 --- [http-nio-8080-exec-7] c.d.learnbuddy.service.CourseService     : 选择器 '.g-box a' 找到 0 个链接
2025-11-24 13:27:54.088  INFO 40320 --- [http-nio-8080-exec-7] c.d.learnbuddy.service.CourseService     : 选择器 'a.course-link' 找到 0 个链接
2025-11-24 13:27:54.089  INFO 40320 --- [http-nio-8080-exec-7] c.d.learnbuddy.service.CourseService     : Java爬虫找到 0 门课程
2025-11-24 13:27:54.089  INFO 40320 --- [http-nio-8080-exec-7] c.d.learnbuddy.service.CourseService     : 使用模拟数据
2025-11-24 13:27:54.090  INFO 40320 --- [http-nio-8080-exec-7] c.d.learnbuddy.service.CourseService     : 生成 29 门模拟课程
2025-11-24 13:27:54.090  INFO 40320 --- [http-nio-8080-exec-7] c.d.l.controller.CourseController        : 返回推荐课程数量: 29
2025-11-24 13:34:36.203  INFO 40320 --- [http-nio-8080-exec-3] c.d.l.controller.CourseController        : 收到获取推荐课程请求
2025-11-24 13:34:36.205  INFO 40320 --- [http-nio-8080-exec-3] c.d.learnbuddy.service.CourseService     : 找到Python脚本: D:\001_ZJNUThird\ai-learning-partner\ai-learning-partner\learn-buddy-backend\python-crawler\run_scraper.py
2025-11-24 13:34:36.263  INFO 40320 --- [http-nio-8080-exec-3] c.d.learnbuddy.service.CourseService     : 检测到Python命令: python
2025-11-24 13:34:36.263  INFO 40320 --- [http-nio-8080-exec-3] c.d.learnbuddy.service.CourseService     : 使用Python命令: python, 脚本: D:\001_ZJNUThird\ai-learning-partner\ai-learning-partner\learn-buddy-backend\python-crawler\run_scraper.py
2025-11-24 13:34:37.206 DEBUG 40320 --- [http-nio-8080-exec-3] c.d.learnbuddy.service.CourseService     : Python输出: null
2025-11-24 13:34:37.227  INFO 40320 --- [http-nio-8080-exec-3] c.d.learnbuddy.service.CourseService     : Python进程退出码: 0
2025-11-24 13:34:37.239  INFO 40320 --- [http-nio-8080-exec-3] c.d.learnbuddy.service.CourseService     : Python输出长度: 4 字符
2025-11-24 13:34:37.239 DEBUG 40320 --- [http-nio-8080-exec-3] c.d.learnbuddy.service.CourseService     : Python输出内容: null
2025-11-24 13:34:37.240  WARN 40320 --- [http-nio-8080-exec-3] c.d.learnbuddy.service.CourseService     : 调用Python爬虫失败: Cannot invoke "java.util.List.iterator()" because "list" is null
2025-11-24 13:34:37.240  INFO 40320 --- [http-nio-8080-exec-3] c.d.learnbuddy.service.CourseService     : 使用Java爬虫尝试抓取icourse163课程
2025-11-24 13:34:37.365  INFO 40320 --- [http-nio-8080-exec-3] c.d.learnbuddy.service.CourseService     : 选择器 'a[href*='/course/']' 找到 0 个链接
2025-11-24 13:34:37.367  INFO 40320 --- [http-nio-8080-exec-3] c.d.learnbuddy.service.CourseService     : 选择器 'div.course-card a' 找到 0 个链接
2025-11-24 13:34:37.367  INFO 40320 --- [http-nio-8080-exec-3] c.d.learnbuddy.service.CourseService     : 选择器 '.g-box a' 找到 0 个链接
2025-11-24 13:34:37.368  INFO 40320 --- [http-nio-8080-exec-3] c.d.learnbuddy.service.CourseService     : 选择器 'a.course-link' 找到 0 个链接
2025-11-24 13:34:37.368  INFO 40320 --- [http-nio-8080-exec-3] c.d.learnbuddy.service.CourseService     : Java爬虫找到 0 门课程
2025-11-24 13:34:37.369  INFO 40320 --- [http-nio-8080-exec-3] c.d.learnbuddy.service.CourseService     : 使用模拟数据
2025-11-24 13:34:37.369  INFO 40320 --- [http-nio-8080-exec-3] c.d.learnbuddy.service.CourseService     : 生成 29 门模拟课程
2025-11-24 13:34:37.369  INFO 40320 --- [http-nio-8080-exec-3] c.d.l.controller.CourseController        : 返回推荐课程数量: 29
2025-11-24 13:44:14.002  INFO 40320 --- [http-nio-8080-exec-2] c.d.l.controller.CourseController        : 收到获取推荐课程请求
2025-11-24 13:44:14.004  INFO 40320 --- [http-nio-8080-exec-2] c.d.learnbuddy.service.CourseService     : 找到Python脚本: D:\001_ZJNUThird\ai-learning-partner\ai-learning-partner\learn-buddy-backend\python-crawler\run_scraper.py
2025-11-24 13:44:14.049  INFO 40320 --- [http-nio-8080-exec-2] c.d.learnbuddy.service.CourseService     : 检测到Python命令: python
2025-11-24 13:44:14.050  INFO 40320 --- [http-nio-8080-exec-2] c.d.learnbuddy.service.CourseService     : 使用Python命令: python, 脚本: D:\001_ZJNUThird\ai-learning-partner\ai-learning-partner\learn-buddy-backend\python-crawler\run_scraper.py
2025-11-24 13:44:15.276 DEBUG 40320 --- [http-nio-8080-exec-2] c.d.learnbuddy.service.CourseService     : Python输出: null
2025-11-24 13:44:15.296  INFO 40320 --- [http-nio-8080-exec-2] c.d.learnbuddy.service.CourseService     : Python进程退出码: 0
2025-11-24 13:44:15.297  INFO 40320 --- [http-nio-8080-exec-2] c.d.learnbuddy.service.CourseService     : Python输出长度: 4 字符
2025-11-24 13:44:15.297 DEBUG 40320 --- [http-nio-8080-exec-2] c.d.learnbuddy.service.CourseService     : Python输出内容: null
2025-11-24 13:44:15.297  WARN 40320 --- [http-nio-8080-exec-2] c.d.learnbuddy.service.CourseService     : 调用Python爬虫失败: Cannot invoke "java.util.List.iterator()" because "list" is null
2025-11-24 13:44:15.297  INFO 40320 --- [http-nio-8080-exec-2] c.d.learnbuddy.service.CourseService     : 使用Java爬虫尝试抓取icourse163课程
2025-11-24 13:44:15.446  INFO 40320 --- [http-nio-8080-exec-2] c.d.learnbuddy.service.CourseService     : 选择器 'a[href*='/course/']' 找到 0 个链接
2025-11-24 13:44:15.447  INFO 40320 --- [http-nio-8080-exec-2] c.d.learnbuddy.service.CourseService     : 选择器 'div.course-card a' 找到 0 个链接
2025-11-24 13:44:15.447  INFO 40320 --- [http-nio-8080-exec-2] c.d.learnbuddy.service.CourseService     : 选择器 '.g-box a' 找到 0 个链接
2025-11-24 13:44:15.448  INFO 40320 --- [http-nio-8080-exec-2] c.d.learnbuddy.service.CourseService     : 选择器 'a.course-link' 找到 0 个链接
2025-11-24 13:44:15.448  INFO 40320 --- [http-nio-8080-exec-2] c.d.learnbuddy.service.CourseService     : Java爬虫找到 0 门课程
2025-11-24 13:44:15.448  INFO 40320 --- [http-nio-8080-exec-2] c.d.learnbuddy.service.CourseService     : 使用模拟数据
2025-11-24 13:44:15.449  INFO 40320 --- [http-nio-8080-exec-2] c.d.learnbuddy.service.CourseService     : 生成 29 门模拟课程
2025-11-24 13:44:15.449  INFO 40320 --- [http-nio-8080-exec-2] c.d.l.controller.CourseController        : 返回推荐课程数量: 29
2025-11-24 13:44:34.317  INFO 40320 --- [http-nio-8080-exec-1] c.d.l.controller.CourseController        : 收到获取推荐课程请求
2025-11-24 13:44:34.318  INFO 40320 --- [http-nio-8080-exec-1] c.d.learnbuddy.service.CourseService     : 找到Python脚本: D:\001_ZJNUThird\ai-learning-partner\ai-learning-partner\learn-buddy-backend\python-crawler\run_scraper.py
2025-11-24 13:44:34.360  INFO 40320 --- [http-nio-8080-exec-1] c.d.learnbuddy.service.CourseService     : 检测到Python命令: python
2025-11-24 13:44:34.360  INFO 40320 --- [http-nio-8080-exec-1] c.d.learnbuddy.service.CourseService     : 使用Python命令: python, 脚本: D:\001_ZJNUThird\ai-learning-partner\ai-learning-partner\learn-buddy-backend\python-crawler\run_scraper.py
2025-11-24 13:44:35.289 DEBUG 40320 --- [http-nio-8080-exec-1] c.d.learnbuddy.service.CourseService     : Python输出: null
2025-11-24 13:44:35.311  INFO 40320 --- [http-nio-8080-exec-1] c.d.learnbuddy.service.CourseService     : Python进程退出码: 0
2025-11-24 13:44:35.311  INFO 40320 --- [http-nio-8080-exec-1] c.d.learnbuddy.service.CourseService     : Python输出长度: 4 字符
2025-11-24 13:44:35.312 DEBUG 40320 --- [http-nio-8080-exec-1] c.d.learnbuddy.service.CourseService     : Python输出内容: null
2025-11-24 13:44:35.314  WARN 40320 --- [http-nio-8080-exec-1] c.d.learnbuddy.service.CourseService     : 调用Python爬虫失败: Cannot invoke "java.util.List.iterator()" because "list" is null
2025-11-24 13:44:35.315  INFO 40320 --- [http-nio-8080-exec-1] c.d.learnbuddy.service.CourseService     : 使用Java爬虫尝试抓取icourse163课程
2025-11-24 13:44:35.453  INFO 40320 --- [http-nio-8080-exec-1] c.d.learnbuddy.service.CourseService     : 选择器 'a[href*='/course/']' 找到 0 个链接
2025-11-24 13:44:35.455  INFO 40320 --- [http-nio-8080-exec-1] c.d.learnbuddy.service.CourseService     : 选择器 'div.course-card a' 找到 0 个链接
2025-11-24 13:44:35.456  INFO 40320 --- [http-nio-8080-exec-1] c.d.learnbuddy.service.CourseService     : 选择器 '.g-box a' 找到 0 个链接
2025-11-24 13:44:35.456  INFO 40320 --- [http-nio-8080-exec-1] c.d.learnbuddy.service.CourseService     : 选择器 'a.course-link' 找到 0 个链接
2025-11-24 13:44:35.456  INFO 40320 --- [http-nio-8080-exec-1] c.d.learnbuddy.service.CourseService     : Java爬虫找到 0 门课程
2025-11-24 13:44:35.456  INFO 40320 --- [http-nio-8080-exec-1] c.d.learnbuddy.service.CourseService     : 使用模拟数据
2025-11-24 13:44:35.456  INFO 40320 --- [http-nio-8080-exec-1] c.d.learnbuddy.service.CourseService     : 生成 29 门模拟课程
2025-11-24 13:44:35.457  INFO 40320 --- [http-nio-8080-exec-1] c.d.l.controller.CourseController        : 返回推荐课程数量: 29
